2026-09-20T22:53:37Z
ℹ [1957/1972] Replayed Frontier.Audit
info: Frontier/Audit.lean:552:0: 'Frontier.Audit.Inst.bf_eq_adist' depends on axioms: [propext, Classical.choice, Quot.sound]
info: Frontier/Audit.lean:553:0: 'Frontier.Audit.Inst.adist_eq_top_iff' depends on axioms: [propext, Classical.choice, Quot.sound]
info: Frontier/Audit.lean:554:0: 'Frontier.Audit.Inst.le_adist_of_potential' depends on axioms: [propext, Classical.choice, Quot.sound]
info: Frontier/Audit.lean:555:0: 'Frontier.Audit.Examples.pathInst_adist' depends on axioms: [propext, Classical.choice, Quot.sound]
info: Frontier/Audit.lean:556:0: 'Frontier.Audit.Examples.pathInst_not_const' depends on axioms: [propext, Classical.choice, Quot.sound]
info: Frontier/Audit.lean:557:0: 'Frontier.Audit.Examples.mixInst_adist' depends on axioms: [propext, Classical.choice, Quot.sound]
info: Frontier/Audit.lean:558:0: 'Frontier.Audit.gateE_imp_gateA' depends on axioms: [propext, Classical.choice, Quot.sound]
info: Frontier/Audit.lean:559:0: 'Frontier.Audit.gateE_imp_gateB' depends on axioms: [propext, Classical.choice, Quot.sound]
info: Frontier/Audit.lean:560:0: 'Frontier.Audit.gateE_imp_gateC' depends on axioms: [propext, Classical.choice, Quot.sound]
info: Frontier/Audit.lean:561:0: 'Frontier.Audit.gateF_imp_not_gateE' depends on axioms: [propext, Classical.choice, Quot.sound]
info: Frontier/Audit.lean:562:0: 'Frontier.Audit.gateFNonuniform_imp_gateF' depends on axioms: [propext, Classical.choice, Quot.sound]
info: Frontier/Audit.lean:563:0: 'Frontier.Audit.oracle_gateE' depends on axioms: [propext, Classical.choice, Quot.sound]
info: Frontier/Audit.lean:564:0: 'Frontier.Audit.not_quad_gateA' depends on axioms: [propext, Classical.choice, Quot.sound]
⚠ [1964/2014] Replayed Frontier.AuditBridge
warning: Frontier/AuditBridge.lean:159:6: `dif_pos` has been deprecated: Use `dite_eq_left` instead
info: Frontier/AuditBridge.lean:219:0: 'Frontier.Audit.adist_eq_dist' depends on axioms: [propext, Classical.choice, Quot.sound]
info: Frontier/AuditBridge.lean:220:0: 'Frontier.Audit.isSSSP_iff' depends on axioms: [propext, Classical.choice, Quot.sound]
info: Frontier/AuditBridge.lean:221:0: 'Frontier.Audit.RAMAudit.run_space_le_cost' depends on axioms: [propext, Classical.choice, Quot.sound]
info: Frontier/AuditBridge.lean:222:0: 'Frontier.Audit.solves_of_exact' depends on axioms: [propext, Classical.choice, Quot.sound]
info: Frontier/AuditBridge.lean:223:0: 'Frontier.Audit.gateE_bridge' depends on axioms: [propext, Classical.choice, Quot.sound]
⚠ [1965/2014] Replayed Frontier.RAMLogic
warning: Frontier/RAMLogic.lean:43:28: This simp argument is unused:
  Option.bind_some

Hint: Omit it from the simp argument list.
  [apply] simp only [evalW, ha, hb, fit]

Note: This linter can be disabled with `set_option linter.unusedSimpArgs false`
warning: Frontier/RAMLogic.lean:50:28: This simp argument is unused:
  Option.bind_some

Hint: Omit it from the simp argument list.
  [apply] simp only [evalW, ha, hb, fit]

Note: This linter can be disabled with `set_option linter.unusedSimpArgs false`
⚠ [1966/2014] Replayed Frontier.RAMWitness
warning: Frontier/RAMWitness.lean:384:56: `if_neg` has been deprecated: Use `ite_eq_right` instead
⚠ [1967/2014] Replayed Frontier.LowerBound
warning: Frontier/LowerBound.lean:145:14: `if_pos` has been deprecated: Use `ite_eq_left` instead
warning: Frontier/LowerBound.lean:152:14: `if_neg` has been deprecated: Use `ite_eq_right` instead
warning: Frontier/LowerBound.lean:325:24: `if_true` has been deprecated: Use `ite_true` instead
warning: Frontier/LowerBound.lean:334:12: `if_neg` has been deprecated: Use `ite_eq_right` instead
warning: Frontier/LowerBound.lean:409:30: `if_pos` has been deprecated: Use `ite_eq_left` instead
warning: Frontier/LowerBound.lean:413:32: `if_neg` has been deprecated: Use `ite_eq_right` instead
warning: Frontier/LowerBound.lean:413:43: `if_pos` has been deprecated: Use `ite_eq_left` instead
warning: Frontier/LowerBound.lean:416:32: `if_neg` has been deprecated: Use `ite_eq_right` instead
warning: Frontier/LowerBound.lean:416:43: `if_neg` has been deprecated: Use `ite_eq_right` instead
warning: Frontier/LowerBound.lean:430:4: `push_neg` has been deprecated. Prefer using `push Not` instead.
If you'd rather continue using `push_neg` in your project, you can implement it as follows:
```
open Lean.Parser.Tactic in
macro "push_neg" cfg:optConfig loc:(location)? : tactic =>
  `(tactic| push $cfg:optConfig Not $[$loc]?)
```
warning: Frontier/LowerBound.lean:550:59: `if_neg` has been deprecated: Use `ite_eq_right` instead
ℹ [1971/2014] Replayed Frontier.CHD.Preprocess
info: Frontier/CHD/Preprocess.lean:525:0: 'Frontier.CHD.Simplification.dist_eq' depends on axioms: [propext, Classical.choice, Quot.sound]
info: Frontier/CHD/Preprocess.lean:526:0: 'Frontier.CHD.DegRed.dist_eq' depends on axioms: [propext, Classical.choice, Quot.sound]
info: Frontier/CHD/Preprocess.lean:527:0: 'Frontier.CHD.DegRed.dist_rep' depends on axioms: [propext, Classical.choice, Quot.sound]
info: Frontier/CHD/Preprocess.lean:528:0: 'Frontier.CHD.ChainRed.dist_eq' depends on axioms: [propext, Classical.choice, Quot.sound]
info: Frontier/CHD/Preprocess.lean:529:0: 'Frontier.CHD.ChainRed.dist_rep' depends on axioms: [propext, Classical.choice, Quot.sound]
info: Frontier/CHD/Preprocess.lean:530:0: 'Frontier.CHD.Reduction.dist_rep' depends on axioms: [propext, Classical.choice, Quot.sound]
info: Frontier/CHD/Preprocess.lean:531:0: 'Frontier.CHD.KReduction.dist_eq' depends on axioms: [propext, Classical.choice, Quot.sound]
info: Frontier/CHD/Preprocess.lean:532:0: 'Frontier.CHD.KReduction.dist_top' depends on axioms: [propext, Classical.choice, Quot.sound]
⚠ [2258/2419] Replayed Frontier.CHD.BM
warning: Frontier/CHD/BM.lean:349:24: `if_pos` has been deprecated: Use `ite_eq_left` instead
warning: Frontier/CHD/BM.lean:619:29: `if_pos` has been deprecated: Use `ite_eq_left` instead
warning: Frontier/CHD/BM.lean:624:29: `if_pos` has been deprecated: Use `ite_eq_left` instead
warning: Frontier/CHD/BM.lean:632:14: `if_pos` has been deprecated: Use `ite_eq_left` instead
warning: Frontier/CHD/BM.lean:758:34: `if_pos` has been deprecated: Use `ite_eq_left` instead
warning: Frontier/CHD/BM.lean:762:32: `if_pos` has been deprecated: Use `ite_eq_left` instead
warning: Frontier/CHD/BM.lean:788:27: `if_pos` has been deprecated: Use `ite_eq_left` instead
warning: Frontier/CHD/BM.lean:867:74: `if_neg` has been deprecated: Use `ite_eq_right` instead
warning: Frontier/CHD/BM.lean:971:39: `if_neg` has been deprecated: Use `ite_eq_right` instead
warning: Frontier/CHD/BM.lean:980:37: `if_neg` has been deprecated: Use `ite_eq_right` instead
warning: Frontier/CHD/BM.lean:1221:34: `if_pos` has been deprecated: Use `ite_eq_left` instead
warning: Frontier/CHD/BM.lean:1227:32: `if_pos` has been deprecated: Use `ite_eq_left` instead
warning: Frontier/CHD/BM.lean:1324:20: `if_neg` has been deprecated: Use `ite_eq_right` instead
warning: Frontier/CHD/BM.lean:1355:20: `push_neg` has been deprecated. Prefer using `push Not` instead.
If you'd rather continue using `push_neg` in your project, you can implement it as follows:
```
open Lean.Parser.Tactic in
macro "push_neg" cfg:optConfig loc:(location)? : tactic =>
  `(tactic| push $cfg:optConfig Not $[$loc]?)
```
warning: Frontier/CHD/BM.lean:1422:54: `if_neg` has been deprecated: Use `ite_eq_right` instead
warning: Frontier/CHD/BM.lean:1594:6: `push_neg` has been deprecated. Prefer using `push Not` instead.
If you'd rather continue using `push_neg` in your project, you can implement it as follows:
```
open Lean.Parser.Tactic in
macro "push_neg" cfg:optConfig loc:(location)? : tactic =>
  `(tactic| push $cfg:optConfig Not $[$loc]?)
```
warning: Frontier/CHD/BM.lean:1605:28: `if_neg` has been deprecated: Use `ite_eq_right` instead
warning: Frontier/CHD/BM.lean:1628:32: `if_neg` has been deprecated: Use `ite_eq_right` instead
warning: Frontier/CHD/BM.lean:1635:32: `if_neg` has been deprecated: Use `ite_eq_right` instead
warning: Frontier/CHD/BM.lean:1663:26: `if_neg` has been deprecated: Use `ite_eq_right` instead
warning: Frontier/CHD/BM.lean:1669:26: `if_neg` has been deprecated: Use `ite_eq_right` instead
warning: Frontier/CHD/BM.lean:1792:19: `if_neg` has been deprecated: Use `ite_eq_right` instead
warning: Frontier/CHD/BM.lean:1809:6: `push_neg` has been deprecated. Prefer using `push Not` instead.
If you'd rather continue using `push_neg` in your project, you can implement it as follows:
```
open Lean.Parser.Tactic in
macro "push_neg" cfg:optConfig loc:(location)? : tactic =>
  `(tactic| push $cfg:optConfig Not $[$loc]?)
```
warning: Frontier/CHD/BM.lean:1836:4: `push_neg` has been deprecated. Prefer using `push Not` instead.
If you'd rather continue using `push_neg` in your project, you can implement it as follows:
```
open Lean.Parser.Tactic in
macro "push_neg" cfg:optConfig loc:(location)? : tactic =>
  `(tactic| push $cfg:optConfig Not $[$loc]?)
```
warning: Frontier/CHD/BM.lean:1859:33: `if_neg` has been deprecated: Use `ite_eq_right` instead
warning: Frontier/CHD/BM.lean:1938:25: `if_neg` has been deprecated: Use `ite_eq_right` instead
warning: Frontier/CHD/BM.lean:1973:6: `push_neg` has been deprecated. Prefer using `push Not` instead.
If you'd rather continue using `push_neg` in your project, you can implement it as follows:
```
open Lean.Parser.Tactic in
macro "push_neg" cfg:optConfig loc:(location)? : tactic =>
  `(tactic| push $cfg:optConfig Not $[$loc]?)
```
warning: Frontier/CHD/BM.lean:2022:19: `if_neg` has been deprecated: Use `ite_eq_right` instead
warning: Frontier/CHD/BM.lean:1956:6: Try this: intro hB'fB y
warning: Frontier/CHD/BM.lean:2059:7: Variable name `B` is not explicitly referenced.

Hint: The binding can be removed (if unused) or named `_` (if used implicitly). Alternatively, prefix the name with `_` to silence this warning:
  [apply] _B

Note: This linter can be disabled with `set_option linter.unusedVariables false`
warning: Frontier/CHD/BM.lean:2059:10: Variable name `S` is not explicitly referenced.

Hint: The binding can be removed (if unused) or named `_` (if used implicitly). Alternatively, prefix the name with `_` to silence this warning:
  [apply] _S

Note: This linter can be disabled with `set_option linter.unusedVariables false`
warning: Frontier/CHD/BM.lean:2059:13: Variable name `d` is not explicitly referenced.

Hint: The binding can be removed (if unused) or named `_` (if used implicitly). Alternatively, prefix the name with `_` to silence this warning:
  [apply] _d

Note: This linter can be disabled with `set_option linter.unusedVariables false`
warning: Frontier/CHD/BM.lean:2059:16: Variable name `res` is not explicitly referenced.

Hint: The binding can be removed (if unused) or named `_` (if used implicitly). Alternatively, prefix the name with `_` to silence this warning:
  [apply] _res

Note: This linter can be disabled with `set_option linter.unusedVariables false`
warning: Frontier/CHD/BM.lean:2060:11: Variable name `B` is not explicitly referenced.

Hint: The binding can be removed (if unused) or named `_` (if used implicitly). Alternatively, prefix the name with `_` to silence this warning:
  [apply] _B

Note: This linter can be disabled with `set_option linter.unusedVariables false`
warning: Frontier/CHD/BM.lean:2060:14: Variable name `S` is not explicitly referenced.

Hint: The binding can be removed (if unused) or named `_` (if used implicitly). Alternatively, prefix the name with `_` to silence this warning:
  [apply] _S

Note: This linter can be disabled with `set_option linter.unusedVariables false`
warning: Frontier/CHD/BM.lean:2060:17: Variable name `d` is not explicitly referenced.

Hint: The binding can be removed (if unused) or named `_` (if used implicitly). Alternatively, prefix the name with `_` to silence this warning:
  [apply] _d

Note: This linter can be disabled with `set_option linter.unusedVariables false`
warning: Frontier/CHD/BM.lean:2060:20: Variable name `res` is not explicitly referenced.

Hint: The binding can be removed (if unused) or named `_` (if used implicitly). Alternatively, prefix the name with `_` to silence this warning:
  [apply] _res

Note: This linter can be disabled with `set_option linter.unusedVariables false`
warning: Frontier/CHD/BM.lean:2160:8: `if_neg` has been deprecated: Use `ite_eq_right` instead
warning: Frontier/CHD/BM.lean:2187:6: `if_neg` has been deprecated: Use `ite_eq_right` instead
⚠ [2259/2419] Replayed Frontier.CostCharging
warning: Frontier/CostCharging.lean:90:61: `Set.mem_setOf_eq` has been deprecated: Use `Set.mem_ofPred_eq` instead
warning: Frontier/CostCharging.lean:235:34: `Set.mem_setOf_eq` has been deprecated: Use `Set.mem_ofPred_eq` instead
warning: Frontier/CostCharging.lean:238:34: `Set.mem_setOf_eq` has been deprecated: Use `Set.mem_ofPred_eq` instead
⚠ [2260/2419] Replayed Frontier.CHD.Partition
warning: Frontier/CHD/Partition.lean:106:10: This simp argument is unused:
  this

Hint: Omit it from the simp argument list.
  [apply] simp [init]

Note: This linter can be disabled with `set_option linter.unusedSimpArgs false`
warning: Frontier/CHD/Partition.lean:159:8: `if_pos` has been deprecated: Use `ite_eq_left` instead
warning: Frontier/CHD/Partition.lean:232:8: `if_neg` has been deprecated: Use `ite_eq_right` instead
warning: Frontier/CHD/Partition.lean:257:60: This simp argument is unused:
  List.count_append

Hint: Omit it from the simp argument list.
  [apply] simp only [htp, htv, List.tail_cons, List.count_cons, List.count_nil] at h1 h2 ⊢

Note: This linter can be disabled with `set_option linter.unusedSimpArgs false`
warning: Frontier/CHD/Partition.lean:765:8: `if_pos` has been deprecated: Use `ite_eq_left` instead
warning: Frontier/CHD/Partition.lean:783:8: `if_neg` has been deprecated: Use `ite_eq_right` instead
warning: Frontier/CHD/Partition.lean:1026:24: `if_true` has been deprecated: Use `ite_true` instead
warning: Frontier/CHD/Partition.lean:1052:26: `if_true` has been deprecated: Use `ite_true` instead
warning: Frontier/CHD/Partition.lean:1105:24: `if_false` has been deprecated: Use `ite_false` instead
⚠ [2262/2419] Replayed Frontier.CHD.Select
warning: Frontier/CHD/Select.lean:45:23: Used `tac1 <;> tac2` where `(tac1; tac2)` would suffice

Note: This linter can be disabled with `set_option linter.unnecessarySeqFocus false`
warning: Frontier/CHD/Select.lean:198:0: automatically included section variable(s) unused in theorem `Frontier.CHD.flatten_chunk5`:
  [LinearOrder α]
consider restructuring your `variable` declarations so that the variables are not in scope or explicitly omit them:
  omit [LinearOrder α] in theorem ...

Note: This linter can be disabled with `set_option linter.unusedSectionVars false`
warning: Frontier/CHD/Select.lean:206:0: automatically included section variable(s) unused in theorem `Frontier.CHD.mem_chunk5`:
  [LinearOrder α]
consider restructuring your `variable` declarations so that the variables are not in scope or explicitly omit them:
  omit [LinearOrder α] in theorem ...

Note: This linter can be disabled with `set_option linter.unusedSectionVars false`
warning: Frontier/CHD/Select.lean:216:0: automatically included section variable(s) unused in theorem `Frontier.CHD.length_chunk5`:
  [LinearOrder α]
consider restructuring your `variable` declarations so that the variables are not in scope or explicitly omit them:
  omit [LinearOrder α] in theorem ...

Note: This linter can be disabled with `set_option linter.unusedSectionVars false`
warning: Frontier/CHD/Select.lean:225:0: automatically included section variable(s) unused in theorem `Frontier.CHD.countP_short_chunk5`:
  [LinearOrder α]
consider restructuring your `variable` declarations so that the variables are not in scope or explicitly omit them:
  omit [LinearOrder α] in theorem ...

Note: This linter can be disabled with `set_option linter.unusedSectionVars false`
warning: Frontier/CHD/Select.lean:234:36: This simp argument is unused:
  List.countP_cons

Hint: Omit it from the simp argument list.
  [apply] simp only [chunk5, List.countP_nil]

Note: This linter can be disabled with `set_option linter.unusedSimpArgs false`
warning: Frontier/CHD/Select.lean:296:0: automatically included section variable(s) unused in theorem `Frontier.CHD.cnt_flatten_chunk5`:
  [Inhabited α]
consider restructuring your `variable` declarations so that the variables are not in scope or explicitly omit them:
  omit [Inhabited α] in theorem ...

Note: This linter can be disabled with `set_option linter.unusedSectionVars false`
warning: Frontier/CHD/Select.lean:301:0: automatically included section variable(s) unused in theorem `Frontier.CHD.sum_length_chunk5`:
  [Inhabited α]
consider restructuring your `variable` declarations so that the variables are not in scope or explicitly omit them:
  omit [Inhabited α] in theorem ...

Note: This linter can be disabled with `set_option linter.unusedSectionVars false`
warning: Frontier/CHD/Select.lean:342:43: Used `tac1 <;> tac2` where `(tac1; tac2)` would suffice

Note: This linter can be disabled with `set_option linter.unnecessarySeqFocus false`
warning: Frontier/CHD/Select.lean:397:5: Variable name `hsmall` is not explicitly referenced.

Hint: The binding can be removed (if unused) or named `_` (if used implicitly). Alternatively, prefix the name with `_` to silence this warning:
  [apply] _hsmall

Note: This linter can be disabled with `set_option linter.unusedVariables false`
warning: Frontier/CHD/Select.lean:405:9: Variable name `hlo` is not explicitly referenced.

Hint: The binding can be removed (if unused) or named `_` (if used implicitly). Alternatively, prefix the name with `_` to silence this warning:
  [apply] _hlo

Note: This linter can be disabled with `set_option linter.unusedVariables false`
warning: Frontier/CHD/Select.lean:410:12: Variable name `hhi` is not explicitly referenced.

Hint: The binding can be removed (if unused) or named `_` (if used implicitly). Alternatively, prefix the name with `_` to silence this warning:
  [apply] _hhi

Note: This linter can be disabled with `set_option linter.unusedVariables false`
warning: Frontier/CHD/Select.lean:420:0: automatically included section variable(s) unused in theorem `Frontier.CHD.isKth_of_filter_lt`:
  [Inhabited α]
consider restructuring your `variable` declarations so that the variables are not in scope or explicitly omit them:
  omit [Inhabited α] in theorem ...

Note: This linter can be disabled with `set_option linter.unusedSectionVars false`
warning: Frontier/CHD/Select.lean:449:0: automatically included section variable(s) unused in theorem `Frontier.CHD.isKth_of_filter_gt`:
  [Inhabited α]
consider restructuring your `variable` declarations so that the variables are not in scope or explicitly omit them:
  omit [Inhabited α] in theorem ...

Note: This linter can be disabled with `set_option linter.unusedSectionVars false`
⚠ [2263/2419] Replayed Frontier.CostAggregate
warning: Frontier/CostAggregate.lean:269:12: `if_pos` has been deprecated: Use `ite_eq_left` instead
warning: Frontier/CostAggregate.lean:270:12: `if_neg` has been deprecated: Use `ite_eq_right` instead
warning: Frontier/CostAggregate.lean:446:65: `Set.mem_setOf_eq` has been deprecated: Use `Set.mem_ofPred_eq` instead
⚠ [2265/2419] Replayed Frontier.RAMRep
warning: Frontier/RAMRep.lean:61:6: `if_neg` has been deprecated: Use `ite_eq_right` instead
warning: Frontier/RAMRep.lean:68:6: `if_neg` has been deprecated: Use `ite_eq_right` instead
warning: Frontier/RAMRep.lean:76:8: `if_pos` has been deprecated: Use `ite_eq_left` instead
warning: Frontier/RAMRep.lean:80:8: `if_neg` has been deprecated: Use `ite_eq_right` instead
warning: Frontier/RAMRep.lean:71:70: Variable name `hj₂` is not explicitly referenced.

Hint: The binding can be removed (if unused) or named `_` (if used implicitly). Alternatively, prefix the name with `_` to silence this warning:
  [apply] _hj₂

Note: This linter can be disabled with `set_option linter.unusedVariables false`
warning: Frontier/RAMRep.lean:88:34: `if_neg` has been deprecated: Use `ite_eq_right` instead
warning: Frontier/RAMRep.lean:89:34: `if_neg` has been deprecated: Use `ite_eq_right` instead
warning: Frontier/RAMRep.lean:120:6: `if_neg` has been deprecated: Use `ite_eq_right` instead
warning: Frontier/RAMRep.lean:127:6: `if_neg` has been deprecated: Use `ite_eq_right` instead
warning: Frontier/RAMRep.lean:135:8: `if_pos` has been deprecated: Use `ite_eq_left` instead
warning: Frontier/RAMRep.lean:139:8: `if_neg` has been deprecated: Use `ite_eq_right` instead
warning: Frontier/RAMRep.lean:130:70: Variable name `hj₂` is not explicitly referenced.

Hint: The binding can be removed (if unused) or named `_` (if used implicitly). Alternatively, prefix the name with `_` to silence this warning:
  [apply] _hj₂

Note: This linter can be disabled with `set_option linter.unusedVariables false`
warning: Frontier/RAMRep.lean:147:34: `if_neg` has been deprecated: Use `ite_eq_right` instead
warning: Frontier/RAMRep.lean:148:34: `if_neg` has been deprecated: Use `ite_eq_right` instead
warning: Frontier/RAMRep.lean:178:65: try 'simp' instead of 'simpa'

Note: This linter can be disabled with `set_option linter.unnecessarySimpa false`
warning: Frontier/RAMRep.lean:195:65: try 'simp' instead of 'simpa'

Note: This linter can be disabled with `set_option linter.unnecessarySimpa false`
⚠ [2266/2419] Replayed Frontier.Refine
warning: Frontier/Refine.lean:176:26: Variable name `s` is not explicitly referenced.

Hint: The binding can be removed (if unused) or named `_` (if used implicitly). Alternatively, prefix the name with `_` to silence this warning:
  [apply] _s

Note: This linter can be disabled with `set_option linter.unusedVariables false`
warning: Frontier/Refine.lean:177:27: Variable name `s` is not explicitly referenced.

Hint: The binding can be removed (if unused) or named `_` (if used implicitly). Alternatively, prefix the name with `_` to silence this warning:
  [apply] _s

Note: This linter can be disabled with `set_option linter.unusedVariables false`
⚠ [2276/2421] Replayed Frontier.CHD.DBlocks
warning: Frontier/CHD/DBlocks.lean:71:0: automatically included section variable(s) unused in theorem `Frontier.CHD.DB.mem_liveOf`:
  [DecidableEq κ]
consider restructuring your `variable` declarations so that the variables are not in scope or explicitly omit them:
  omit [DecidableEq κ] in theorem ...

Note: This linter can be disabled with `set_option linter.unusedSectionVars false`
warning: Frontier/CHD/DBlocks.lean:89:0: automatically included section variable(s) unused in theorem `Frontier.CHD.DB.IntervalOK.lo_lt_hi`:
  [DecidableEq κ]
consider restructuring your `variable` declarations so that the variables are not in scope or explicitly omit them:
  omit [DecidableEq κ] in theorem ...

Note: This linter can be disabled with `set_option linter.unusedSectionVars false`
warning: Frontier/CHD/DBlocks.lean:114:0: automatically included section variable(s) unused in theorem `Frontier.CHD.DB.IntervalOK.mono`:
  [DecidableEq κ]
consider restructuring your `variable` declarations so that the variables are not in scope or explicitly omit them:
  omit [DecidableEq κ] in theorem ...

Note: This linter can be disabled with `set_option linter.unusedSectionVars false`
warning: Frontier/CHD/DBlocks.lean:122:0: automatically included section variable(s) unused in theorem `Frontier.CHD.DB.IntervalOK.mono'`:
  [DecidableEq κ]
consider restructuring your `variable` declarations so that the variables are not in scope or explicitly omit them:
  omit [DecidableEq κ] in theorem ...

Note: This linter can be disabled with `set_option linter.unusedSectionVars false`
warning: Frontier/CHD/DBlocks.lean:129:9: Variable name `b'` is not explicitly referenced.

Hint: The binding can be removed (if unused) or named `_` (if used implicitly). Alternatively, prefix the name with `_` to silence this warning:
  [apply] _b'

Note: This linter can be disabled with `set_option linter.unusedVariables false`
warning: Frontier/CHD/DBlocks.lean:129:15: Variable name `bs` is not explicitly referenced.

Hint: The binding can be removed (if unused) or named `_` (if used implicitly). Alternatively, prefix the name with `_` to silence this warning:
  [apply] _bs

Note: This linter can be disabled with `set_option linter.unusedVariables false`
warning: Frontier/CHD/DBlocks.lean:191:0: automatically included section variable(s) unused in theorem `Frontier.CHD.DB.live_key_unique`:
  [DecidableEq κ]
  [LinearOrder α]
consider restructuring your `variable` declarations so that the variables are not in scope or explicitly omit them:
  omit [DecidableEq κ] [LinearOrder α] in theorem ...

Note: This linter can be disabled with `set_option linter.unusedSectionVars false`
warning: Frontier/CHD/DBlocks.lean:214:0: automatically included section variable(s) unused in theorem `Frontier.CHD.DB.collect_spec`:
  [DecidableEq κ]
consider restructuring your `variable` declarations so that the variables are not in scope or explicitly omit them:
  omit [DecidableEq κ] in theorem ...

Note: This linter can be disabled with `set_option linter.unusedSectionVars false`
warning: Frontier/CHD/DBlocks.lean:237:0: automatically included section variable(s) unused in theorem `Frontier.CHD.DB.liveVals_append`:
  [DecidableEq κ]
consider restructuring your `variable` declarations so that the variables are not in scope or explicitly omit them:
  omit [DecidableEq κ] in theorem ...

Note: This linter can be disabled with `set_option linter.unusedSectionVars false`
warning: Frontier/CHD/DBlocks.lean:241:0: automatically included section variable(s) unused in theorem `Frontier.CHD.DB.liveVals_cons`:
  [DecidableEq κ]
consider restructuring your `variable` declarations so that the variables are not in scope or explicitly omit them:
  omit [DecidableEq κ] in theorem ...

Note: This linter can be disabled with `set_option linter.unusedSectionVars false`
warning: Frontier/CHD/DBlocks.lean:252:0: automatically included section variable(s) unused in theorem `Frontier.CHD.DB.IntervalOK.split`:
  [DecidableEq κ]
consider restructuring your `variable` declarations so that the variables are not in scope or explicitly omit them:
  omit [DecidableEq κ] in theorem ...

Note: This linter can be disabled with `set_option linter.unusedSectionVars false`
warning: Frontier/CHD/DBlocks.lean:274:0: automatically included section variable(s) unused in theorem `Frontier.CHD.DB.isLive_clearKeys`:
  [LinearOrder α]
consider restructuring your `variable` declarations so that the variables are not in scope or explicitly omit them:
  omit [LinearOrder α] in theorem ...

Note: This linter can be disabled with `set_option linter.unusedSectionVars false`
warning: Frontier/CHD/DBlocks.lean:484:0: automatically included section variable(s) unused in theorem `Frontier.CHD.DB.IntervalOK.append_cons`:
  [DecidableEq κ]
  [Inhabited α]
consider restructuring your `variable` declarations so that the variables are not in scope or explicitly omit them:
  omit [DecidableEq κ] [Inhabited α] in theorem ...

Note: This linter can be disabled with `set_option linter.unusedSectionVars false`
warning: Frontier/CHD/DBlocks.lean:489:5: Variable name `b` is not explicitly referenced.

Hint: The binding can be removed (if unused) or named `_` (if used implicitly). Alternatively, prefix the name with `_` to silence this warning:
  [apply] _b

Note: This linter can be disabled with `set_option linter.unusedVariables false`
warning: Frontier/CHD/DBlocks.lean:489:9: Variable name `b'` is not explicitly referenced.

Hint: The binding can be removed (if unused) or named `_` (if used implicitly). Alternatively, prefix the name with `_` to silence this warning:
  [apply] _b'

Note: This linter can be disabled with `set_option linter.unusedVariables false`
warning: Frontier/CHD/DBlocks.lean:489:13: Variable name `rest` is not explicitly referenced.

Hint: The binding can be removed (if unused) or named `_` (if used implicitly). Alternatively, prefix the name with `_` to silence this warning:
  [apply] _rest

Note: This linter can be disabled with `set_option linter.unusedVariables false`
warning: Frontier/CHD/DBlocks.lean:489:19: Variable name `lo` is not explicitly referenced.

Hint: The binding can be removed (if unused) or named `_` (if used implicitly). Alternatively, prefix the name with `_` to silence this warning:
  [apply] _lo

Note: This linter can be disabled with `set_option linter.unusedVariables false`
warning: Frontier/CHD/DBlocks.lean:489:23: Variable name `hi` is not explicitly referenced.

Hint: The binding can be removed (if unused) or named `_` (if used implicitly). Alternatively, prefix the name with `_` to silence this warning:
  [apply] _hi

Note: This linter can be disabled with `set_option linter.unusedVariables false`
warning: Frontier/CHD/DBlocks.lean:490:4: Variable name `b` is not explicitly referenced.

Hint: The binding can be removed (if unused) or named `_` (if used implicitly). Alternatively, prefix the name with `_` to silence this warning:
  [apply] _b

Note: This linter can be disabled with `set_option linter.unusedVariables false`
warning: Frontier/CHD/DBlocks.lean:490:9: Variable name `c` is not explicitly referenced.

Hint: The binding can be removed (if unused) or named `_` (if used implicitly). Alternatively, prefix the name with `_` to silence this warning:
  [apply] _c

Note: This linter can be disabled with `set_option linter.unusedVariables false`
warning: Frontier/CHD/DBlocks.lean:490:14: Variable name `bs` is not explicitly referenced.

Hint: The binding can be removed (if unused) or named `_` (if used implicitly). Alternatively, prefix the name with `_` to silence this warning:
  [apply] _bs

Note: This linter can be disabled with `set_option linter.unusedVariables false`
warning: Frontier/CHD/DBlocks.lean:490:18: Variable name `b'` is not explicitly referenced.

Hint: The binding can be removed (if unused) or named `_` (if used implicitly). Alternatively, prefix the name with `_` to silence this warning:
  [apply] _b'

Note: This linter can be disabled with `set_option linter.unusedVariables false`
warning: Frontier/CHD/DBlocks.lean:490:22: Variable name `rest` is not explicitly referenced.

Hint: The binding can be removed (if unused) or named `_` (if used implicitly). Alternatively, prefix the name with `_` to silence this warning:
  [apply] _rest

Note: This linter can be disabled with `set_option linter.unusedVariables false`
warning: Frontier/CHD/DBlocks.lean:490:28: Variable name `lo` is not explicitly referenced.

Hint: The binding can be removed (if unused) or named `_` (if used implicitly). Alternatively, prefix the name with `_` to silence this warning:
  [apply] _lo

Note: This linter can be disabled with `set_option linter.unusedVariables false`
warning: Frontier/CHD/DBlocks.lean:490:32: Variable name `hi` is not explicitly referenced.

Hint: The binding can be removed (if unused) or named `_` (if used implicitly). Alternatively, prefix the name with `_` to silence this warning:
  [apply] _hi

Note: This linter can be disabled with `set_option linter.unusedVariables false`
warning: Frontier/CHD/DBlocks.lean:507:0: automatically included section variable(s) unused in theorem `Frontier.CHD.DB.sepLe_iff`:
  [Inhabited α]
consider restructuring your `variable` declarations so that the variables are not in scope or explicitly omit them:
  omit [Inhabited α] in theorem ...

Note: This linter can be disabled with `set_option linter.unusedSectionVars false`
warning: Frontier/CHD/DBlocks.lean:512:0: automatically included section variable(s) unused in theorem `Frontier.CHD.DB.ltSep_iff`:
  [Inhabited α]
consider restructuring your `variable` declarations so that the variables are not in scope or explicitly omit them:
  omit [Inhabited α] in theorem ...

Note: This linter can be disabled with `set_option linter.unusedSectionVars false`
warning: Frontier/CHD/DBlocks.lean:599:0: automatically included section variable(s) unused in theorem `Frontier.CHD.DB.mem_liveVals_cons'`:
  [Inhabited α]
consider restructuring your `variable` declarations so that the variables are not in scope or explicitly omit them:
  omit [Inhabited α] in theorem ...

Note: This linter can be disabled with `set_option linter.unusedSectionVars false`
warning: Frontier/CHD/DBlocks.lean:603:0: automatically included section variable(s) unused in theorem `Frontier.CHD.DB.mem_liveVals_nil`:
  [DecidableEq κ]
  [Inhabited α]
consider restructuring your `variable` declarations so that the variables are not in scope or explicitly omit them:
  omit [DecidableEq κ] [Inhabited α] in theorem ...

Note: This linter can be disabled with `set_option linter.unusedSectionVars false`
warning: Frontier/CHD/DBlocks.lean:689:0: automatically included section variable(s) unused in theorem `Frontier.CHD.DB.mem_allEnts`:
  [DecidableEq κ]
  [LinearOrder α]
  [Inhabited α]
consider restructuring your `variable` declarations so that the variables are not in scope or explicitly omit them:
  omit [DecidableEq κ] [LinearOrder α] [Inhabited α] in theorem ...

Note: This linter can be disabled with `set_option linter.unusedSectionVars false`
warning: Frontier/CHD/DBlocks.lean:705:30: This simp argument is unused:
  List.mem_singleton

Hint: Omit it from the simp argument list.
  [apply] simp only [List.mem_cons, List.not_mem_nil, or_false] at hc

Note: This linter can be disabled with `set_option linter.unusedSimpArgs false`
warning: Frontier/CHD/DBlocks.lean:766:0: automatically included section variable(s) unused in theorem `Frontier.CHD.DB.isLive_update_of_fresh`:
  [LinearOrder α]
  [Inhabited α]
consider restructuring your `variable` declarations so that the variables are not in scope or explicitly omit them:
  omit [LinearOrder α] [Inhabited α] in theorem ...

Note: This linter can be disabled with `set_option linter.unusedSectionVars false`
warning: Frontier/CHD/DBlocks.lean:775:10: This simp argument is unused:
  Function.update_of_ne hk

Hint: Omit it from the simp argument list.
  [apply] simp [hk]

Note: This linter can be disabled with `set_option linter.unusedSimpArgs false`
warning: Frontier/CHD/DBlocks.lean:857:40: This simp argument is unused:
  Bool.not_eq_true

Hint: Omit it from the simp argument list.
  [apply] simp only [decide_eq_true_eq, decide_eq_false_iff_not, not_le] at hskip

Note: This linter can be disabled with `set_option linter.unusedSimpArgs false`
warning: Frontier/CHD/DBlocks.lean:857:58: This simp argument is unused:
  decide_eq_false_iff_not

Hint: Omit it from the simp argument list.
  [apply] simp only [decide_eq_true_eq, Bool.not_eq_true, not_le] at hskip

Note: This linter can be disabled with `set_option linter.unusedSimpArgs false`
warning: Frontier/CHD/DBlocks.lean:908:0: automatically included section variable(s) unused in theorem `Frontier.CHD.DB.deleteKeys_spec`:
  [Inhabited α]
consider restructuring your `variable` declarations so that the variables are not in scope or explicitly omit them:
  omit [Inhabited α] in theorem ...

Note: This linter can be disabled with `set_option linter.unusedSectionVars false`
warning: Frontier/CHD/DBlocks.lean:971:0: automatically included section variable(s) unused in theorem `Frontier.CHD.DB.mem_allEnts_groupAux`:
  [DecidableEq κ]
  [LinearOrder α]
  [Inhabited α]
consider restructuring your `variable` declarations so that the variables are not in scope or explicitly omit them:
  omit [DecidableEq κ] [LinearOrder α] [Inhabited α] in theorem ...

Note: This linter can be disabled with `set_option linter.unusedSectionVars false`
warning: Frontier/CHD/DBlocks.lean:992:0: automatically included section variable(s) unused in theorem `Frontier.CHD.DB.IntervalOK.widen`:
  [DecidableEq κ]
  [Inhabited α]
consider restructuring your `variable` declarations so that the variables are not in scope or explicitly omit them:
  omit [DecidableEq κ] [Inhabited α] in theorem ...

Note: This linter can be disabled with `set_option linter.unusedSectionVars false`
warning: Frontier/CHD/DBlocks.lean:1001:0: automatically included section variable(s) unused in theorem `Frontier.CHD.DB.IntervalOK.merge2`:
  [DecidableEq κ]
  [Inhabited α]
consider restructuring your `variable` declarations so that the variables are not in scope or explicitly omit them:
  omit [DecidableEq κ] [Inhabited α] in theorem ...

Note: This linter can be disabled with `set_option linter.unusedSectionVars false`
warning: Frontier/CHD/DBlocks.lean:1020:0: automatically included section variable(s) unused in theorem `Frontier.CHD.DB.IntervalOK.cons_of`:
  [DecidableEq κ]
  [Inhabited α]
consider restructuring your `variable` declarations so that the variables are not in scope or explicitly omit them:
  omit [DecidableEq κ] [Inhabited α] in theorem ...

Note: This linter can be disabled with `set_option linter.unusedSectionVars false`
warning: Frontier/CHD/DBlocks.lean:1032:0: automatically included section variable(s) unused in theorem `Frontier.CHD.DB.groupAux_some_ne_nil`:
  [DecidableEq κ]
  [LinearOrder α]
  [Inhabited α]
consider restructuring your `variable` declarations so that the variables are not in scope or explicitly omit them:
  omit [DecidableEq κ] [LinearOrder α] [Inhabited α] in theorem ...

Note: This linter can be disabled with `set_option linter.unusedSectionVars false`
warning: Frontier/CHD/DBlocks.lean:1050:0: automatically included section variable(s) unused in theorem `Frontier.CHD.DB.nextSep_groupAux_some`:
  [DecidableEq κ]
  [LinearOrder α]
  [Inhabited α]
consider restructuring your `variable` declarations so that the variables are not in scope or explicitly omit them:
  omit [DecidableEq κ] [LinearOrder α] [Inhabited α] in theorem ...

Note: This linter can be disabled with `set_option linter.unusedSectionVars false`
warning: Frontier/CHD/DBlocks.lean:1217:0: automatically included section variable(s) unused in theorem `Frontier.CHD.DB.collect_length_le`:
  [DecidableEq κ]
  [Inhabited α]
consider restructuring your `variable` declarations so that the variables are not in scope or explicitly omit them:
  omit [DecidableEq κ] [Inhabited α] in theorem ...

Note: This linter can be disabled with `set_option linter.unusedSectionVars false`
warning: Frontier/CHD/DBlocks.lean:1230:0: automatically included section variable(s) unused in theorem `Frontier.CHD.DB.nodup_vals_of_live`:
  [Inhabited α]
consider restructuring your `variable` declarations so that the variables are not in scope or explicitly omit them:
  omit [Inhabited α] in theorem ...

Note: This linter can be disabled with `set_option linter.unusedSectionVars false`
warning: Frontier/CHD/DBlocks.lean:1249:0: automatically included section variable(s) unused in theorem `Frontier.CHD.DB.liveVals_sublist_allEnts`:
  [DecidableEq κ]
  [Inhabited α]
consider restructuring your `variable` declarations so that the variables are not in scope or explicitly omit them:
  omit [DecidableEq κ] [Inhabited α] in theorem ...

Note: This linter can be disabled with `set_option linter.unusedSectionVars false`
warning: Frontier/CHD/DBlocks.lean:1256:0: automatically included section variable(s) unused in theorem `Frontier.CHD.DB.cntLe_eq_cntLt_add_one`:
  [Inhabited α]
consider restructuring your `variable` declarations so that the variables are not in scope or explicitly omit them:
  omit [Inhabited α] in theorem ...

Note: This linter can be disabled with `set_option linter.unusedSectionVars false`
warning: Frontier/CHD/DBlocks.lean:1470:56: `if_pos` has been deprecated: Use `ite_eq_left` instead
warning: Frontier/CHD/DBlocks.lean:1488:10: `if_pos` has been deprecated: Use `ite_eq_left` instead
warning: Frontier/CHD/DBlocks.lean:1508:0: automatically included section variable(s) unused in theorem `Frontier.CHD.DB.liveVals_eq_filter`:
  [Inhabited α]
consider restructuring your `variable` declarations so that the variables are not in scope or explicitly omit them:
  omit [Inhabited α] in theorem ...

Note: This linter can be disabled with `set_option linter.unusedSectionVars false`
warning: Frontier/CHD/DBlocks.lean:1530:0: automatically included section variable(s) unused in theorem `Frontier.CHD.DB.staleCnt_append`:
  [DecidableEq κ]
  [Inhabited α]
consider restructuring your `variable` declarations so that the variables are not in scope or explicitly omit them:
  omit [DecidableEq κ] [Inhabited α] in theorem ...

Note: This linter can be disabled with `set_option linter.unusedSectionVars false`
warning: Frontier/CHD/DBlocks.lean:1534:0: automatically included section variable(s) unused in theorem `Frontier.CHD.DB.staleCnt_cons`:
  [DecidableEq κ]
  [Inhabited α]
consider restructuring your `variable` declarations so that the variables are not in scope or explicitly omit them:
  omit [DecidableEq κ] [Inhabited α] in theorem ...

Note: This linter can be disabled with `set_option linter.unusedSectionVars false`
warning: Frontier/CHD/DBlocks.lean:1538:0: automatically included section variable(s) unused in theorem `Frontier.CHD.DB.excess_append`:
  [DecidableEq κ]
  [LinearOrder α]
  [Inhabited α]
consider restructuring your `variable` declarations so that the variables are not in scope or explicitly omit them:
  omit [DecidableEq κ] [LinearOrder α] [Inhabited α] in theorem ...

Note: This linter can be disabled with `set_option linter.unusedSectionVars false`
warning: Frontier/CHD/DBlocks.lean:1542:0: automatically included section variable(s) unused in theorem `Frontier.CHD.DB.excess_cons`:
  [DecidableEq κ]
  [LinearOrder α]
  [Inhabited α]
consider restructuring your `variable` declarations so that the variables are not in scope or explicitly omit them:
  omit [DecidableEq κ] [LinearOrder α] [Inhabited α] in theorem ...

Note: This linter can be disabled with `set_option linter.unusedSectionVars false`
warning: Frontier/CHD/DBlocks.lean:1546:0: automatically included section variable(s) unused in theorem `Frontier.CHD.DB.sum_length_allEnts`:
  [DecidableEq κ]
  [LinearOrder α]
  [Inhabited α]
consider restructuring your `variable` declarations so that the variables are not in scope or explicitly omit them:
  omit [DecidableEq κ] [LinearOrder α] [Inhabited α] in theorem ...

Note: This linter can be disabled with `set_option linter.unusedSectionVars false`
warning: Frontier/CHD/DBlocks.lean:1683:0: automatically included section variable(s) unused in theorem `Frontier.CHD.DB.pot_eq_bpot`:
  [DecidableEq κ]
  [Inhabited α]
consider restructuring your `variable` declarations so that the variables are not in scope or explicitly omit them:
  omit [DecidableEq κ] [Inhabited α] in theorem ...

Note: This linter can be disabled with `set_option linter.unusedSectionVars false`
warning: Frontier/CHD/DBlocks.lean:1693:0: automatically included section variable(s) unused in theorem `Frontier.CHD.DB.bpot_single`:
  [DecidableEq κ]
  [Inhabited α]
consider restructuring your `variable` declarations so that the variables are not in scope or explicitly omit them:
  omit [DecidableEq κ] [Inhabited α] in theorem ...

Note: This linter can be disabled with `set_option linter.unusedSectionVars false`
warning: Frontier/CHD/DBlocks.lean:1699:0: automatically included section variable(s) unused in theorem `Frontier.CHD.DB.split_sizes`:
  [DecidableEq κ]
consider restructuring your `variable` declarations so that the variables are not in scope or explicitly omit them:
  omit [DecidableEq κ] in theorem ...

Note: This linter can be disabled with `set_option linter.unusedSectionVars false`
warning: Frontier/CHD/DBlocks.lean:1844:0: automatically included section variable(s) unused in theorem `Frontier.CHD.DB.keyInj_update`:
  [LinearOrder α]
  [Inhabited α]
consider restructuring your `variable` declarations so that the variables are not in scope or explicitly omit them:
  omit [LinearOrder α] [Inhabited α] in theorem ...

Note: This linter can be disabled with `set_option linter.unusedSectionVars false`
warning: Frontier/CHD/DBlocks.lean:1899:0: automatically included section variable(s) unused in theorem `Frontier.CHD.DB.groupAux_block_le`:
  [DecidableEq κ]
  [LinearOrder α]
  [Inhabited α]
consider restructuring your `variable` declarations so that the variables are not in scope or explicitly omit them:
  omit [DecidableEq κ] [LinearOrder α] [Inhabited α] in theorem ...

Note: This linter can be disabled with `set_option linter.unusedSectionVars false`
warning: Frontier/CHD/DBlocks.lean:1930:0: automatically included section variable(s) unused in theorem `Frontier.CHD.DB.groupAux_count`:
  [DecidableEq κ]
  [LinearOrder α]
  [Inhabited α]
consider restructuring your `variable` declarations so that the variables are not in scope or explicitly omit them:
  omit [DecidableEq κ] [LinearOrder α] [Inhabited α] in theorem ...

Note: This linter can be disabled with `set_option linter.unusedSectionVars false`
warning: Frontier/CHD/DBlocks.lean:2033:0: automatically included section variable(s) unused in theorem `Frontier.CHD.DB.deleteKeys_amortized`:
  [Inhabited α]
consider restructuring your `variable` declarations so that the variables are not in scope or explicitly omit them:
  omit [Inhabited α] in theorem ...

Note: This linter can be disabled with `set_option linter.unusedSectionVars false`
warning: Frontier/CHD/DBlocks.lean:2117:0: automatically included section variable(s) unused in theorem `Frontier.CHD.DB.allEnts_fixBlock_subperm`:
  [DecidableEq κ]
consider restructuring your `variable` declarations so that the variables are not in scope or explicitly omit them:
  omit [DecidableEq κ] in theorem ...

Note: This linter can be disabled with `set_option linter.unusedSectionVars false`
warning: Frontier/CHD/DBlocks.lean:2210:30: This simp argument is unused:
  List.mem_singleton

Hint: Omit it from the simp argument list.
  [apply] simp only [List.mem_cons, List.not_mem_nil, or_false]

Note: This linter can be disabled with `set_option linter.unusedSimpArgs false`
warning: Frontier/CHD/DBlocks.lean:2453:0: automatically included section variable(s) unused in theorem `Frontier.CHD.DB.pot_new`:
  [DecidableEq κ]
  [Inhabited α]
consider restructuring your `variable` declarations so that the variables are not in scope or explicitly omit them:
  omit [DecidableEq κ] [Inhabited α] in theorem ...

Note: This linter can be disabled with `set_option linter.unusedSectionVars false`
warning: Frontier/CHD/DBlocks.lean:2505:0: automatically included section variable(s) unused in theorem `Frontier.CHD.DB.wf_clearKeys`:
  [Inhabited α]
consider restructuring your `variable` declarations so that the variables are not in scope or explicitly omit them:
  omit [Inhabited α] in theorem ...

Note: This linter can be disabled with `set_option linter.unusedSectionVars false`
warning: Frontier/CHD/DBlocks.lean:2526:0: automatically included section variable(s) unused in theorem `Frontier.CHD.DB.keyInj_clearKeys`:
  [LinearOrder α]
  [Inhabited α]
consider restructuring your `variable` declarations so that the variables are not in scope or explicitly omit them:
  omit [LinearOrder α] [Inhabited α] in theorem ...

Note: This linter can be disabled with `set_option linter.unusedSectionVars false`
⚠ [2279/2421] Replayed Frontier.CHD.LabRAM
warning: Frontier/CHD/LabRAM.lean:241:53: This simp argument is unused:
  State.setW_cost

Hint: Omit it from the simp argument list.
  [apply] simp (config := { contextual := true }) [a1, hU]

Note: This linter can be disabled with `set_option linter.unusedSimpArgs false`
warning: Frontier/CHD/LabRAM.lean:247:45: This simp argument is unused:
  a1

Hint: Omit it from the simp argument list.
  [apply] simp (config := { contextual := true }) [a2, a3, e1, hU]

Note: This linter can be disabled with `set_option linter.unusedSimpArgs false`
warning: Frontier/CHD/LabRAM.lean:247:49: This simp argument is unused:
  a2

Hint: Omit it from the simp argument list.
  [apply] simp (config := { contextual := true }) [a1, a3, e1, hU]

Note: This linter can be disabled with `set_option linter.unusedSimpArgs false`
warning: Frontier/CHD/LabRAM.lean:250:45: This simp argument is unused:
  a1

Hint: Omit it from the simp argument list.
  [apply] simp (config := { contextual := true }) [a2, a3, a4, e1, hne, hU]

Note: This linter can be disabled with `set_option linter.unusedSimpArgs false`
warning: Frontier/CHD/LabRAM.lean:250:49: This simp argument is unused:
  a2

Hint: Omit it from the simp argument list.
  [apply] simp (config := { contextual := true }) [a1, a3, a4, e1, hne, hU]

Note: This linter can be disabled with `set_option linter.unusedSimpArgs false`
warning: Frontier/CHD/LabRAM.lean:253:45: This simp argument is unused:
  a1

Hint: Omit it from the simp argument list.
  [apply] simp (config := { contextual := true }) [a2, a3, a4, a5, e1, e2, hU]

Note: This linter can be disabled with `set_option linter.unusedSimpArgs false`
warning: Frontier/CHD/LabRAM.lean:253:49: This simp argument is unused:
  a2

Hint: Omit it from the simp argument list.
  [apply] simp (config := { contextual := true }) [a1, a3, a4, a5, e1, e2, hU]

Note: This linter can be disabled with `set_option linter.unusedSimpArgs false`
warning: Frontier/CHD/LabRAM.lean:253:53: This simp argument is unused:
  a3

Hint: Omit it from the simp argument list.
  [apply] simp (config := { contextual := true }) [a1, a2, a4, a5, e1, e2, hU]

Note: This linter can be disabled with `set_option linter.unusedSimpArgs false`
warning: Frontier/CHD/LabRAM.lean:253:57: This simp argument is unused:
  a4

Hint: Omit it from the simp argument list.
  [apply] simp (config := { contextual := true }) [a1, a2, a3, a5, e1, e2, hU]

Note: This linter can be disabled with `set_option linter.unusedSimpArgs false`
warning: Frontier/CHD/LabRAM.lean:256:45: This simp argument is unused:
  a1

Hint: Omit it from the simp argument list.
  [apply] simp (config := { contextual := true }) [a2, a3, a4, a5, a6, e1, e2, hne, hU]

Note: This linter can be disabled with `set_option linter.unusedSimpArgs false`
warning: Frontier/CHD/LabRAM.lean:256:49: This simp argument is unused:
  a2

Hint: Omit it from the simp argument list.
  [apply] simp (config := { contextual := true }) [a1, a3, a4, a5, a6, e1, e2, hne, hU]

Note: This linter can be disabled with `set_option linter.unusedSimpArgs false`
warning: Frontier/CHD/LabRAM.lean:256:53: This simp argument is unused:
  a3

Hint: Omit it from the simp argument list.
  [apply] simp (config := { contextual := true }) [a1, a2, a4, a5, a6, e1, e2, hne, hU]

Note: This linter can be disabled with `set_option linter.unusedSimpArgs false`
warning: Frontier/CHD/LabRAM.lean:256:57: This simp argument is unused:
  a4

Hint: Omit it from the simp argument list.
  [apply] simp (config := { contextual := true }) [a1, a2, a3, a5, a6, e1, e2, hne, hU]

Note: This linter can be disabled with `set_option linter.unusedSimpArgs false`
warning: Frontier/CHD/LabRAM.lean:259:45: This simp argument is unused:
  a1

Hint: Omit it from the simp argument list.
  [apply] simp (config := { contextual := true }) [a2, a3, a4, a5, a6, a7, e1, e2, e3, hU]

Note: This linter can be disabled with `set_option linter.unusedSimpArgs false`
warning: Frontier/CHD/LabRAM.lean:259:49: This simp argument is unused:
  a2

Hint: Omit it from the simp argument list.
  [apply] simp (config := { contextual := true }) [a1, a3, a4, a5, a6, a7, e1, e2, e3, hU]

Note: This linter can be disabled with `set_option linter.unusedSimpArgs false`
warning: Frontier/CHD/LabRAM.lean:259:53: This simp argument is unused:
  a3

Hint: Omit it from the simp argument list.
  [apply] simp (config := { contextual := true }) [a1, a2, a4, a5, a6, a7, e1, e2, e3, hU]

Note: This linter can be disabled with `set_option linter.unusedSimpArgs false`
warning: Frontier/CHD/LabRAM.lean:259:57: This simp argument is unused:
  a4

Hint: Omit it from the simp argument list.
  [apply] simp (config := { contextual := true }) [a1, a2, a3, a5, a6, a7, e1, e2, e3, hU]

Note: This linter can be disabled with `set_option linter.unusedSimpArgs false`
warning: Frontier/CHD/LabRAM.lean:259:61: This simp argument is unused:
  a5

Hint: Omit it from the simp argument list.
  [apply] simp (config := { contextual := true }) [a1, a2, a3, a4, a6, a7, e1, e2, e3, hU]

Note: This linter can be disabled with `set_option linter.unusedSimpArgs false`
warning: Frontier/CHD/LabRAM.lean:259:65: This simp argument is unused:
  a6

Hint: Omit it from the simp argument list.
  [apply] simp (config := { contextual := true }) [a1, a2, a3, a4, a5, a7, e1, e2, e3, hU]

Note: This linter can be disabled with `set_option linter.unusedSimpArgs false`
warning: Frontier/CHD/LabRAM.lean:260:45: This simp argument is unused:
  a1

Hint: Omit it from the simp argument list.
  [apply] simp (config := { contextual := true }) [a2, a3, a4, a5, a6, a7, e1, e2, e3, hU]

Note: This linter can be disabled with `set_option linter.unusedSimpArgs false`
warning: Frontier/CHD/LabRAM.lean:260:49: This simp argument is unused:
  a2

Hint: Omit it from the simp argument list.
  [apply] simp (config := { contextual := true }) [a1, a3, a4, a5, a6, a7, e1, e2, e3, hU]

Note: This linter can be disabled with `set_option linter.unusedSimpArgs false`
warning: Frontier/CHD/LabRAM.lean:260:53: This simp argument is unused:
  a3

Hint: Omit it from the simp argument list.
  [apply] simp (config := { contextual := true }) [a1, a2, a4, a5, a6, a7, e1, e2, e3, hU]

Note: This linter can be disabled with `set_option linter.unusedSimpArgs false`
warning: Frontier/CHD/LabRAM.lean:260:57: This simp argument is unused:
  a4

Hint: Omit it from the simp argument list.
  [apply] simp (config := { contextual := true }) [a1, a2, a3, a5, a6, a7, e1, e2, e3, hU]

Note: This linter can be disabled with `set_option linter.unusedSimpArgs false`
warning: Frontier/CHD/LabRAM.lean:260:61: This simp argument is unused:
  a5

Hint: Omit it from the simp argument list.
  [apply] simp (config := { contextual := true }) [a1, a2, a3, a4, a6, a7, e1, e2, e3, hU]

Note: This linter can be disabled with `set_option linter.unusedSimpArgs false`
warning: Frontier/CHD/LabRAM.lean:260:65: This simp argument is unused:
  a6

Hint: Omit it from the simp argument list.
  [apply] simp (config := { contextual := true }) [a1, a2, a3, a4, a5, a7, e1, e2, e3, hU]

Note: This linter can be disabled with `set_option linter.unusedSimpArgs false`
warning: Frontier/CHD/LabRAM.lean:302:18: This simp argument is unused:
  not_true_eq_false

Hint: Omit it from the simp argument list.
  [apply] simp only [cmp, wp, evalV_var', State.charge_v, State.setW_v, hb1, hb2, State.charge_cap, State.setW_cap,
    hcap, true_and, evalW_var, State.charge_w, State.setW_w, h12, ↓reduceIte, ne_eq, one_ne_zero, not_false_eq_true,
    forall_const, false_implies, and_true]

Note: This linter can be disabled with `set_option linter.unusedSimpArgs false`
warning: Frontier/CHD/LabRAM.lean:322:52: This simp argument is unused:
  zero_ne_one

Hint: Omit it from the simp argument list.
  [apply] simp only [cmp, wp, evalV_var', State.charge_v, State.setW_v, hb1, hb2, State.charge_cap, State.setW_cap,
    hcap, true_and, evalW_var, State.charge_w, State.setW_w, h12, ↓reduceIte, Bool.false_eq_true, ne_eq, one_ne_zero,
    not_false_eq_true, forall_const, not_true_eq_false, false_implies, and_true, true_implies, evalW_lit',
    fit_zero hcap, cbit, hlt.not_gt, hlt.ne', false_and, or_false, State.charge_cost, State.setW_cost, unch_charge]

Note: This linter can be disabled with `set_option linter.unusedSimpArgs false`
warning: Frontier/CHD/LabRAM.lean:322:65: This simp argument is unused:
  true_implies

Hint: Omit it from the simp argument list.
  [apply] simp only [cmp, wp, evalV_var', State.charge_v, State.setW_v, hb1, hb2, State.charge_cap, State.setW_cap,
    hcap, true_and, evalW_var, State.charge_w, State.setW_w, h12, ↓reduceIte, Bool.false_eq_true, ne_eq, one_ne_zero,
    not_false_eq_true, forall_const, not_true_eq_false, false_implies, and_true, zero_ne_one, evalW_lit', fit_zero hcap,
    cbit, hlt.not_gt, hlt.ne', false_and, or_false, State.charge_cost, State.setW_cost, unch_charge]

Note: This linter can be disabled with `set_option linter.unusedSimpArgs false`
warning: Frontier/CHD/LabRAM.lean:333:75: This simp argument is unused:
  zero_ne_one

Hint: Omit it from the simp argument list.
  [apply] simp only [cmp, wp, evalV_var', State.charge_v, State.setW_v, hb1, hb2, State.charge_cap, State.setW_cap,
    hcap, true_and, evalW_var, State.charge_w, State.setW_w, h12, ↓reduceIte, Bool.false_eq_true, ne_eq,
    not_true_eq_false, false_implies, evalW_lit', fit_one hcap, cbit, hlt, true_or, State.charge_cost, State.setW_cost,
    unch_charge, not_false_eq_true, forall_const, and_true, true_implies]

Note: This linter can be disabled with `set_option linter.unusedSimpArgs false`
warning: Frontier/CHD/LabRAM.lean:334:6: This simp argument is unused:
  not_false_eq_true

Hint: Omit it from the simp argument list.
  [apply] simp only [cmp, wp, evalV_var', State.charge_v, State.setW_v, hb1, hb2, State.charge_cap, State.setW_cap,
    hcap, true_and, evalW_var, State.charge_w, State.setW_w, h12, ↓reduceIte, Bool.false_eq_true, ne_eq,
    not_true_eq_false, false_implies, evalW_lit', fit_one hcap, cbit, hlt, true_or, State.charge_cost, State.setW_cost,
    unch_charge, zero_ne_one, forall_const, and_true, true_implies]

Note: This linter can be disabled with `set_option linter.unusedSimpArgs false`
warning: Frontier/CHD/LabRAM.lean:334:39: This simp argument is unused:
  and_true

Hint: Omit it from the simp argument list.
  [apply] simp only [cmp, wp, evalV_var', State.charge_v, State.setW_v, hb1, hb2, State.charge_cap, State.setW_cap,
    hcap, true_and, evalW_var, State.charge_w, State.setW_w, h12, ↓reduceIte, Bool.false_eq_true, ne_eq,
    not_true_eq_false, false_implies, evalW_lit', fit_one hcap, cbit, hlt, true_or, State.charge_cost, State.setW_cost,
    unch_charge, zero_ne_one, not_false_eq_true, forall_const, true_implies]

Note: This linter can be disabled with `set_option linter.unusedSimpArgs false`
warning: Frontier/CHD/LabRAM.lean:334:49: This simp argument is unused:
  true_implies

Hint: Omit it from the simp argument list.
  [apply] simp only [cmp, wp, evalV_var', State.charge_v, State.setW_v, hb1, hb2, State.charge_cap, State.setW_cap,
    hcap, true_and, evalW_var, State.charge_w, State.setW_w, h12, ↓reduceIte, Bool.false_eq_true, ne_eq,
    not_true_eq_false, false_implies, evalW_lit', fit_one hcap, cbit, hlt, true_or, State.charge_cost, State.setW_cost,
    unch_charge, zero_ne_one, not_false_eq_true, forall_const, and_true]

Note: This linter can be disabled with `set_option linter.unusedSimpArgs false`
warning: Frontier/CHD/LabRAM.lean:359:8: `if_pos` has been deprecated: Use `ite_eq_left` instead
warning: Frontier/CHD/LabRAM.lean:359:45: `if_pos` has been deprecated: Use `ite_eq_left` instead
warning: Frontier/CHD/LabRAM.lean:360:8: `if_neg` has been deprecated: Use `ite_eq_right` instead
warning: Frontier/CHD/LabRAM.lean:360:59: `if_neg` has been deprecated: Use `ite_eq_right` instead
warning: Frontier/CHD/LabRAM.lean:471:49: This simp argument is unused:
  State.charge_va

Hint: Omit it from the simp argument list.
  [apply] simp only [candLab, wp, evalV_add', evalV_load', evalW_var, evalW_add', evalW_load', evalW_lit',
    State.charge_w, State.charge_wa, State.charge_wlen, State.charge_vlen, State.charge_cap, State.setV_w,
    State.setV_wa, State.setV_va, State.setV_wlen, State.setV_vlen, State.setV_cap, State.setW_w, State.setW_wa,
    State.setW_wlen, State.setW_cap, hru, hre, l1, l2, l3, l4, l5, ↓reduceIte, Option.bind_some, r1, r2, u1, u2, u3,
    fit_of_lt hc1, fit_of_lt hc2, fit_of_lt (show 1 < st.cap by omega)]

Note: This linter can be disabled with `set_option linter.unusedSimpArgs false`
warning: Frontier/CHD/LabRAM.lean:472:4: This simp argument is unused:
  State.charge_vlen

Hint: Omit it from the simp argument list.
  [apply] simp only [candLab, wp, evalV_add', evalV_load', evalW_var, evalW_add', evalW_load', evalW_lit',
    State.charge_w, State.charge_wa, State.charge_va, State.charge_wlen, State.charge_cap, State.setV_w, State.setV_wa,
    State.setV_va, State.setV_wlen, State.setV_vlen, State.setV_cap, State.setW_w, State.setW_wa, State.setW_wlen,
    State.setW_cap, hru, hre, l1, l2, l3, l4, l5, ↓reduceIte, Option.bind_some, r1, r2, u1, u2, u3, fit_of_lt hc1,
    fit_of_lt hc2, fit_of_lt (show 1 < st.cap by omega)]

Note: This linter can be disabled with `set_option linter.unusedSimpArgs false`
warning: Frontier/CHD/LabRAM.lean:472:70: This simp argument is unused:
  State.setV_va

Hint: Omit it from the simp argument list.
  [apply] simp only [candLab, wp, evalV_add', evalV_load', evalW_var, evalW_add', evalW_load', evalW_lit',
    State.charge_w, State.charge_wa, State.charge_va, State.charge_wlen, State.charge_vlen, State.charge_cap,
    State.setV_w, State.setV_wa, State.setV_wlen, State.setV_vlen, State.setV_cap, State.setW_w, State.setW_wa,
    State.setW_wlen, State.setW_cap, hru, hre, l1, l2, l3, l4, l5, ↓reduceIte, Option.bind_some, r1, r2, u1, u2, u3,
    fit_of_lt hc1, fit_of_lt hc2, fit_of_lt (show 1 < st.cap by omega)]

Note: This linter can be disabled with `set_option linter.unusedSimpArgs false`
warning: Frontier/CHD/LabRAM.lean:473:21: This simp argument is unused:
  State.setV_vlen

Hint: Omit it from the simp argument list.
  [apply] simp only [candLab, wp, evalV_add', evalV_load', evalW_var, evalW_add', evalW_load', evalW_lit',
    State.charge_w, State.charge_wa, State.charge_va, State.charge_wlen, State.charge_vlen, State.charge_cap,
    State.setV_w, State.setV_wa, State.setV_va, State.setV_wlen, State.setV_cap, State.setW_w, State.setW_wa,
    State.setW_wlen, State.setW_cap, hru, hre, l1, l2, l3, l4, l5, ↓reduceIte, Option.bind_some, r1, r2, u1, u2, u3,
    fit_of_lt hc1, fit_of_lt hc2, fit_of_lt (show 1 < st.cap by omega)]

Note: This linter can be disabled with `set_option linter.unusedSimpArgs false`
warning: Frontier/CHD/LabRAM.lean:528:4: This simp argument is unused:
  State.charge_va

Hint: Omit it from the simp argument list.
  [apply] simp only [loadLab, wp, evalV_load', evalW_var, evalW_load', State.charge_w, State.charge_wa,
    State.charge_wlen, State.charge_vlen, State.setV_w, State.setV_wa, State.setV_va, State.setV_wlen, State.setV_vlen,
    State.setW_w, State.setW_wa, State.setW_va, State.setW_wlen, State.setW_vlen, hv, l1, l2, l3, l4, l5, ↓reduceIte,
    Option.bind_some, v1, v2, v3, v4]

Note: This linter can be disabled with `set_option linter.unusedSimpArgs false`
warning: Frontier/CHD/LabRAM.lean:528:40: This simp argument is unused:
  State.charge_vlen

Hint: Omit it from the simp argument list.
  [apply] simp only [loadLab, wp, evalV_load', evalW_var, evalW_load', State.charge_w, State.charge_wa, State.charge_va,
    State.charge_wlen, State.setV_w, State.setV_wa, State.setV_va, State.setV_wlen, State.setV_vlen, State.setW_w,
    State.setW_wa, State.setW_va, State.setW_wlen, State.setW_vlen, hv, l1, l2, l3, l4, l5, ↓reduceIte,
    Option.bind_some, v1, v2, v3, v4]

Note: This linter can be disabled with `set_option linter.unusedSimpArgs false`
warning: Frontier/CHD/LabRAM.lean:529:4: This simp argument is unused:
  State.setV_va

Hint: Omit it from the simp argument list.
  [apply] simp only [loadLab, wp, evalV_load', evalW_var, evalW_load', State.charge_w, State.charge_wa, State.charge_va,
    State.charge_wlen, State.charge_vlen, State.setV_w, State.setV_wa, State.setV_wlen, State.setV_vlen, State.setW_w,
    State.setW_wa, State.setW_va, State.setW_wlen, State.setW_vlen, hv, l1, l2, l3, l4, l5, ↓reduceIte,
    Option.bind_some, v1, v2, v3, v4]

Note: This linter can be disabled with `set_option linter.unusedSimpArgs false`
warning: Frontier/CHD/LabRAM.lean:529:36: This simp argument is unused:
  State.setV_vlen

Hint: Omit it from the simp argument list.
  [apply] simp only [loadLab, wp, evalV_load', evalW_var, evalW_load', State.charge_w, State.charge_wa, State.charge_va,
    State.charge_wlen, State.charge_vlen, State.setV_w, State.setV_wa, State.setV_va, State.setV_wlen, State.setW_w,
    State.setW_wa, State.setW_va, State.setW_wlen, State.setW_vlen, hv, l1, l2, l3, l4, l5, ↓reduceIte,
    Option.bind_some, v1, v2, v3, v4]

Note: This linter can be disabled with `set_option linter.unusedSimpArgs false`
warning: Frontier/CHD/LabRAM.lean:529:82: This simp argument is unused:
  State.setW_va

Hint: Omit it from the simp argument list.
  [apply] simp only [loadLab, wp, evalV_load', evalW_var, evalW_load', State.charge_w, State.charge_wa, State.charge_va,
    State.charge_wlen, State.charge_vlen, State.setV_w, State.setV_wa, State.setV_va, State.setV_wlen, State.setV_vlen,
    State.setW_w, State.setW_wa, State.setW_wlen, State.setW_vlen, hv, l1, l2, l3, l4, l5, ↓reduceIte, Option.bind_some,
    v1, v2, v3, v4]

Note: This linter can be disabled with `set_option linter.unusedSimpArgs false`
warning: Frontier/CHD/LabRAM.lean:530:21: This simp argument is unused:
  State.setW_vlen

Hint: Omit it from the simp argument list.
  [apply] simp only [loadLab, wp, evalV_load', evalW_var, evalW_load', State.charge_w, State.charge_wa, State.charge_va,
    State.charge_wlen, State.charge_vlen, State.setV_w, State.setV_wa, State.setV_va, State.setV_wlen, State.setV_vlen,
    State.setW_w, State.setW_wa, State.setW_va, State.setW_wlen, hv, l1, l2, l3, l4, l5, ↓reduceIte, Option.bind_some,
    v1, v2, v3, v4]

Note: This linter can be disabled with `set_option linter.unusedSimpArgs false`
warning: Frontier/CHD/LabRAM.lean:535:48: This simp argument is unused:
  tabOf

Hint: Omit it from the simp argument list.
  [apply] simp [State.setW, State.setV, State.charge]

Note: This linter can be disabled with `set_option linter.unusedSimpArgs false`
warning: Frontier/CHD/LabRAM.lean:551:8: `dif_pos` has been deprecated: Use `dite_eq_left` instead
warning: Frontier/CHD/LabRAM.lean:552:8: `dif_neg` has been deprecated: Use `dite_eq_right` instead
warning: Frontier/CHD/LabRAM.lean:588:20: This simp argument is unused:
  State.charge_v

Hint: Omit it from the simp argument list.
  [apply] simp only [storeLab, wp, evalV_var', evalW_var, evalW_load', evalW_add', evalW_lit', State.charge_w,
    State.charge_wa, State.charge_wlen, State.charge_vlen, State.charge_cap, State.storeV_w, State.storeV_v,
    State.storeV_wa, State.storeV_wlen, State.storeV_vlen, State.storeV_cap, State.storeW_w, State.storeW_v,
    State.storeW_wa, State.storeW_wlen, State.storeW_vlen, State.storeW_cap, hv, l0, l2, l3, l4, l5, l6, ↓reduceIte,
    Option.bind_some, true_and, fit_of_lt (show 1 < st.cap by omega), String.reduceEq, and_false, false_and, and_self,
    fit_of_lt hc]

Note: This linter can be disabled with `set_option linter.unusedSimpArgs false`
warning: Frontier/CHD/LabRAM.lean:588:72: This simp argument is unused:
  State.charge_vlen

Hint: Omit it from the simp argument list.
  [apply] simp only [storeLab, wp, evalV_var', evalW_var, evalW_load', evalW_add', evalW_lit', State.charge_w,
    State.charge_v, State.charge_wa, State.charge_wlen, State.charge_cap, State.storeV_w, State.storeV_v,
    State.storeV_wa, State.storeV_wlen, State.storeV_vlen, State.storeV_cap, State.storeW_w, State.storeW_v,
    State.storeW_wa, State.storeW_wlen, State.storeW_vlen, State.storeW_cap, hv, l0, l2, l3, l4, l5, l6, ↓reduceIte,
    Option.bind_some, true_and, fit_of_lt (show 1 < st.cap by omega), String.reduceEq, and_false, false_and, and_self,
    fit_of_lt hc]

Note: This linter can be disabled with `set_option linter.unusedSimpArgs false`
warning: Frontier/CHD/LabRAM.lean:589:38: This simp argument is unused:
  State.storeV_v

Hint: Omit it from the simp argument list.
  [apply] simp only [storeLab, wp, evalV_var', evalW_var, evalW_load', evalW_add', evalW_lit', State.charge_w,
    State.charge_v, State.charge_wa, State.charge_wlen, State.charge_vlen, State.charge_cap, State.storeV_w,
    State.storeV_wa, State.storeV_wlen, State.storeV_vlen, State.storeV_cap, State.storeW_w, State.storeW_v,
    State.storeW_wa, State.storeW_wlen, State.storeW_vlen, State.storeW_cap, hv, l0, l2, l3, l4, l5, l6, ↓reduceIte,
    Option.bind_some, true_and, fit_of_lt (show 1 < st.cap by omega), String.reduceEq, and_false, false_and, and_self,
    fit_of_lt hc]

Note: This linter can be disabled with `set_option linter.unusedSimpArgs false`
warning: Frontier/CHD/LabRAM.lean:590:4: This simp argument is unused:
  State.storeV_vlen

Hint: Omit it from the simp argument list.
  [apply] simp only [storeLab, wp, evalV_var', evalW_var, evalW_load', evalW_add', evalW_lit', State.charge_w,
    State.charge_v, State.charge_wa, State.charge_wlen, State.charge_vlen, State.charge_cap, State.storeV_w,
    State.storeV_v, State.storeV_wa, State.storeV_wlen, State.storeV_cap, State.storeW_w, State.storeW_v,
    State.storeW_wa, State.storeW_wlen, State.storeW_vlen, State.storeW_cap, hv, l0, l2, l3, l4, l5, l6, ↓reduceIte,
    Option.bind_some, true_and, fit_of_lt (show 1 < st.cap by omega), String.reduceEq, and_false, false_and, and_self,
    fit_of_lt hc]

Note: This linter can be disabled with `set_option linter.unusedSimpArgs false`
warning: Frontier/CHD/LabRAM.lean:590:57: This simp argument is unused:
  State.storeW_v

Hint: Omit it from the simp argument list.
  [apply] simp only [storeLab, wp, evalV_var', evalW_var, evalW_load', evalW_add', evalW_lit', State.charge_w,
    State.charge_v, State.charge_wa, State.charge_wlen, State.charge_vlen, State.charge_cap, State.storeV_w,
    State.storeV_v, State.storeV_wa, State.storeV_wlen, State.storeV_vlen, State.storeV_cap, State.storeW_w,
    State.storeW_wa, State.storeW_wlen, State.storeW_vlen, State.storeW_cap, hv, l0, l2, l3, l4, l5, l6, ↓reduceIte,
    Option.bind_some, true_and, fit_of_lt (show 1 < st.cap by omega), String.reduceEq, and_false, false_and, and_self,
    fit_of_lt hc]

Note: This linter can be disabled with `set_option linter.unusedSimpArgs false`
warning: Frontier/CHD/LabRAM.lean:591:23: This simp argument is unused:
  State.storeW_vlen

Hint: Omit it from the simp argument list.
  [apply] simp only [storeLab, wp, evalV_var', evalW_var, evalW_load', evalW_add', evalW_lit', State.charge_w,
    State.charge_v, State.charge_wa, State.charge_wlen, State.charge_vlen, State.charge_cap, State.storeV_w,
    State.storeV_v, State.storeV_wa, State.storeV_wlen, State.storeV_vlen, State.storeV_cap, State.storeW_w,
    State.storeW_v, State.storeW_wa, State.storeW_wlen, State.storeW_cap, hv, l0, l2, l3, l4, l5, l6, ↓reduceIte,
    Option.bind_some, true_and, fit_of_lt (show 1 < st.cap by omega), String.reduceEq, and_false, false_and, and_self,
    fit_of_lt hc]

Note: This linter can be disabled with `set_option linter.unusedSimpArgs false`
warning: Frontier/CHD/LabRAM.lean:593:21: This simp argument is unused:
  and_false

Hint: Omit it from the simp argument list.
  [apply] simp only [storeLab, wp, evalV_var', evalW_var, evalW_load', evalW_add', evalW_lit', State.charge_w,
    State.charge_v, State.charge_wa, State.charge_wlen, State.charge_vlen, State.charge_cap, State.storeV_w,
    State.storeV_v, State.storeV_wa, State.storeV_wlen, State.storeV_vlen, State.storeV_cap, State.storeW_w,
    State.storeW_v, State.storeW_wa, State.storeW_wlen, State.storeW_vlen, State.storeW_cap, hv, l0, l2, l3, l4, l5, l6,
    ↓reduceIte, Option.bind_some, true_and, fit_of_lt (show 1 < st.cap by omega), String.reduceEq, false_and, and_self,
    fit_of_lt hc]

Note: This linter can be disabled with `set_option linter.unusedSimpArgs false`
warning: Frontier/CHD/LabRAM.lean:593:43: This simp argument is unused:
  and_self

Hint: Omit it from the simp argument list.
  [apply] simp only [storeLab, wp, evalV_var', evalW_var, evalW_load', evalW_add', evalW_lit', State.charge_w,
    State.charge_v, State.charge_wa, State.charge_wlen, State.charge_vlen, State.charge_cap, State.storeV_w,
    State.storeV_v, State.storeV_wa, State.storeV_wlen, State.storeV_vlen, State.storeV_cap, State.storeW_w,
    State.storeW_v, State.storeW_wa, State.storeW_wlen, State.storeW_vlen, State.storeW_cap, hv, l0, l2, l3, l4, l5, l6,
    ↓reduceIte, Option.bind_some, true_and, fit_of_lt (show 1 < st.cap by omega), String.reduceEq, and_false, false_and,
    fit_of_lt hc]

Note: This linter can be disabled with `set_option linter.unusedSimpArgs false`
warning: Frontier/CHD/LabRAM.lean:598:49: This simp argument is unused:
  realOps

Hint: Omit it from the simp argument list.
  [apply] simp [State.storeW, State.storeV, State.charge, hw, Fin.val_inj, x1, x2, x4, x5, cand, encE]

Note: This linter can be disabled with `set_option linter.unusedSimpArgs false`
warning: Frontier/CHD/LabRAM.lean:737:10: `if_pos` has been deprecated: Use `ite_eq_left` instead
warning: Frontier/CHD/LabRAM.lean:737:30: `if_pos` has been deprecated: Use `ite_eq_left` instead
warning: Frontier/CHD/LabRAM.lean:738:10: `if_neg` has been deprecated: Use `ite_eq_right` instead
warning: Frontier/CHD/LabRAM.lean:738:44: `if_neg` has been deprecated: Use `ite_eq_right` instead
warning: Frontier/CHD/LabRAM.lean:904:32: `if_neg` has been deprecated: Use `ite_eq_right` instead
warning: Frontier/CHD/LabRAM.lean:908:21: `if_pos` has been deprecated: Use `ite_eq_left` instead
warning: Frontier/CHD/LabRAM.lean:915:23: `if_pos` has been deprecated: Use `ite_eq_left` instead
warning: Frontier/CHD/LabRAM.lean:920:14: `if_neg` has been deprecated: Use `ite_eq_right` instead
warning: Frontier/CHD/LabRAM.lean:991:23: `if_neg` has been deprecated: Use `ite_eq_right` instead
warning: Frontier/CHD/LabRAM.lean:998:23: `if_pos` has been deprecated: Use `ite_eq_left` instead
warning: Frontier/CHD/LabRAM.lean:1015:8: `if_pos` has been deprecated: Use `ite_eq_left` instead
warning: Frontier/CHD/LabRAM.lean:1015:23: `if_pos` has been deprecated: Use `ite_eq_left` instead
warning: Frontier/CHD/LabRAM.lean:1016:8: `if_neg` has been deprecated: Use `ite_eq_right` instead
warning: Frontier/CHD/LabRAM.lean:1024:10: `if_pos` has been deprecated: Use `ite_eq_left` instead
warning: Frontier/CHD/LabRAM.lean:1024:20: `if_pos` has been deprecated: Use `ite_eq_left` instead
warning: Frontier/CHD/LabRAM.lean:1025:10: `if_neg` has been deprecated: Use `ite_eq_right` instead
warning: Frontier/CHD/LabRAM.lean:1025:20: `if_neg` has been deprecated: Use `ite_eq_right` instead
warning: Frontier/CHD/LabRAM.lean:1065:19: `if_neg` has been deprecated: Use `ite_eq_right` instead
warning: Frontier/CHD/LabRAM.lean:1059:54: this tactic is never executed

Note: This linter can be disabled with `set_option linter.unreachableTactic false`
warning: Frontier/CHD/LabRAM.lean:1059:46: Unused tactic linter: `done` does nothing

Note: This linter can be disabled with `set_option linter.unusedTactic false`
warning: Frontier/CHD/LabRAM.lean:1059:54: Unused tactic linter: `(simp; tauto)` does nothing

Note: This linter can be disabled with `set_option linter.unusedTactic false`
warning: Frontier/CHD/LabRAM.lean:1095:18: `if_true` has been deprecated: Use `ite_true` instead
warning: Frontier/CHD/LabRAM.lean:1096:18: `if_false` has been deprecated: Use `ite_false` instead
warning: Frontier/CHD/LabRAM.lean:1166:29: `if_neg` has been deprecated: Use `ite_eq_right` instead
warning: Frontier/CHD/LabRAM.lean:1180:12: `if_pos` has been deprecated: Use `ite_eq_left` instead
warning: Frontier/CHD/LabRAM.lean:1181:12: `if_neg` has been deprecated: Use `ite_eq_right` instead
warning: Frontier/CHD/LabRAM.lean:1191:12: `if_pos` has been deprecated: Use `ite_eq_left` instead
warning: Frontier/CHD/LabRAM.lean:1191:24: `if_pos` has been deprecated: Use `ite_eq_left` instead
warning: Frontier/CHD/LabRAM.lean:1192:12: `if_neg` has been deprecated: Use `ite_eq_right` instead
warning: Frontier/CHD/LabRAM.lean:1192:24: `if_neg` has been deprecated: Use `ite_eq_right` instead
warning: Frontier/CHD/LabRAM.lean:1196:25: `if_pos` has been deprecated: Use `ite_eq_left` instead
warning: Frontier/CHD/LabRAM.lean:1207:10: `if_neg` has been deprecated: Use `ite_eq_right` instead
warning: Frontier/CHD/LabRAM.lean:1210:14: `if_neg` has been deprecated: Use `ite_eq_right` instead
warning: Frontier/CHD/LabRAM.lean:1203:68: this tactic is never executed

Note: This linter can be disabled with `set_option linter.unreachableTactic false`
warning: Frontier/CHD/LabRAM.lean:1203:60: Unused tactic linter: `done` does nothing

Note: This linter can be disabled with `set_option linter.unusedTactic false`
warning: Frontier/CHD/LabRAM.lean:1203:68: Unused tactic linter: `(simp [relaxW]; tauto)` does nothing

Note: This linter can be disabled with `set_option linter.unusedTactic false`
warning: Frontier/CHD/LabRAM.lean:1305:10: `if_neg` has been deprecated: Use `ite_eq_right` instead
warning: Frontier/CHD/LabRAM.lean:1322:10: `if_pos` has been deprecated: Use `ite_eq_left` instead
warning: Frontier/CHD/LabRAM.lean:1332:10: `if_neg` has been deprecated: Use `ite_eq_right` instead
warning: Frontier/CHD/LabRAM.lean:1336:10: `if_pos` has been deprecated: Use `ite_eq_left` instead
warning: Frontier/CHD/LabRAM.lean:1339:10: `if_neg` has been deprecated: Use `ite_eq_right` instead
warning: Frontier/CHD/LabRAM.lean:1404:8: `if_pos` has been deprecated: Use `ite_eq_left` instead
warning: Frontier/CHD/LabRAM.lean:1408:8: `if_neg` has been deprecated: Use `ite_eq_right` instead
warning: Frontier/CHD/LabRAM.lean:1471:4: This simp argument is unused:
  State.charge_va

Hint: Omit it from the simp argument list.
  [apply] simp only [loadA, wp, evalV_load', evalW_var, evalW_load', State.charge_w, State.charge_wa, State.charge_wlen,
    State.charge_vlen, State.setV_w, State.setV_wa, State.setV_va, State.setV_wlen, State.setV_vlen, State.setW_w,
    State.setW_wa, State.setW_va, State.setW_wlen, State.setW_vlen, hi, b1, b2, b3, b4, b5, ↓reduceIte,
    Option.bind_some, i1, i2, i3]

Note: This linter can be disabled with `set_option linter.unusedSimpArgs false`
warning: Frontier/CHD/LabRAM.lean:1471:40: This simp argument is unused:
  State.charge_vlen

Hint: Omit it from the simp argument list.
  [apply] simp only [loadA, wp, evalV_load', evalW_var, evalW_load', State.charge_w, State.charge_wa, State.charge_va,
    State.charge_wlen, State.setV_w, State.setV_wa, State.setV_va, State.setV_wlen, State.setV_vlen, State.setW_w,
    State.setW_wa, State.setW_va, State.setW_wlen, State.setW_vlen, hi, b1, b2, b3, b4, b5, ↓reduceIte,
    Option.bind_some, i1, i2, i3]

Note: This linter can be disabled with `set_option linter.unusedSimpArgs false`
warning: Frontier/CHD/LabRAM.lean:1472:4: This simp argument is unused:
  State.setV_va

Hint: Omit it from the simp argument list.
  [apply] simp only [loadA, wp, evalV_load', evalW_var, evalW_load', State.charge_w, State.charge_wa, State.charge_va,
    State.charge_wlen, State.charge_vlen, State.setV_w, State.setV_wa, State.setV_wlen, State.setV_vlen, State.setW_w,
    State.setW_wa, State.setW_va, State.setW_wlen, State.setW_vlen, hi, b1, b2, b3, b4, b5, ↓reduceIte,
    Option.bind_some, i1, i2, i3]

Note: This linter can be disabled with `set_option linter.unusedSimpArgs false`
warning: Frontier/CHD/LabRAM.lean:1472:36: This simp argument is unused:
  State.setV_vlen

Hint: Omit it from the simp argument list.
  [apply] simp only [loadA, wp, evalV_load', evalW_var, evalW_load', State.charge_w, State.charge_wa, State.charge_va,
    State.charge_wlen, State.charge_vlen, State.setV_w, State.setV_wa, State.setV_va, State.setV_wlen, State.setW_w,
    State.setW_wa, State.setW_va, State.setW_wlen, State.setW_vlen, hi, b1, b2, b3, b4, b5, ↓reduceIte,
    Option.bind_some, i1, i2, i3]

Note: This linter can be disabled with `set_option linter.unusedSimpArgs false`
warning: Frontier/CHD/LabRAM.lean:1472:82: This simp argument is unused:
  State.setW_va

Hint: Omit it from the simp argument list.
  [apply] simp only [loadA, wp, evalV_load', evalW_var, evalW_load', State.charge_w, State.charge_wa, State.charge_va,
    State.charge_wlen, State.charge_vlen, State.setV_w, State.setV_wa, State.setV_va, State.setV_wlen, State.setV_vlen,
    State.setW_w, State.setW_wa, State.setW_wlen, State.setW_vlen, hi, b1, b2, b3, b4, b5, ↓reduceIte, Option.bind_some,
    i1, i2, i3]

Note: This linter can be disabled with `set_option linter.unusedSimpArgs false`
warning: Frontier/CHD/LabRAM.lean:1473:21: This simp argument is unused:
  State.setW_vlen

Hint: Omit it from the simp argument list.
  [apply] simp only [loadA, wp, evalV_load', evalW_var, evalW_load', State.charge_w, State.charge_wa, State.charge_va,
    State.charge_wlen, State.charge_vlen, State.setV_w, State.setV_wa, State.setV_va, State.setV_wlen, State.setV_vlen,
    State.setW_w, State.setW_wa, State.setW_va, State.setW_wlen, hi, b1, b2, b3, b4, b5, ↓reduceIte, Option.bind_some,
    i1, i2, i3]

Note: This linter can be disabled with `set_option linter.unusedSimpArgs false`
warning: Frontier/CHD/LabRAM.lean:1502:64: This simp argument is unused:
  State.charge_v

Hint: Omit it from the simp argument list.
  [apply] simp only [storeA, wp, evalV_var', evalW_var, State.charge_w, State.charge_wlen, State.charge_vlen,
    State.storeV_w, State.storeV_v, State.storeV_wlen, State.storeV_vlen, State.storeW_w, State.storeW_v,
    State.storeW_wlen, State.storeW_vlen, hi, b1, b2, b3, b4, b5, ↓reduceIte, Option.bind_some, true_and]

Note: This linter can be disabled with `set_option linter.unusedSimpArgs false`
warning: Frontier/CHD/LabRAM.lean:1503:23: This simp argument is unused:
  State.charge_vlen

Hint: Omit it from the simp argument list.
  [apply] simp only [storeA, wp, evalV_var', evalW_var, State.charge_w, State.charge_v, State.charge_wlen,
    State.storeV_w, State.storeV_v, State.storeV_wlen, State.storeV_vlen, State.storeW_w, State.storeW_v,
    State.storeW_wlen, State.storeW_vlen, hi, b1, b2, b3, b4, b5, ↓reduceIte, Option.bind_some, true_and]

Note: This linter can be disabled with `set_option linter.unusedSimpArgs false`
warning: Frontier/CHD/LabRAM.lean:1503:58: This simp argument is unused:
  State.storeV_v

Hint: Omit it from the simp argument list.
  [apply] simp only [storeA, wp, evalV_var', evalW_var, State.charge_w, State.charge_v, State.charge_wlen,
    State.charge_vlen, State.storeV_w, State.storeV_wlen, State.storeV_vlen, State.storeW_w, State.storeW_v,
    State.storeW_wlen, State.storeW_vlen, hi, b1, b2, b3, b4, b5, ↓reduceIte, Option.bind_some, true_and]

Note: This linter can be disabled with `set_option linter.unusedSimpArgs false`
warning: Frontier/CHD/LabRAM.lean:1504:4: This simp argument is unused:
  State.storeV_vlen

Hint: Omit it from the simp argument list.
  [apply] simp only [storeA, wp, evalV_var', evalW_var, State.charge_w, State.charge_v, State.charge_wlen,
    State.charge_vlen, State.storeV_w, State.storeV_v, State.storeV_wlen, State.storeW_w, State.storeW_v,
    State.storeW_wlen, State.storeW_vlen, hi, b1, b2, b3, b4, b5, ↓reduceIte, Option.bind_some, true_and]

Note: This linter can be disabled with `set_option linter.unusedSimpArgs false`
warning: Frontier/CHD/LabRAM.lean:1504:39: This simp argument is unused:
  State.storeW_v

Hint: Omit it from the simp argument list.
  [apply] simp only [storeA, wp, evalV_var', evalW_var, State.charge_w, State.charge_v, State.charge_wlen,
    State.charge_vlen, State.storeV_w, State.storeV_v, State.storeV_wlen, State.storeV_vlen, State.storeW_w,
    State.storeW_wlen, State.storeW_vlen, hi, b1, b2, b3, b4, b5, ↓reduceIte, Option.bind_some, true_and]

Note: This linter can be disabled with `set_option linter.unusedSimpArgs false`
warning: Frontier/CHD/LabRAM.lean:1504:74: This simp argument is unused:
  State.storeW_vlen

Hint: Omit it from the simp argument list.
  [apply] simp only [storeA, wp, evalV_var', evalW_var, State.charge_w, State.charge_v, State.charge_wlen,
    State.charge_vlen, State.storeV_w, State.storeV_v, State.storeV_wlen, State.storeV_vlen, State.storeW_w,
    State.storeW_v, State.storeW_wlen, hi, b1, b2, b3, b4, b5, ↓reduceIte, Option.bind_some, true_and]

Note: This linter can be disabled with `set_option linter.unusedSimpArgs false`
warning: Frontier/CHD/LabRAM.lean:1505:24: This simp argument is unused:
  ↓reduceIte

Hint: Omit it from the simp argument list.
  [apply] simp only [storeA, wp, evalV_var', evalW_var, State.charge_w, State.charge_v, State.charge_wlen,
    State.charge_vlen, State.storeV_w, State.storeV_v, State.storeV_wlen, State.storeV_vlen, State.storeW_w,
    State.storeW_v, State.storeW_wlen, State.storeW_vlen, hi, b1, b2, b3, b4, b5, Option.bind_some, true_and]

Note: This linter can be disabled with `set_option linter.unusedSimpArgs false`
warning: Frontier/CHD/LabRAM.lean:1505:36: This simp argument is unused:
  Option.bind_some

Hint: Omit it from the simp argument list.
  [apply] simp only [storeA, wp, evalV_var', evalW_var, State.charge_w, State.charge_v, State.charge_wlen,
    State.charge_vlen, State.storeV_w, State.storeV_v, State.storeV_wlen, State.storeV_vlen, State.storeW_w,
    State.storeW_v, State.storeW_wlen, State.storeW_vlen, hi, b1, b2, b3, b4, b5, ↓reduceIte, true_and]

Note: This linter can be disabled with `set_option linter.unusedSimpArgs false`
⚠ [2280/2421] Replayed Frontier.Homes
warning: Frontier/Homes.lean:34:6: `dif_pos` has been deprecated: Use `dite_eq_left` instead
warning: Frontier/Homes.lean:49:6: `dif_neg` has been deprecated: Use `dite_eq_right` instead
warning: Frontier/Homes.lean:49:19: `dif_pos` has been deprecated: Use `dite_eq_left` instead
⚠ [2281/2421] Replayed Frontier.CHD.DLazy
warning: Frontier/CHD/DLazy.lean:198:0: automatically included section variable(s) unused in theorem `Frontier.CHD.DL.liveOf_all_live`:
  [Inhabited α]
consider restructuring your `variable` declarations so that the variables are not in scope or explicitly omit them:
  omit [Inhabited α] in theorem ...

Note: This linter can be disabled with `set_option linter.unusedSectionVars false`
warning: Frontier/CHD/DLazy.lean:229:7: Variable name `h` is not explicitly referenced.

Hint: The binding can be removed (if unused) or named `_` (if used implicitly). Alternatively, prefix the name with `_` to silence this warning:
  [apply] _h

Note: This linter can be disabled with `set_option linter.unusedVariables false`
warning: Frontier/CHD/DLazy.lean:242:0: automatically included section variable(s) unused in theorem `Frontier.CHD.DL.length_liveOf_le`:
  [Inhabited α]
consider restructuring your `variable` declarations so that the variables are not in scope or explicitly omit them:
  omit [Inhabited α] in theorem ...

Note: This linter can be disabled with `set_option linter.unusedSectionVars false`
warning: Frontier/CHD/DLazy.lean:245:0: automatically included section variable(s) unused in theorem `Frontier.CHD.DL.fixBlock_of_splitG`:
  [DecidableEq κ]
consider restructuring your `variable` declarations so that the variables are not in scope or explicitly omit them:
  omit [DecidableEq κ] in theorem ...

Note: This linter can be disabled with `set_option linter.unusedSectionVars false`
warning: Frontier/CHD/DLazy.lean:308:14: `dif_pos` has been deprecated: Use `dite_eq_left` instead
warning: Frontier/CHD/DLazy.lean:312:14: `dif_neg` has been deprecated: Use `dite_eq_right` instead
warning: Frontier/CHD/DLazy.lean:321:14: `dif_pos` has been deprecated: Use `dite_eq_left` instead
warning: Frontier/CHD/DLazy.lean:325:14: `dif_neg` has been deprecated: Use `dite_eq_right` instead
warning: Frontier/CHD/DLazy.lean:333:14: `dif_pos` has been deprecated: Use `dite_eq_left` instead
warning: Frontier/CHD/DLazy.lean:336:14: `dif_neg` has been deprecated: Use `dite_eq_right` instead
warning: Frontier/CHD/DLazy.lean:345:14: `dif_pos` has been deprecated: Use `dite_eq_left` instead
warning: Frontier/CHD/DLazy.lean:349:14: `dif_neg` has been deprecated: Use `dite_eq_right` instead
warning: Frontier/CHD/DLazy.lean:338:0: automatically included section variable(s) unused in theorem `Frontier.CHD.DL.prep_ne_nil`:
  [DecidableEq κ]
consider restructuring your `variable` declarations so that the variables are not in scope or explicitly omit them:
  omit [DecidableEq κ] in theorem ...

Note: This linter can be disabled with `set_option linter.unusedSectionVars false`
warning: Frontier/CHD/DLazy.lean:351:0: automatically included section variable(s) unused in theorem `Frontier.CHD.DL.prep_nil`:
  [DecidableEq κ]
consider restructuring your `variable` declarations so that the variables are not in scope or explicitly omit them:
  omit [DecidableEq κ] in theorem ...

Note: This linter can be disabled with `set_option linter.unusedSectionVars false`
warning: Frontier/CHD/DLazy.lean:359:14: `dif_pos` has been deprecated: Use `dite_eq_left` instead
warning: Frontier/CHD/DLazy.lean:361:14: `dif_neg` has been deprecated: Use `dite_eq_right` instead
warning: Frontier/CHD/DLazy.lean:353:0: automatically included section variable(s) unused in theorem `Frontier.CHD.DL.prep_nextSep`:
  [DecidableEq κ]
consider restructuring your `variable` declarations so that the variables are not in scope or explicitly omit them:
  omit [DecidableEq κ] in theorem ...

Note: This linter can be disabled with `set_option linter.unusedSectionVars false`
warning: Frontier/CHD/DLazy.lean:367:0: automatically included section variable(s) unused in theorem `Frontier.CHD.DL.wt_cons`:
  [LinearOrder α]
  [Inhabited α]
consider restructuring your `variable` declarations so that the variables are not in scope or explicitly omit them:
  omit [LinearOrder α] [Inhabited α] in theorem ...

Note: This linter can be disabled with `set_option linter.unusedSectionVars false`
warning: Frontier/CHD/DLazy.lean:376:14: `dif_pos` has been deprecated: Use `dite_eq_left` instead
warning: Frontier/CHD/DLazy.lean:397:14: `dif_neg` has been deprecated: Use `dite_eq_right` instead
warning: Frontier/CHD/DLazy.lean:406:12: Variable name `h` is not explicitly referenced.

Hint: The binding can be removed (if unused) or named `_` (if used implicitly). Alternatively, prefix the name with `_` to silence this warning:
  [apply] _h

Note: This linter can be disabled with `set_option linter.unusedVariables false`
warning: Frontier/CHD/DLazy.lean:423:49: `if_pos` has been deprecated: Use `ite_eq_left` instead
warning: Frontier/CHD/DLazy.lean:429:18: `if_neg` has been deprecated: Use `ite_eq_right` instead
warning: Frontier/CHD/DLazy.lean:442:40: `if_pos` has been deprecated: Use `ite_eq_left` instead
warning: Frontier/CHD/DLazy.lean:445:18: `if_neg` has been deprecated: Use `ite_eq_right` instead
warning: Frontier/CHD/DLazy.lean:455:40: `if_pos` has been deprecated: Use `ite_eq_left` instead
warning: Frontier/CHD/DLazy.lean:458:18: `if_neg` has been deprecated: Use `ite_eq_right` instead
warning: Frontier/CHD/DLazy.lean:474:56: `if_pos` has been deprecated: Use `ite_eq_left` instead
warning: Frontier/CHD/DLazy.lean:478:18: `if_neg` has been deprecated: Use `ite_eq_right` instead
warning: Frontier/CHD/DLazy.lean:494:40: `if_pos` has been deprecated: Use `ite_eq_left` instead
warning: Frontier/CHD/DLazy.lean:497:18: `if_neg` has been deprecated: Use `ite_eq_right` instead
warning: Frontier/CHD/DLazy.lean:595:0: automatically included section variable(s) unused in theorem `Frontier.CHD.DL.spot_nil`:
  [DecidableEq κ]
  [LinearOrder α]
  [Inhabited α]
consider restructuring your `variable` declarations so that the variables are not in scope or explicitly omit them:
  omit [DecidableEq κ] [LinearOrder α] [Inhabited α] in theorem ...

Note: This linter can be disabled with `set_option linter.unusedSectionVars false`
warning: Frontier/CHD/DLazy.lean:597:0: automatically included section variable(s) unused in theorem `Frontier.CHD.DL.spot_cons`:
  [DecidableEq κ]
  [LinearOrder α]
  [Inhabited α]
consider restructuring your `variable` declarations so that the variables are not in scope or explicitly omit them:
  omit [DecidableEq κ] [LinearOrder α] [Inhabited α] in theorem ...

Note: This linter can be disabled with `set_option linter.unusedSectionVars false`
warning: Frontier/CHD/DLazy.lean:600:0: automatically included section variable(s) unused in theorem `Frontier.CHD.DL.spot_append`:
  [DecidableEq κ]
  [LinearOrder α]
  [Inhabited α]
consider restructuring your `variable` declarations so that the variables are not in scope or explicitly omit them:
  omit [DecidableEq κ] [LinearOrder α] [Inhabited α] in theorem ...

Note: This linter can be disabled with `set_option linter.unusedSectionVars false`
warning: Frontier/CHD/DLazy.lean:603:0: automatically included section variable(s) unused in theorem `Frontier.CHD.DL.three_le_bw`:
  [DecidableEq κ]
  [LinearOrder α]
  [Inhabited α]
consider restructuring your `variable` declarations so that the variables are not in scope or explicitly omit them:
  omit [DecidableEq κ] [LinearOrder α] [Inhabited α] in theorem ...

Note: This linter can be disabled with `set_option linter.unusedSectionVars false`
warning: Frontier/CHD/DLazy.lean:613:0: automatically included section variable(s) unused in theorem `Frontier.CHD.DL.stale_block_split`:
  [DecidableEq κ]
  [Inhabited α]
consider restructuring your `variable` declarations so that the variables are not in scope or explicitly omit them:
  omit [DecidableEq κ] [Inhabited α] in theorem ...

Note: This linter can be disabled with `set_option linter.unusedSectionVars false`
warning: Frontier/CHD/DLazy.lean:652:0: automatically included section variable(s) unused in theorem `Frontier.CHD.DL.lvnd_lo`:
  [DecidableEq κ]
consider restructuring your `variable` declarations so that the variables are not in scope or explicitly omit them:
  omit [DecidableEq κ] in theorem ...

Note: This linter can be disabled with `set_option linter.unusedSectionVars false`
warning: Frontier/CHD/DLazy.lean:658:0: automatically included section variable(s) unused in theorem `Frontier.CHD.DL.lvnd_hi`:
  [DecidableEq κ]
consider restructuring your `variable` declarations so that the variables are not in scope or explicitly omit them:
  omit [DecidableEq κ] in theorem ...

Note: This linter can be disabled with `set_option linter.unusedSectionVars false`
warning: Frontier/CHD/DLazy.lean:672:14: `dif_pos` has been deprecated: Use `dite_eq_left` instead
warning: Frontier/CHD/DLazy.lean:682:14: `dif_neg` has been deprecated: Use `dite_eq_right` instead
warning: Frontier/CHD/DLazy.lean:706:14: `dif_pos` has been deprecated: Use `dite_eq_left` instead
warning: Frontier/CHD/DLazy.lean:723:14: `dif_neg` has been deprecated: Use `dite_eq_right` instead
warning: Frontier/CHD/DLazy.lean:731:56: `if_pos` has been deprecated: Use `ite_eq_left` instead
warning: Frontier/CHD/DLazy.lean:735:18: `if_neg` has been deprecated: Use `ite_eq_right` instead
warning: Frontier/CHD/DLazy.lean:754:49: `if_pos` has been deprecated: Use `ite_eq_left` instead
warning: Frontier/CHD/DLazy.lean:758:18: `if_neg` has been deprecated: Use `ite_eq_right` instead
warning: Frontier/CHD/DLazy.lean:790:14: `dif_pos` has been deprecated: Use `dite_eq_left` instead
warning: Frontier/CHD/DLazy.lean:800:14: `dif_neg` has been deprecated: Use `dite_eq_right` instead
warning: Frontier/CHD/DLazy.lean:817:49: `if_pos` has been deprecated: Use `ite_eq_left` instead
warning: Frontier/CHD/DLazy.lean:821:18: `if_neg` has been deprecated: Use `ite_eq_right` instead
warning: Frontier/CHD/DLazy.lean:832:0: automatically included section variable(s) unused in theorem `Frontier.CHD.DL.collect_acc_le`:
  [DecidableEq κ]
  [Inhabited α]
consider restructuring your `variable` declarations so that the variables are not in scope or explicitly omit them:
  omit [DecidableEq κ] [Inhabited α] in theorem ...

Note: This linter can be disabled with `set_option linter.unusedSectionVars false`
warning: Frontier/CHD/DLazy.lean:1033:23: `if_pos` has been deprecated: Use `ite_eq_left` instead
warning: Frontier/CHD/DLazy.lean:1031:0: automatically included section variable(s) unused in theorem `Frontier.CHD.DL.fixBlock_small`:
  [DecidableEq κ]
consider restructuring your `variable` declarations so that the variables are not in scope or explicitly omit them:
  omit [DecidableEq κ] in theorem ...

Note: This linter can be disabled with `set_option linter.unusedSectionVars false`
warning: Frontier/CHD/DLazy.lean:1056:0: automatically included section variable(s) unused in theorem `Frontier.CHD.DL.length_le_allEnts`:
  [DecidableEq κ]
  [LinearOrder α]
  [Inhabited α]
consider restructuring your `variable` declarations so that the variables are not in scope or explicitly omit them:
  omit [DecidableEq κ] [LinearOrder α] [Inhabited α] in theorem ...

Note: This linter can be disabled with `set_option linter.unusedSectionVars false`
warning: Frontier/CHD/DLazy.lean:1069:22: `if_true` has been deprecated: Use `ite_true` instead
warning: Frontier/CHD/DLazy.lean:1072:42: `if_false` has been deprecated: Use `ite_false` instead
warning: Frontier/CHD/DLazy.lean:1132:0: automatically included section variable(s) unused in theorem `Frontier.CHD.DL.bw_group`:
  [DecidableEq κ]
  [LinearOrder α]
  [Inhabited α]
consider restructuring your `variable` declarations so that the variables are not in scope or explicitly omit them:
  omit [DecidableEq κ] [LinearOrder α] [Inhabited α] in theorem ...

Note: This linter can be disabled with `set_option linter.unusedSectionVars false`
warning: Frontier/CHD/DLazy.lean:1349:0: automatically included section variable(s) unused in theorem `Frontier.CHD.DL.potL_new`:
  [DecidableEq κ]
  [Inhabited α]
consider restructuring your `variable` declarations so that the variables are not in scope or explicitly omit them:
  omit [DecidableEq κ] [Inhabited α] in theorem ...

Note: This linter can be disabled with `set_option linter.unusedSectionVars false`
warning: Frontier/CHD/DLazy.lean:1388:0: automatically included section variable(s) unused in theorem `Frontier.CHD.DL.groupAux_allEnts_perm`:
  [DecidableEq κ]
  [LinearOrder α]
  [Inhabited α]
consider restructuring your `variable` declarations so that the variables are not in scope or explicitly omit them:
  omit [DecidableEq κ] [LinearOrder α] [Inhabited α] in theorem ...

Note: This linter can be disabled with `set_option linter.unusedSectionVars false`
warning: Frontier/CHD/DLazy.lean:1472:4: `push_neg` has been deprecated. Prefer using `push Not` instead.
If you'd rather continue using `push_neg` in your project, you can implement it as follows:
```
open Lean.Parser.Tactic in
macro "push_neg" cfg:optConfig loc:(location)? : tactic =>
  `(tactic| push $cfg:optConfig Not $[$loc]?)
```
warning: Frontier/CHD/DLazy.lean:1553:0: automatically included section variable(s) unused in theorem `Frontier.CHD.DL.potM_new`:
  [DecidableEq κ]
  [Inhabited α]
consider restructuring your `variable` declarations so that the variables are not in scope or explicitly omit them:
  omit [DecidableEq κ] [Inhabited α] in theorem ...

Note: This linter can be disabled with `set_option linter.unusedSectionVars false`
⚠ [2282/2421] Replayed Frontier.CHD.BMLazy
warning: Frontier/CHD/BMLazy.lean:474:33: This simp argument is unused:
  min_assoc

Hint: Omit it from the simp argument list.
  [apply] simp [DS.mergeVal]

Note: This linter can be disabled with `set_option linter.unusedSimpArgs false`
warning: Frontier/CHD/BMLazy.lean:577:10: `if_pos` has been deprecated: Use `ite_eq_left` instead
warning: Frontier/CHD/BMLazy.lean:579:10: `if_neg` has been deprecated: Use `ite_eq_right` instead
warning: Frontier/CHD/BMLazy.lean:735:31: `if_pos` has been deprecated: Use `ite_eq_left` instead
warning: Frontier/CHD/BMLazy.lean:739:29: `if_pos` has been deprecated: Use `ite_eq_left` instead
warning: Frontier/CHD/BMLazy.lean:750:33: `if_pos` has been deprecated: Use `ite_eq_left` instead
warning: Frontier/CHD/BMLazy.lean:750:60: `if_pos` has been deprecated: Use `ite_eq_left` instead
warning: Frontier/CHD/BMLazy.lean:754:31: `if_pos` has been deprecated: Use `ite_eq_left` instead
warning: Frontier/CHD/BMLazy.lean:754:58: `if_pos` has been deprecated: Use `ite_eq_left` instead
warning: Frontier/CHD/BMLazy.lean:760:33: `if_pos` has been deprecated: Use `ite_eq_left` instead
warning: Frontier/CHD/BMLazy.lean:760:60: `if_neg` has been deprecated: Use `ite_eq_right` instead
warning: Frontier/CHD/BMLazy.lean:763:31: `if_pos` has been deprecated: Use `ite_eq_left` instead
warning: Frontier/CHD/BMLazy.lean:763:58: `if_neg` has been deprecated: Use `ite_eq_right` instead
warning: Frontier/CHD/BMLazy.lean:767:29: `if_neg` has been deprecated: Use `ite_eq_right` instead
warning: Frontier/CHD/BMLazy.lean:769:27: `if_neg` has been deprecated: Use `ite_eq_right` instead
warning: Frontier/CHD/BMLazy.lean:892:18: `if_neg` has been deprecated: Use `ite_eq_right` instead
warning: Frontier/CHD/BMLazy.lean:906:26: `if_pos` has been deprecated: Use `ite_eq_left` instead
warning: Frontier/CHD/BMLazy.lean:931:15: `if_neg` has been deprecated: Use `ite_eq_right` instead
warning: Frontier/CHD/BMLazy.lean:983:59: `if_pos` has been deprecated: Use `ite_eq_left` instead
warning: Frontier/CHD/BMLazy.lean:1001:10: `if_pos` has been deprecated: Use `ite_eq_left` instead
warning: Frontier/CHD/BMLazy.lean:1094:15: `if_neg` has been deprecated: Use `ite_eq_right` instead
warning: Frontier/CHD/BMLazy.lean:1181:25: `if_neg` has been deprecated: Use `ite_eq_right` instead
warning: Frontier/CHD/BMLazy.lean:1195:25: `if_neg` has been deprecated: Use `ite_eq_right` instead
warning: Frontier/CHD/BMLazy.lean:1356:29: Variable name `τ` is not explicitly referenced.

Hint: The binding can be removed (if unused) or named `_` (if used implicitly). Alternatively, prefix the name with `_` to silence this warning:
  [apply] _τ

Note: This linter can be disabled with `set_option linter.unusedVariables false`
warning: Frontier/CHD/BMLazy.lean:1537:47: `if_neg` has been deprecated: Use `ite_eq_right` instead
warning: Frontier/CHD/BMLazy.lean:1547:55: `if_pos` has been deprecated: Use `ite_eq_left` instead
warning: Frontier/CHD/BMLazy.lean:1555:34: `if_neg` has been deprecated: Use `ite_eq_right` instead
warning: Frontier/CHD/BMLazy.lean:1560:77: `if_neg` has been deprecated: Use `ite_eq_right` instead
warning: Frontier/CHD/BMLazy.lean:1583:32: `if_pos` has been deprecated: Use `ite_eq_left` instead
warning: Frontier/CHD/BMLazy.lean:1746:38: `if_pos` has been deprecated: Use `ite_eq_left` instead
warning: Frontier/CHD/BMLazy.lean:1796:53: `if_neg` has been deprecated: Use `ite_eq_right` instead
warning: Frontier/CHD/BMLazy.lean:1821:62: `if_neg` has been deprecated: Use `ite_eq_right` instead
warning: Frontier/CHD/BMLazy.lean:1836:34: `if_pos` has been deprecated: Use `ite_eq_left` instead
warning: Frontier/CHD/BMLazy.lean:1841:34: `if_pos` has been deprecated: Use `ite_eq_left` instead
warning: Frontier/CHD/BMLazy.lean:1972:47: `if_neg` has been deprecated: Use `ite_eq_right` instead
warning: Frontier/CHD/BMLazy.lean:1977:61: `if_neg` has been deprecated: Use `ite_eq_right` instead
warning: Frontier/CHD/BMLazy.lean:2036:38: `if_pos` has been deprecated: Use `ite_eq_left` instead
warning: Frontier/CHD/BMLazy.lean:2068:48: `if_pos` has been deprecated: Use `ite_eq_left` instead
warning: Frontier/CHD/BMLazy.lean:2070:53: `if_neg` has been deprecated: Use `ite_eq_right` instead
warning: Frontier/CHD/BMLazy.lean:2105:59: `if_neg` has been deprecated: Use `ite_eq_right` instead
warning: Frontier/CHD/BMLazy.lean:2231:61: Variable name `hM1` is not explicitly referenced.

Hint: The binding can be removed (if unused) or named `_` (if used implicitly). Alternatively, prefix the name with `_` to silence this warning:
  [apply] _hM1

Note: This linter can be disabled with `set_option linter.unusedVariables false`
warning: Frontier/CHD/BMLazy.lean:2233:29: Variable name `hK` is not explicitly referenced.

Hint: The binding can be removed (if unused) or named `_` (if used implicitly). Alternatively, prefix the name with `_` to silence this warning:
  [apply] _hK

Note: This linter can be disabled with `set_option linter.unusedVariables false`
warning: Frontier/CHD/BMLazy.lean:2234:5: Variable name `hab` is not explicitly referenced.

Hint: The binding can be removed (if unused) or named `_` (if used implicitly). Alternatively, prefix the name with `_` to silence this warning:
  [apply] _hab

Note: This linter can be disabled with `set_option linter.unusedVariables false`
warning: Frontier/CHD/BMLazy.lean:2485:38: `if_pos` has been deprecated: Use `ite_eq_left` instead
warning: Frontier/CHD/BMLazy.lean:2493:79: `if_pos` has been deprecated: Use `ite_eq_left` instead
warning: Frontier/CHD/BMLazy.lean:2494:85: `if_neg` has been deprecated: Use `ite_eq_right` instead
warning: Frontier/CHD/BMLazy.lean:2643:42: `if_pos` has been deprecated: Use `ite_eq_left` instead
⚠ [2283/2421] Replayed Frontier.CHD.BSearch
warning: Frontier/CHD/BSearch.lean:113:31: `if_neg` has been deprecated: Use `ite_eq_right` instead
warning: Frontier/CHD/BSearch.lean:127:70: `if_false` has been deprecated: Use `ite_false` instead
warning: Frontier/CHD/BSearch.lean:130:27: `if_pos` has been deprecated: Use `ite_eq_left` instead
warning: Frontier/CHD/BSearch.lean:151:70: `if_false` has been deprecated: Use `ite_false` instead
warning: Frontier/CHD/BSearch.lean:73:53: This simp argument is unused:
  fit_of_lt hcap1

Hint: Omit it from the simp argument list.
  [apply] simp [fit, show 0 < st.cap by omega]

Note: This linter can be disabled with `set_option linter.unusedSimpArgs false`
warning: Frontier/CHD/BSearch.lean:127:80: This simp argument is unused:
  hlor'

Hint: Omit it from the simp argument list.
  [apply] simp only [show ("bs.lo" = "bs.hi") = False from by decide, if_false]

Note: This linter can be disabled with `set_option linter.unusedSimpArgs false`
warning: Frontier/CHD/BSearch.lean:151:80: This simp argument is unused:
  hhir'

Hint: Omit it from the simp argument list.
  [apply] simp only [show ("bs.hi" = "bs.lo") = False from by decide, if_false]

Note: This linter can be disabled with `set_option linter.unusedSimpArgs false`
⚠ [2284/2421] Replayed Frontier.CHD.BaseGlue
warning: Frontier/CHD/BaseGlue.lean:37:19: `if_true` has been deprecated: Use `ite_true` instead
warning: Frontier/CHD/BaseGlue.lean:43:48: `if_true` has been deprecated: Use `ite_true` instead
warning: Frontier/CHD/BaseGlue.lean:45:23: `if_true` has been deprecated: Use `ite_true` instead
warning: Frontier/CHD/BaseGlue.lean:48:23: `if_false` has been deprecated: Use `ite_false` instead
warning: Frontier/CHD/BaseGlue.lean:51:19: `if_false` has been deprecated: Use `ite_false` instead
⚠ [2285/2421] Replayed Frontier.CHD.FPBind
warning: Frontier/CHD/FPBind.lean:141:22: Variable name `hout` is not explicitly referenced.

Hint: The binding can be removed (if unused) or named `_` (if used implicitly). Alternatively, prefix the name with `_` to silence this warning:
  [apply] _hout

Note: This linter can be disabled with `set_option linter.unusedVariables false`
warning: Frontier/CHD/FPBind.lean:142:5: Variable name `hsort` is not explicitly referenced.

Hint: The binding can be removed (if unused) or named `_` (if used implicitly). Alternatively, prefix the name with `_` to silence this warning:
  [apply] _hsort

Note: This linter can be disabled with `set_option linter.unusedVariables false`
⚠ [2286/2421] Replayed Frontier.CHD.LoopCost
warning: Frontier/CHD/LoopCost.lean:47:75: `Set.mem_setOf_eq` has been deprecated: Use `Set.mem_ofPred_eq` instead
warning: Frontier/CHD/LoopCost.lean:50:75: `Set.mem_setOf_eq` has been deprecated: Use `Set.mem_ofPred_eq` instead
⚠ [2288/2421] Replayed Frontier.CHD.Reselect
warning: Frontier/CHD/Reselect.lean:23:0: automatically included section variable(s) unused in theorem `Frontier.CHD.Reselect.PFirst.of_append`:
  [DecidableEq α]
consider restructuring your `variable` declarations so that the variables are not in scope or explicitly omit them:
  omit [DecidableEq α] in theorem ...

Note: This linter can be disabled with `set_option linter.unusedSectionVars false`
warning: Frontier/CHD/Reselect.lean:82:2: Try this: 
  haveI̵

The goal is a proposition, so `have` is preferred over `haveI`.
The difference between `have` and `haveI` is that `haveI` inlines the value.
But this is not relevant for proofs because of proof irrelevance.

Note: This linter can be disabled with `set_option linter.style.haveILetI false`
warning: Frontier/CHD/Reselect.lean:119:50: `if_pos` has been deprecated: Use `ite_eq_left` instead
warning: Frontier/CHD/Reselect.lean:134:18: `if_pos` has been deprecated: Use `ite_eq_left` instead
warning: Frontier/CHD/Reselect.lean:138:22: `if_neg` has been deprecated: Use `ite_eq_right` instead
warning: Frontier/CHD/Reselect.lean:201:0: automatically included section variable(s) unused in theorem `Frontier.CHD.Reselect.forall2_colors_le`:
  [DecidableEq α]
consider restructuring your `variable` declarations so that the variables are not in scope or explicitly omit them:
  omit [DecidableEq α] in theorem ...

Note: This linter can be disabled with `set_option linter.unusedSectionVars false`
⚠ [2292/2421] Replayed Frontier.CHD.IHeap
warning: Frontier/CHD/IHeap.lean:96:10: `if_neg` has been deprecated: Use `ite_eq_right` instead
warning: Frontier/CHD/IHeap.lean:96:29: `if_pos` has been deprecated: Use `ite_eq_left` instead
warning: Frontier/CHD/IHeap.lean:96:41: `if_pos` has been deprecated: Use `ite_eq_left` instead
warning: Frontier/CHD/IHeap.lean:98:10: `if_neg` has been deprecated: Use `ite_eq_right` instead
warning: Frontier/CHD/IHeap.lean:98:22: `if_neg` has been deprecated: Use `ite_eq_right` instead
warning: Frontier/CHD/IHeap.lean:101:12: `if_pos` has been deprecated: Use `ite_eq_left` instead
warning: Frontier/CHD/IHeap.lean:103:12: `if_neg` has been deprecated: Use `ite_eq_right` instead
warning: Frontier/CHD/IHeap.lean:106:14: `if_pos` has been deprecated: Use `ite_eq_left` instead
warning: Frontier/CHD/IHeap.lean:108:14: `if_neg` has been deprecated: Use `ite_eq_right` instead
warning: Frontier/CHD/IHeap.lean:114:8: `if_neg` has been deprecated: Use `ite_eq_right` instead
warning: Frontier/CHD/IHeap.lean:114:20: `if_neg` has been deprecated: Use `ite_eq_right` instead
warning: Frontier/CHD/IHeap.lean:117:21: `if_pos` has been deprecated: Use `ite_eq_left` instead
warning: Frontier/CHD/IHeap.lean:118:10: `if_neg` has been deprecated: Use `ite_eq_right` instead
warning: Frontier/CHD/IHeap.lean:118:22: `if_neg` has been deprecated: Use `ite_eq_right` instead
warning: Frontier/CHD/IHeap.lean:147:10: `if_pos` has been deprecated: Use `ite_eq_left` instead
warning: Frontier/CHD/IHeap.lean:147:22: `if_neg` has been deprecated: Use `ite_eq_right` instead
warning: Frontier/CHD/IHeap.lean:147:61: `if_neg` has been deprecated: Use `ite_eq_right` instead
warning: Frontier/CHD/IHeap.lean:149:10: `if_neg` has been deprecated: Use `ite_eq_right` instead
warning: Frontier/CHD/IHeap.lean:152:12: `if_pos` has been deprecated: Use `ite_eq_left` instead
warning: Frontier/CHD/IHeap.lean:152:29: `if_pos` has been deprecated: Use `ite_eq_left` instead
warning: Frontier/CHD/IHeap.lean:154:12: `if_neg` has been deprecated: Use `ite_eq_right` instead
warning: Frontier/CHD/IHeap.lean:157:20: `if_pos` has been deprecated: Use `ite_eq_left` instead
warning: Frontier/CHD/IHeap.lean:159:14: `if_neg` has been deprecated: Use `ite_eq_right` instead
warning: Frontier/CHD/IHeap.lean:159:27: `if_neg` has been deprecated: Use `ite_eq_right` instead
warning: Frontier/CHD/IHeap.lean:163:13: `if_pos` has been deprecated: Use `ite_eq_left` instead
warning: Frontier/CHD/IHeap.lean:166:8: `if_neg` has been deprecated: Use `ite_eq_right` instead
warning: Frontier/CHD/IHeap.lean:166:20: `if_neg` has been deprecated: Use `ite_eq_right` instead
warning: Frontier/CHD/IHeap.lean:257:17: `if_true` has been deprecated: Use `ite_true` instead
warning: Frontier/CHD/IHeap.lean:257:36: `if_false` has been deprecated: Use `ite_false` instead
warning: Frontier/CHD/IHeap.lean:261:24: `if_false` has been deprecated: Use `ite_false` instead
warning: Frontier/CHD/IHeap.lean:261:34: `if_true` has been deprecated: Use `ite_true` instead
warning: Frontier/CHD/IHeap.lean:263:29: `if_false` has been deprecated: Use `ite_false` instead
warning: Frontier/CHD/IHeap.lean:266:30: `if_false` has been deprecated: Use `ite_false` instead
warning: Frontier/CHD/IHeap.lean:273:17: `if_true` has been deprecated: Use `ite_true` instead
warning: Frontier/CHD/IHeap.lean:273:56: `if_false` has been deprecated: Use `ite_false` instead
warning: Frontier/CHD/IHeap.lean:277:24: `if_false` has been deprecated: Use `ite_false` instead
warning: Frontier/CHD/IHeap.lean:277:34: `if_true` has been deprecated: Use `ite_true` instead
warning: Frontier/CHD/IHeap.lean:279:29: `if_false` has been deprecated: Use `ite_false` instead
warning: Frontier/CHD/IHeap.lean:283:29: `if_false` has been deprecated: Use `ite_false` instead
warning: Frontier/CHD/IHeap.lean:293:27: `if_pos` has been deprecated: Use `ite_eq_left` instead
warning: Frontier/CHD/IHeap.lean:295:29: `if_neg` has been deprecated: Use `ite_eq_right` instead
warning: Frontier/CHD/IHeap.lean:295:41: `if_pos` has been deprecated: Use `ite_eq_left` instead
warning: Frontier/CHD/IHeap.lean:296:29: `if_neg` has been deprecated: Use `ite_eq_right` instead
warning: Frontier/CHD/IHeap.lean:296:41: `if_neg` has been deprecated: Use `ite_eq_right` instead
warning: Frontier/CHD/IHeap.lean:302:12: `if_pos` has been deprecated: Use `ite_eq_left` instead
warning: Frontier/CHD/IHeap.lean:303:12: `if_neg` has been deprecated: Use `ite_eq_right` instead
warning: Frontier/CHD/IHeap.lean:303:24: `if_pos` has been deprecated: Use `ite_eq_left` instead
warning: Frontier/CHD/IHeap.lean:305:29: `if_pos` has been deprecated: Use `ite_eq_left` instead
warning: Frontier/CHD/IHeap.lean:306:29: `if_neg` has been deprecated: Use `ite_eq_right` instead
warning: Frontier/CHD/IHeap.lean:306:41: `if_neg` has been deprecated: Use `ite_eq_right` instead
warning: Frontier/CHD/IHeap.lean:617:30: `if_false` has been deprecated: Use `ite_false` instead
warning: Frontier/CHD/IHeap.lean:626:43: `if_false` has been deprecated: Use `ite_false` instead
warning: Frontier/CHD/IHeap.lean:833:8: `if_neg` has been deprecated: Use `ite_eq_right` instead
warning: Frontier/CHD/IHeap.lean:840:78: `if_neg` has been deprecated: Use `ite_eq_right` instead
warning: Frontier/CHD/IHeap.lean:908:62: `if_pos` has been deprecated: Use `ite_eq_left` instead
warning: Frontier/CHD/IHeap.lean:946:85: `if_true` has been deprecated: Use `ite_true` instead
warning: Frontier/CHD/IHeap.lean:950:31: `if_true` has been deprecated: Use `ite_true` instead
warning: Frontier/CHD/IHeap.lean:953:70: `if_true` has been deprecated: Use `ite_true` instead
warning: Frontier/CHD/IHeap.lean:954:16: `if_neg` has been deprecated: Use `ite_eq_right` instead
warning: Frontier/CHD/IHeap.lean:957:62: `if_neg` has been deprecated: Use `ite_eq_right` instead
warning: Frontier/CHD/IHeap.lean:967:87: `if_true` has been deprecated: Use `ite_true` instead
warning: Frontier/CHD/IHeap.lean:968:14: `if_neg` has been deprecated: Use `ite_eq_right` instead
warning: Frontier/CHD/IHeap.lean:970:51: `if_true` has been deprecated: Use `ite_true` instead
warning: Frontier/CHD/IHeap.lean:971:14: `if_neg` has been deprecated: Use `ite_eq_right` instead
warning: Frontier/CHD/IHeap.lean:979:10: `if_pos` has been deprecated: Use `ite_eq_left` instead
warning: Frontier/CHD/IHeap.lean:980:100: this tactic is never executed

Note: This linter can be disabled with `set_option linter.unreachableTactic false`
warning: Frontier/CHD/IHeap.lean:842:56: Used `tac1 <;> tac2` where `(tac1; tac2)` would suffice

Note: This linter can be disabled with `set_option linter.unnecessarySeqFocus false`
warning: Frontier/CHD/IHeap.lean:875:108: Used `tac1 <;> tac2` where `(tac1; tac2)` would suffice

Note: This linter can be disabled with `set_option linter.unnecessarySeqFocus false`
warning: Frontier/CHD/IHeap.lean:934:55: Used `tac1 <;> tac2` where `(tac1; tac2)` would suffice

Note: This linter can be disabled with `set_option linter.unnecessarySeqFocus false`
warning: Frontier/CHD/IHeap.lean:960:53: Used `tac1 <;> tac2` where `(tac1; tac2)` would suffice

Note: This linter can be disabled with `set_option linter.unnecessarySeqFocus false`
warning: Frontier/CHD/IHeap.lean:875:97: Unused tactic linter: `(try simp)` does nothing

Note: This linter can be disabled with `set_option linter.unusedTactic false`
warning: Frontier/CHD/IHeap.lean:980:100: Unused tactic linter: `omega` does nothing

Note: This linter can be disabled with `set_option linter.unusedTactic false`
warning: Frontier/CHD/IHeap.lean:997:66: this tactic is never executed

Note: This linter can be disabled with `set_option linter.unreachableTactic false`
warning: Frontier/CHD/IHeap.lean:997:66: Unused tactic linter: `omega` does nothing

Note: This linter can be disabled with `set_option linter.unusedTactic false`
warning: Frontier/CHD/IHeap.lean:1061:64: `if_pos` has been deprecated: Use `ite_eq_left` instead
warning: Frontier/CHD/IHeap.lean:1069:49: `if_true` has been deprecated: Use `ite_true` instead
warning: Frontier/CHD/IHeap.lean:1072:49: `if_true` has been deprecated: Use `ite_true` instead
warning: Frontier/CHD/IHeap.lean:1078:64: `if_neg` has been deprecated: Use `ite_eq_right` instead
warning: Frontier/CHD/IHeap.lean:1095:14: `if_neg` has been deprecated: Use `ite_eq_right` instead
warning: Frontier/CHD/IHeap.lean:1046:100: Used `tac1 <;> tac2` where `(tac1; tac2)` would suffice

Note: This linter can be disabled with `set_option linter.unnecessarySeqFocus false`
warning: Frontier/CHD/IHeap.lean:1066:50: Used `tac1 <;> tac2` where `(tac1; tac2)` would suffice

Note: This linter can be disabled with `set_option linter.unnecessarySeqFocus false`
warning: Frontier/CHD/IHeap.lean:1081:109: Used `tac1 <;> tac2` where `(tac1; tac2)` would suffice

Note: This linter can be disabled with `set_option linter.unnecessarySeqFocus false`
warning: Frontier/CHD/IHeap.lean:1097:106: Used `tac1 <;> tac2` where `(tac1; tac2)` would suffice

Note: This linter can be disabled with `set_option linter.unnecessarySeqFocus false`
warning: Frontier/CHD/IHeap.lean:1046:89: Unused tactic linter: `(try simp)` does nothing

Note: This linter can be disabled with `set_option linter.unusedTactic false`
warning: Frontier/CHD/IHeap.lean:1162:8: `if_neg` has been deprecated: Use `ite_eq_right` instead
warning: Frontier/CHD/IHeap.lean:1183:73: `if_neg` has been deprecated: Use `ite_eq_right` instead
warning: Frontier/CHD/IHeap.lean:1268:62: `if_pos` has been deprecated: Use `ite_eq_left` instead
warning: Frontier/CHD/IHeap.lean:1301:85: `if_true` has been deprecated: Use `ite_true` instead
warning: Frontier/CHD/IHeap.lean:1305:31: `if_true` has been deprecated: Use `ite_true` instead
warning: Frontier/CHD/IHeap.lean:1306:16: `if_neg` has been deprecated: Use `ite_eq_right` instead
warning: Frontier/CHD/IHeap.lean:1312:70: `if_true` has been deprecated: Use `ite_true` instead
warning: Frontier/CHD/IHeap.lean:1313:16: `if_neg` has been deprecated: Use `ite_eq_right` instead
warning: Frontier/CHD/IHeap.lean:1316:62: `if_neg` has been deprecated: Use `ite_eq_right` instead
warning: Frontier/CHD/IHeap.lean:1326:87: `if_true` has been deprecated: Use `ite_true` instead
warning: Frontier/CHD/IHeap.lean:1327:14: `if_neg` has been deprecated: Use `ite_eq_right` instead
warning: Frontier/CHD/IHeap.lean:1330:51: `if_true` has been deprecated: Use `ite_true` instead
warning: Frontier/CHD/IHeap.lean:1331:14: `if_neg` has been deprecated: Use `ite_eq_right` instead
warning: Frontier/CHD/IHeap.lean:1339:10: `if_pos` has been deprecated: Use `ite_eq_left` instead
warning: Frontier/CHD/IHeap.lean:1196:92: this tactic is never executed

Note: This linter can be disabled with `set_option linter.unreachableTactic false`
warning: Frontier/CHD/IHeap.lean:1340:100: this tactic is never executed

Note: This linter can be disabled with `set_option linter.unreachableTactic false`
warning: Frontier/CHD/IHeap.lean:1178:111: Used `tac1 <;> tac2` where `(tac1; tac2)` would suffice

Note: This linter can be disabled with `set_option linter.unnecessarySeqFocus false`
warning: Frontier/CHD/IHeap.lean:1185:52: Used `tac1 <;> tac2` where `(tac1; tac2)` would suffice

Note: This linter can be disabled with `set_option linter.unnecessarySeqFocus false`
warning: Frontier/CHD/IHeap.lean:1229:98: Used `tac1 <;> tac2` where `(tac1; tac2)` would suffice

Note: This linter can be disabled with `set_option linter.unnecessarySeqFocus false`
warning: Frontier/CHD/IHeap.lean:1289:55: Used `tac1 <;> tac2` where `(tac1; tac2)` would suffice

Note: This linter can be disabled with `set_option linter.unnecessarySeqFocus false`
warning: Frontier/CHD/IHeap.lean:1319:53: Used `tac1 <;> tac2` where `(tac1; tac2)` would suffice

Note: This linter can be disabled with `set_option linter.unnecessarySeqFocus false`
warning: Frontier/CHD/IHeap.lean:1178:100: Unused tactic linter: `(try simp)` does nothing

Note: This linter can be disabled with `set_option linter.unusedTactic false`
warning: Frontier/CHD/IHeap.lean:1196:92: Unused tactic linter: `omega` does nothing

Note: This linter can be disabled with `set_option linter.unusedTactic false`
warning: Frontier/CHD/IHeap.lean:1229:87: Unused tactic linter: `(try simp)` does nothing

Note: This linter can be disabled with `set_option linter.unusedTactic false`
warning: Frontier/CHD/IHeap.lean:1340:100: Unused tactic linter: `omega` does nothing

Note: This linter can be disabled with `set_option linter.unusedTactic false`
warning: Frontier/CHD/IHeap.lean:1358:88: this tactic is never executed

Note: This linter can be disabled with `set_option linter.unreachableTactic false`
warning: Frontier/CHD/IHeap.lean:1358:88: Unused tactic linter: `omega` does nothing

Note: This linter can be disabled with `set_option linter.unusedTactic false`
warning: Frontier/CHD/IHeap.lean:1506:104: Used `tac1 <;> tac2` where `(tac1; tac2)` would suffice

Note: This linter can be disabled with `set_option linter.unnecessarySeqFocus false`
warning: Frontier/CHD/IHeap.lean:1506:93: Unused tactic linter: `(try simp)` does nothing

Note: This linter can be disabled with `set_option linter.unusedTactic false`
warning: Frontier/CHD/IHeap.lean:1556:81: `if_true` has been deprecated: Use `ite_true` instead
warning: Frontier/CHD/IHeap.lean:1546:48: this tactic is never executed

Note: This linter can be disabled with `set_option linter.unreachableTactic false`
warning: Frontier/CHD/IHeap.lean:1546:48: Unused tactic linter: `omega` does nothing

Note: This linter can be disabled with `set_option linter.unusedTactic false`
warning: Frontier/CHD/IHeap.lean:1591:104: Used `tac1 <;> tac2` where `(tac1; tac2)` would suffice

Note: This linter can be disabled with `set_option linter.unnecessarySeqFocus false`
warning: Frontier/CHD/IHeap.lean:1598:109: Used `tac1 <;> tac2` where `(tac1; tac2)` would suffice

Note: This linter can be disabled with `set_option linter.unnecessarySeqFocus false`
warning: Frontier/CHD/IHeap.lean:1632:106: Used `tac1 <;> tac2` where `(tac1; tac2)` would suffice

Note: This linter can be disabled with `set_option linter.unnecessarySeqFocus false`
warning: Frontier/CHD/IHeap.lean:1591:93: Unused tactic linter: `(try simp)` does nothing

Note: This linter can be disabled with `set_option linter.unusedTactic false`
warning: Frontier/CHD/IHeap.lean:1632:95: Unused tactic linter: `(try simp)` does nothing

Note: This linter can be disabled with `set_option linter.unusedTactic false`
warning: Frontier/CHD/IHeap.lean:1682:39: `if_neg` has been deprecated: Use `ite_eq_right` instead
warning: Frontier/CHD/IHeap.lean:1673:116: this tactic is never executed

Note: This linter can be disabled with `set_option linter.unreachableTactic false`
warning: Frontier/CHD/IHeap.lean:1683:130: this tactic is never executed

Note: This linter can be disabled with `set_option linter.unreachableTactic false`
warning: Frontier/CHD/IHeap.lean:1673:116: Unused tactic linter: `omega` does nothing

Note: This linter can be disabled with `set_option linter.unusedTactic false`
warning: Frontier/CHD/IHeap.lean:1683:130: Unused tactic linter: `omega` does nothing

Note: This linter can be disabled with `set_option linter.unusedTactic false`
warning: Frontier/CHD/IHeap.lean:1728:73: `if_pos` has been deprecated: Use `ite_eq_left` instead
warning: Frontier/CHD/IHeap.lean:1749:48: Used `tac1 <;> tac2` where `(tac1; tac2)` would suffice

Note: This linter can be disabled with `set_option linter.unnecessarySeqFocus false`
warning: Frontier/CHD/IHeap.lean:1769:46: Used `tac1 <;> tac2` where `(tac1; tac2)` would suffice

Note: This linter can be disabled with `set_option linter.unnecessarySeqFocus false`
warning: Frontier/CHD/IHeap.lean:1820:120: this tactic is never executed

Note: This linter can be disabled with `set_option linter.unreachableTactic false`
warning: Frontier/CHD/IHeap.lean:1820:120: Unused tactic linter: `omega` does nothing

Note: This linter can be disabled with `set_option linter.unusedTactic false`
⚠ [2293/2421] Replayed Frontier.CHD.LabI
warning: Frontier/CHD/LabI.lean:211:53: This simp argument is unused:
  State.charge

Hint: Omit it from the simp argument list.
  [apply] simp [State.setW, State.setV]

Note: This linter can be disabled with `set_option linter.unusedSimpArgs false`
warning: Frontier/CHD/LabI.lean:211:67: This simp argument is unused:
  State.setW

Hint: Omit it from the simp argument list.
  [apply] simp [State.charge, State.setV]

Note: This linter can be disabled with `set_option linter.unusedSimpArgs false`
warning: Frontier/CHD/LabI.lean:211:79: This simp argument is unused:
  State.setV

Hint: Omit it from the simp argument list.
  [apply] simp [State.charge, State.setW]

Note: This linter can be disabled with `set_option linter.unusedSimpArgs false`
warning: Frontier/CHD/LabI.lean:218:6: This simp argument is unused:
  n "#h" "#h" (by simp) (by simp)

Hint: Omit it from the simp argument list.
  [apply] simp only [slotBlk, slotF, ↓reduceIte, n "#v" "#h" (by simp) (by simp), n "#e" "#h" (by simp) (by simp),
    n "#r" "#h" (by simp) (by simp), n "#v" "#v" (by simp) (by simp), n "#e" "#v" (by simp) (by simp),
    n "#r" "#v" (by simp) (by simp), n "#e" "#e" (by simp) (by simp), n "#r" "#e" (by simp) (by simp),
    n "#r" "#r" (by simp) (by simp), n "#f" "#h" (by simp) (by simp), n "#f" "#v" (by simp) (by simp),
    n "#f" "#e" (by simp) (by simp), n "#f" "#r" (by simp) (by simp), n "#f" "#f" (by simp) (by simp),
    n "#l" "#l" (by simp) (by simp), m "#h" "#v" (by decide) (by simp) (by simp),
    m "#h" "#e" (by decide) (by simp) (by simp), m "#h" "#r" (by decide) (by simp) (by simp),
    m "#h" "#f" (by decide) (by simp) (by simp), m "#v" "#e" (by decide) (by simp) (by simp),
    m "#v" "#r" (by decide) (by simp) (by simp), m "#v" "#f" (by decide) (by simp) (by simp),
    m "#e" "#r" (by decide) (by simp) (by simp), m "#e" "#f" (by decide) (by simp) (by simp),
    m "#r" "#f" (by decide) (by simp) (by simp), and_self]

Note: This linter can be disabled with `set_option linter.unusedSimpArgs false`
warning: Frontier/CHD/LabI.lean:220:6: This simp argument is unused:
  n "#v" "#v" (by simp) (by simp)

Hint: Omit it from the simp argument list.
  [apply] simp only [slotBlk, slotF, ↓reduceIte, n "#h" "#h" (by simp) (by simp), n "#v" "#h" (by simp) (by simp),
    n "#e" "#h" (by simp) (by simp), n "#r" "#h" (by simp) (by simp), n "#e" "#v" (by simp) (by simp),
    n "#r" "#v" (by simp) (by simp), n "#e" "#e" (by simp) (by simp), n "#r" "#e" (by simp) (by simp),
    n "#r" "#r" (by simp) (by simp), n "#f" "#h" (by simp) (by simp), n "#f" "#v" (by simp) (by simp),
    n "#f" "#e" (by simp) (by simp), n "#f" "#r" (by simp) (by simp), n "#f" "#f" (by simp) (by simp),
    n "#l" "#l" (by simp) (by simp), m "#h" "#v" (by decide) (by simp) (by simp),
    m "#h" "#e" (by decide) (by simp) (by simp), m "#h" "#r" (by decide) (by simp) (by simp),
    m "#h" "#f" (by decide) (by simp) (by simp), m "#v" "#e" (by decide) (by simp) (by simp),
    m "#v" "#r" (by decide) (by simp) (by simp), m "#v" "#f" (by decide) (by simp) (by simp),
    m "#e" "#r" (by decide) (by simp) (by simp), m "#e" "#f" (by decide) (by simp) (by simp),
    m "#r" "#f" (by decide) (by simp) (by simp), and_self]

Note: This linter can be disabled with `set_option linter.unusedSimpArgs false`
warning: Frontier/CHD/LabI.lean:221:39: This simp argument is unused:
  n "#e" "#e" (by simp) (by simp)

Hint: Omit it from the simp argument list.
  [apply] simp only [slotBlk, slotF, ↓reduceIte, n "#h" "#h" (by simp) (by simp), n "#v" "#h" (by simp) (by simp),
    n "#e" "#h" (by simp) (by simp), n "#r" "#h" (by simp) (by simp), n "#v" "#v" (by simp) (by simp),
    n "#e" "#v" (by simp) (by simp), n "#r" "#v" (by simp) (by simp), n "#r" "#e" (by simp) (by simp),
    n "#r" "#r" (by simp) (by simp), n "#f" "#h" (by simp) (by simp), n "#f" "#v" (by simp) (by simp),
    n "#f" "#e" (by simp) (by simp), n "#f" "#r" (by simp) (by simp), n "#f" "#f" (by simp) (by simp),
    n "#l" "#l" (by simp) (by simp), m "#h" "#v" (by decide) (by simp) (by simp),
    m "#h" "#e" (by decide) (by simp) (by simp), m "#h" "#r" (by decide) (by simp) (by simp),
    m "#h" "#f" (by decide) (by simp) (by simp), m "#v" "#e" (by decide) (by simp) (by simp),
    m "#v" "#r" (by decide) (by simp) (by simp), m "#v" "#f" (by decide) (by simp) (by simp),
    m "#e" "#r" (by decide) (by simp) (by simp), m "#e" "#f" (by decide) (by simp) (by simp),
    m "#r" "#f" (by decide) (by simp) (by simp), and_self]

Note: This linter can be disabled with `set_option linter.unusedSimpArgs false`
warning: Frontier/CHD/LabI.lean:222:39: This simp argument is unused:
  n "#r" "#r" (by simp) (by simp)

Hint: Omit it from the simp argument list.
  [apply] simp only [slotBlk, slotF, ↓reduceIte, n "#h" "#h" (by simp) (by simp), n "#v" "#h" (by simp) (by simp),
    n "#e" "#h" (by simp) (by simp), n "#r" "#h" (by simp) (by simp), n "#v" "#v" (by simp) (by simp),
    n "#e" "#v" (by simp) (by simp), n "#r" "#v" (by simp) (by simp), n "#e" "#e" (by simp) (by simp),
    n "#r" "#e" (by simp) (by simp), n "#f" "#h" (by simp) (by simp), n "#f" "#v" (by simp) (by simp),
    n "#f" "#e" (by simp) (by simp), n "#f" "#r" (by simp) (by simp), n "#f" "#f" (by simp) (by simp),
    n "#l" "#l" (by simp) (by simp), m "#h" "#v" (by decide) (by simp) (by simp),
    m "#h" "#e" (by decide) (by simp) (by simp), m "#h" "#r" (by decide) (by simp) (by simp),
    m "#h" "#f" (by decide) (by simp) (by simp), m "#v" "#e" (by decide) (by simp) (by simp),
    m "#v" "#r" (by decide) (by simp) (by simp), m "#v" "#f" (by decide) (by simp) (by simp),
    m "#e" "#r" (by decide) (by simp) (by simp), m "#e" "#f" (by decide) (by simp) (by simp),
    m "#r" "#f" (by decide) (by simp) (by simp), and_self]

Note: This linter can be disabled with `set_option linter.unusedSimpArgs false`
warning: Frontier/CHD/LabI.lean:225:6: This simp argument is unused:
  n "#f" "#f" (by simp) (by simp)

Hint: Omit it from the simp argument list.
  [apply] simp only [slotBlk, slotF, ↓reduceIte, n "#h" "#h" (by simp) (by simp), n "#v" "#h" (by simp) (by simp),
    n "#e" "#h" (by simp) (by simp), n "#r" "#h" (by simp) (by simp), n "#v" "#v" (by simp) (by simp),
    n "#e" "#v" (by simp) (by simp), n "#r" "#v" (by simp) (by simp), n "#e" "#e" (by simp) (by simp),
    n "#r" "#e" (by simp) (by simp), n "#r" "#r" (by simp) (by simp), n "#f" "#h" (by simp) (by simp),
    n "#f" "#v" (by simp) (by simp), n "#f" "#e" (by simp) (by simp), n "#f" "#r" (by simp) (by simp),
    n "#l" "#l" (by simp) (by simp), m "#h" "#v" (by decide) (by simp) (by simp),
    m "#h" "#e" (by decide) (by simp) (by simp), m "#h" "#r" (by decide) (by simp) (by simp),
    m "#h" "#f" (by decide) (by simp) (by simp), m "#v" "#e" (by decide) (by simp) (by simp),
    m "#v" "#r" (by decide) (by simp) (by simp), m "#v" "#f" (by decide) (by simp) (by simp),
    m "#e" "#r" (by decide) (by simp) (by simp), m "#e" "#f" (by decide) (by simp) (by simp),
    m "#r" "#f" (by decide) (by simp) (by simp), and_self]

Note: This linter can be disabled with `set_option linter.unusedSimpArgs false`
warning: Frontier/CHD/LabI.lean:225:39: This simp argument is unused:
  n "#l" "#l" (by simp) (by simp)

Hint: Omit it from the simp argument list.
  [apply] simp only [slotBlk, slotF, ↓reduceIte, n "#h" "#h" (by simp) (by simp), n "#v" "#h" (by simp) (by simp),
    n "#e" "#h" (by simp) (by simp), n "#r" "#h" (by simp) (by simp), n "#v" "#v" (by simp) (by simp),
    n "#e" "#v" (by simp) (by simp), n "#r" "#v" (by simp) (by simp), n "#e" "#e" (by simp) (by simp),
    n "#r" "#e" (by simp) (by simp), n "#r" "#r" (by simp) (by simp), n "#f" "#h" (by simp) (by simp),
    n "#f" "#v" (by simp) (by simp), n "#f" "#e" (by simp) (by simp), n "#f" "#r" (by simp) (by simp),
    n "#f" "#f" (by simp) (by simp), m "#h" "#v" (by decide) (by simp) (by simp),
    m "#h" "#e" (by decide) (by simp) (by simp), m "#h" "#r" (by decide) (by simp) (by simp),
    m "#h" "#f" (by decide) (by simp) (by simp), m "#v" "#e" (by decide) (by simp) (by simp),
    m "#v" "#r" (by decide) (by simp) (by simp), m "#v" "#f" (by decide) (by simp) (by simp),
    m "#e" "#r" (by decide) (by simp) (by simp), m "#e" "#f" (by decide) (by simp) (by simp),
    m "#r" "#f" (by decide) (by simp) (by simp), and_self]

Note: This linter can be disabled with `set_option linter.unusedSimpArgs false`
warning: Frontier/CHD/LabI.lean:393:4: try 'simp' instead of 'simpa'

Note: This linter can be disabled with `set_option linter.unnecessarySimpa false`
⚠ [2294/2421] Replayed Frontier.CHD.MergeSort
warning: Frontier/CHD/MergeSort.lean:269:55: `if_pos` has been deprecated: Use `ite_eq_left` instead
warning: Frontier/CHD/MergeSort.lean:279:55: `if_neg` has been deprecated: Use `ite_eq_right` instead
warning: Frontier/CHD/MergeSort.lean:459:25: `if_neg` has been deprecated: Use `ite_eq_right` instead
warning: Frontier/CHD/MergeSort.lean:468:46: `if_neg` has been deprecated: Use `ite_eq_right` instead
warning: Frontier/CHD/MergeSort.lean:470:34: `if_neg` has been deprecated: Use `ite_eq_right` instead
warning: Frontier/CHD/MergeSort.lean:478:46: `if_neg` has been deprecated: Use `ite_eq_right` instead
warning: Frontier/CHD/MergeSort.lean:480:34: `if_neg` has been deprecated: Use `ite_eq_right` instead
warning: Frontier/CHD/MergeSort.lean:488:46: `if_neg` has been deprecated: Use `ite_eq_right` instead
warning: Frontier/CHD/MergeSort.lean:490:34: `if_neg` has been deprecated: Use `ite_eq_right` instead
warning: Frontier/CHD/MergeSort.lean:498:46: `if_neg` has been deprecated: Use `ite_eq_right` instead
warning: Frontier/CHD/MergeSort.lean:500:34: `if_neg` has been deprecated: Use `ite_eq_right` instead
warning: Frontier/CHD/MergeSort.lean:759:17: `if_true` has been deprecated: Use `ite_true` instead
warning: Frontier/CHD/MergeSort.lean:765:22: `if_false` has been deprecated: Use `ite_false` instead
warning: Frontier/CHD/MergeSort.lean:771:31: `if_false` has been deprecated: Use `ite_false` instead
warning: Frontier/CHD/MergeSort.lean:817:17: `if_true` has been deprecated: Use `ite_true` instead
warning: Frontier/CHD/MergeSort.lean:823:22: `if_false` has been deprecated: Use `ite_false` instead
warning: Frontier/CHD/MergeSort.lean:829:31: `if_false` has been deprecated: Use `ite_false` instead
warning: Frontier/CHD/MergeSort.lean:852:35: `if_pos` has been deprecated: Use `ite_eq_left` instead
warning: Frontier/CHD/MergeSort.lean:889:67: `if_false` has been deprecated: Use `ite_false` instead
warning: Frontier/CHD/MergeSort.lean:908:67: `if_false` has been deprecated: Use `ite_false` instead
warning: Frontier/CHD/MergeSort.lean:913:33: `if_neg` has been deprecated: Use `ite_eq_right` instead
warning: Frontier/CHD/MergeSort.lean:934:57: `if_neg` has been deprecated: Use `ite_eq_right` instead
warning: Frontier/CHD/MergeSort.lean:1063:46: `if_pos` has been deprecated: Use `ite_eq_left` instead
warning: Frontier/CHD/MergeSort.lean:1098:51: `if_true` has been deprecated: Use `ite_true` instead
warning: Frontier/CHD/MergeSort.lean:1119:54: `if_neg` has been deprecated: Use `ite_eq_right` instead
warning: Frontier/CHD/MergeSort.lean:1183:47: `if_pos` has been deprecated: Use `ite_eq_left` instead
warning: Frontier/CHD/MergeSort.lean:1211:23: `if_true` has been deprecated: Use `ite_true` instead
warning: Frontier/CHD/MergeSort.lean:1214:28: `if_false` has been deprecated: Use `ite_false` instead
warning: Frontier/CHD/MergeSort.lean:1222:49: `if_neg` has been deprecated: Use `ite_eq_right` instead
warning: Frontier/CHD/MergeSort.lean:1271:45: `if_pos` has been deprecated: Use `ite_eq_left` instead
warning: Frontier/CHD/MergeSort.lean:1296:53: `if_true` has been deprecated: Use `ite_true` instead
warning: Frontier/CHD/MergeSort.lean:1309:49: `if_neg` has been deprecated: Use `ite_eq_right` instead
warning: Frontier/CHD/MergeSort.lean:1412:135: `if_true` has been deprecated: Use `ite_true` instead
⚠ [2295/2421] Replayed Frontier.CHD.PartitionRAM
warning: Frontier/CHD/PartitionRAM.lean:43:15: `List.dropLast_cons₂` has been deprecated: Use `List.dropLast_cons_cons` instead
warning: Frontier/CHD/PartitionRAM.lean:72:6: `if_neg` has been deprecated: Use `ite_eq_right` instead
warning: Frontier/CHD/PartitionRAM.lean:78:6: `if_neg` has been deprecated: Use `ite_eq_right` instead
warning: Frontier/CHD/PartitionRAM.lean:164:64: `if_true` has been deprecated: Use `ite_true` instead
warning: Frontier/CHD/PartitionRAM.lean:164:73: `if_false` has been deprecated: Use `ite_false` instead
warning: Frontier/CHD/PartitionRAM.lean:182:40: `if_true` has been deprecated: Use `ite_true` instead
warning: Frontier/CHD/PartitionRAM.lean:182:49: `if_false` has been deprecated: Use `ite_false` instead
warning: Frontier/CHD/PartitionRAM.lean:215:24: `if_true` has been deprecated: Use `ite_true` instead
warning: Frontier/CHD/PartitionRAM.lean:215:33: `if_false` has been deprecated: Use `ite_false` instead
warning: Frontier/CHD/PartitionRAM.lean:237:24: `if_true` has been deprecated: Use `ite_true` instead
warning: Frontier/CHD/PartitionRAM.lean:237:33: `if_false` has been deprecated: Use `ite_false` instead
warning: Frontier/CHD/PartitionRAM.lean:162:100: This simp argument is unused:
  and_false

Hint: Omit it from the simp argument list.
  [apply] simp only [spliceBlk, wp, evalW_load', evalW_add', evalW_var, evalW_lit', evalW_eq', State.setW_w,
    State.charge_w, State.charge_wa, State.charge_wlen, State.charge_cap, State.setW_wa, State.setW_wlen,
    State.setW_cap, State.storeW_w, State.storeW_wa, State.storeW_wlen, State.storeW_cap, State.charge_cost,
    State.setW_cost, State.storeW_cost, hb, hi, hfit1, Option.bind_some, htvl, ite_true, htv, hparl, hpar, hanp_l,
    hanv_l, hanp, hanv, String.reduceEq, ite_false, hfit0, hfitone, List.length_nil, true_and, and_true, false_and,
    ne_eq, one_ne_zero, not_false_eq_true, true_implies, List.nil_append, List.length_singleton, List.head_cons,
    List.getLast_singleton, hafp_l, halp_l, if_true, if_false, h10, false_implies, and_true]

Note: This linter can be disabled with `set_option linter.unusedSimpArgs false`
warning: Frontier/CHD/PartitionRAM.lean:163:15: This simp argument is unused:
  one_ne_zero

Hint: Omit it from the simp argument list.
  [apply] simp only [spliceBlk, wp, evalW_load', evalW_add', evalW_var, evalW_lit', evalW_eq', State.setW_w,
    State.charge_w, State.charge_wa, State.charge_wlen, State.charge_cap, State.setW_wa, State.setW_wlen,
    State.setW_cap, State.storeW_w, State.storeW_wa, State.storeW_wlen, State.storeW_cap, State.charge_cost,
    State.setW_cost, State.storeW_cost, hb, hi, hfit1, Option.bind_some, htvl, ite_true, htv, hparl, hpar, hanp_l,
    hanv_l, hanp, hanv, String.reduceEq, ite_false, hfit0, hfitone, List.length_nil, true_and, and_true, false_and,
    and_false, ne_eq, not_false_eq_true, true_implies, List.nil_append, List.length_singleton, List.head_cons,
    List.getLast_singleton, hafp_l, halp_l, if_true, if_false, h10, false_implies, and_true]

Note: This linter can be disabled with `set_option linter.unusedSimpArgs false`
warning: Frontier/CHD/PartitionRAM.lean:164:64: This simp argument is unused:
  if_true

Hint: Omit it from the simp argument list.
  [apply] simp only [spliceBlk, wp, evalW_load', evalW_add', evalW_var, evalW_lit', evalW_eq', State.setW_w,
    State.charge_w, State.charge_wa, State.charge_wlen, State.charge_cap, State.setW_wa, State.setW_wlen,
    State.setW_cap, State.storeW_w, State.storeW_wa, State.storeW_wlen, State.storeW_cap, State.charge_cost,
    State.setW_cost, State.storeW_cost, hb, hi, hfit1, Option.bind_some, htvl, ite_true, htv, hparl, hpar, hanp_l,
    hanv_l, hanp, hanv, String.reduceEq, ite_false, hfit0, hfitone, List.length_nil, true_and, and_true, false_and,
    and_false, ne_eq, one_ne_zero, not_false_eq_true, true_implies, List.nil_append, List.length_singleton,
    List.head_cons, List.getLast_singleton, hafp_l, halp_l, if_false, h10, false_implies, and_true]

Note: This linter can be disabled with `set_option linter.unusedSimpArgs false`
warning: Frontier/CHD/PartitionRAM.lean:164:73: This simp argument is unused:
  if_false

Hint: Omit it from the simp argument list.
  [apply] simp only [spliceBlk, wp, evalW_load', evalW_add', evalW_var, evalW_lit', evalW_eq', State.setW_w,
    State.charge_w, State.charge_wa, State.charge_wlen, State.charge_cap, State.setW_wa, State.setW_wlen,
    State.setW_cap, State.storeW_w, State.storeW_wa, State.storeW_wlen, State.storeW_cap, State.charge_cost,
    State.setW_cost, State.storeW_cost, hb, hi, hfit1, Option.bind_some, htvl, ite_true, htv, hparl, hpar, hanp_l,
    hanv_l, hanp, hanv, String.reduceEq, ite_false, hfit0, hfitone, List.length_nil, true_and, and_true, false_and,
    and_false, ne_eq, one_ne_zero, not_false_eq_true, true_implies, List.nil_append, List.length_singleton,
    List.head_cons, List.getLast_singleton, hafp_l, halp_l, if_true, h10, false_implies, and_true]

Note: This linter can be disabled with `set_option linter.unusedSimpArgs false`
warning: Frontier/CHD/PartitionRAM.lean:180:100: This simp argument is unused:
  and_false

Hint: Omit it from the simp argument list.
  [apply] simp only [spliceBlk, wp, evalW_load', evalW_add', evalW_var, evalW_lit', evalW_eq', State.setW_w,
    State.charge_w, State.charge_wa, State.charge_wlen, State.charge_cap, State.setW_wa, State.setW_wlen,
    State.setW_cap, State.storeW_w, State.storeW_wa, State.storeW_wlen, State.storeW_cap, State.charge_cost,
    State.setW_cost, State.storeW_cost, hb, hi, hfit1, Option.bind_some, htvl, ite_true, htv, hparl, hpar, hanp_l,
    hanv_l, hanp, hanv, String.reduceEq, ite_false, hfit0, hfitone, List.length_nil, true_and, and_true, false_and,
    ne_eq, one_ne_zero, not_false_eq_true, true_implies, List.nil_append, List.length_cons, List.head_cons, hafp_l,
    halp_l, if_true, if_false, h10, false_implies, hlv, hlv', hnxv_l, hafv_l, halv_l, hafv', halv', hfitL, hfitL',
    Nat.zero_add, not_true_eq_false, (show (v = p) = False by simp [Ne.symm hpv])]

Note: This linter can be disabled with `set_option linter.unusedSimpArgs false`
warning: Frontier/CHD/PartitionRAM.lean:181:15: This simp argument is unused:
  one_ne_zero

Hint: Omit it from the simp argument list.
  [apply] simp only [spliceBlk, wp, evalW_load', evalW_add', evalW_var, evalW_lit', evalW_eq', State.setW_w,
    State.charge_w, State.charge_wa, State.charge_wlen, State.charge_cap, State.setW_wa, State.setW_wlen,
    State.setW_cap, State.storeW_w, State.storeW_wa, State.storeW_wlen, State.storeW_cap, State.charge_cost,
    State.setW_cost, State.storeW_cost, hb, hi, hfit1, Option.bind_some, htvl, ite_true, htv, hparl, hpar, hanp_l,
    hanv_l, hanp, hanv, String.reduceEq, ite_false, hfit0, hfitone, List.length_nil, true_and, and_true, false_and,
    and_false, ne_eq, not_false_eq_true, true_implies, List.nil_append, List.length_cons, List.head_cons, hafp_l,
    halp_l, if_true, if_false, h10, false_implies, hlv, hlv', hnxv_l, hafv_l, halv_l, hafv', halv', hfitL, hfitL',
    Nat.zero_add, not_true_eq_false, (show (v = p) = False by simp [Ne.symm hpv])]

Note: This linter can be disabled with `set_option linter.unusedSimpArgs false`
warning: Frontier/CHD/PartitionRAM.lean:182:40: This simp argument is unused:
  if_true

Hint: Omit it from the simp argument list.
  [apply] simp only [spliceBlk, wp, evalW_load', evalW_add', evalW_var, evalW_lit', evalW_eq', State.setW_w,
    State.charge_w, State.charge_wa, State.charge_wlen, State.charge_cap, State.setW_wa, State.setW_wlen,
    State.setW_cap, State.storeW_w, State.storeW_wa, State.storeW_wlen, State.storeW_cap, State.charge_cost,
    State.setW_cost, State.storeW_cost, hb, hi, hfit1, Option.bind_some, htvl, ite_true, htv, hparl, hpar, hanp_l,
    hanv_l, hanp, hanv, String.reduceEq, ite_false, hfit0, hfitone, List.length_nil, true_and, and_true, false_and,
    and_false, ne_eq, one_ne_zero, not_false_eq_true, true_implies, List.nil_append, List.length_cons, List.head_cons,
    hafp_l, halp_l, if_false, h10, false_implies, hlv, hlv', hnxv_l, hafv_l, halv_l, hafv', halv', hfitL, hfitL',
    Nat.zero_add, not_true_eq_false, (show (v = p) = False by simp [Ne.symm hpv])]

Note: This linter can be disabled with `set_option linter.unusedSimpArgs false`
warning: Frontier/CHD/PartitionRAM.lean:182:49: This simp argument is unused:
  if_false

Hint: Omit it from the simp argument list.
  [apply] simp only [spliceBlk, wp, evalW_load', evalW_add', evalW_var, evalW_lit', evalW_eq', State.setW_w,
    State.charge_w, State.charge_wa, State.charge_wlen, State.charge_cap, State.setW_wa, State.setW_wlen,
    State.setW_cap, State.storeW_w, State.storeW_wa, State.storeW_wlen, State.storeW_cap, State.charge_cost,
    State.setW_cost, State.storeW_cost, hb, hi, hfit1, Option.bind_some, htvl, ite_true, htv, hparl, hpar, hanp_l,
    hanv_l, hanp, hanv, String.reduceEq, ite_false, hfit0, hfitone, List.length_nil, true_and, and_true, false_and,
    and_false, ne_eq, one_ne_zero, not_false_eq_true, true_implies, List.nil_append, List.length_cons, List.head_cons,
    hafp_l, halp_l, if_true, h10, false_implies, hlv, hlv', hnxv_l, hafv_l, halv_l, hafv', halv', hfitL, hfitL',
    Nat.zero_add, not_true_eq_false, (show (v = p) = False by simp [Ne.symm hpv])]

Note: This linter can be disabled with `set_option linter.unusedSimpArgs false`
warning: Frontier/CHD/PartitionRAM.lean:182:84: This simp argument is unused:
  hlv'

Hint: Omit it from the simp argument list.
  [apply] simp only [spliceBlk, wp, evalW_load', evalW_add', evalW_var, evalW_lit', evalW_eq', State.setW_w,
    State.charge_w, State.charge_wa, State.charge_wlen, State.charge_cap, State.setW_wa, State.setW_wlen,
    State.setW_cap, State.storeW_w, State.storeW_wa, State.storeW_wlen, State.storeW_cap, State.charge_cost,
    State.setW_cost, State.storeW_cost, hb, hi, hfit1, Option.bind_some, htvl, ite_true, htv, hparl, hpar, hanp_l,
    hanv_l, hanp, hanv, String.reduceEq, ite_false, hfit0, hfitone, List.length_nil, true_and, and_true, false_and,
    and_false, ne_eq, one_ne_zero, not_false_eq_true, true_implies, List.nil_append, List.length_cons, List.head_cons,
    hafp_l, halp_l, if_true, if_false, h10, false_implies, hlv, hnxv_l, hafv_l, halv_l, hafv', halv', hfitL, hfitL',
    Nat.zero_add, not_true_eq_false, (show (v = p) = False by simp [Ne.symm hpv])]

Note: This linter can be disabled with `set_option linter.unusedSimpArgs false`
warning: Frontier/CHD/PartitionRAM.lean:183:29: This simp argument is unused:
  hfitL'

Hint: Omit it from the simp argument list.
  [apply] simp only [spliceBlk, wp, evalW_load', evalW_add', evalW_var, evalW_lit', evalW_eq', State.setW_w,
    State.charge_w, State.charge_wa, State.charge_wlen, State.charge_cap, State.setW_wa, State.setW_wlen,
    State.setW_cap, State.storeW_w, State.storeW_wa, State.storeW_wlen, State.storeW_cap, State.charge_cost,
    State.setW_cost, State.storeW_cost, hb, hi, hfit1, Option.bind_some, htvl, ite_true, htv, hparl, hpar, hanp_l,
    hanv_l, hanp, hanv, String.reduceEq, ite_false, hfit0, hfitone, List.length_nil, true_and, and_true, false_and,
    and_false, ne_eq, one_ne_zero, not_false_eq_true, true_implies, List.nil_append, List.length_cons, List.head_cons,
    hafp_l, halp_l, if_true, if_false, h10, false_implies, hlv, hlv', hnxv_l, hafv_l, halv_l, hafv', halv', hfitL,
    Nat.zero_add, not_true_eq_false, (show (v = p) = False by simp [Ne.symm hpv])]

Note: This linter can be disabled with `set_option linter.unusedSimpArgs false`
warning: Frontier/CHD/PartitionRAM.lean:213:100: This simp argument is unused:
  and_false

Hint: Omit it from the simp argument list.
  [apply] simp only [spliceBlk, wp, evalW_load', evalW_add', evalW_var, evalW_lit', evalW_eq', State.setW_w,
    State.charge_w, State.charge_wa, State.charge_wlen, State.charge_cap, State.setW_wa, State.setW_wlen,
    State.setW_cap, State.storeW_w, State.storeW_wa, State.storeW_wlen, State.storeW_cap, State.charge_cost,
    State.setW_cost, State.storeW_cost, hb, hi, hfit1, Option.bind_some, htvl, ite_true, htv, hparl, hpar, hanp_l,
    hanv_l, hanp, hanv, String.reduceEq, ite_false, hfit0, hfitone, List.length_nil, true_and, and_true, false_and,
    ne_eq, one_ne_zero, not_false_eq_true, true_implies, List.length_append, List.length_cons, hafp_l, halp_l, if_true,
    if_false, h10, false_implies, hlp, hnxv_l, hafv_l, halv_l, hafp', halp', hnxl', hfitL, hfitL', Nat.add_zero,
    not_true_eq_false, (show (v = p) = False by simp [Ne.symm hpv])]

Note: This linter can be disabled with `set_option linter.unusedSimpArgs false`
warning: Frontier/CHD/PartitionRAM.lean:214:15: This simp argument is unused:
  one_ne_zero

Hint: Omit it from the simp argument list.
  [apply] simp only [spliceBlk, wp, evalW_load', evalW_add', evalW_var, evalW_lit', evalW_eq', State.setW_w,
    State.charge_w, State.charge_wa, State.charge_wlen, State.charge_cap, State.setW_wa, State.setW_wlen,
    State.setW_cap, State.storeW_w, State.storeW_wa, State.storeW_wlen, State.storeW_cap, State.charge_cost,
    State.setW_cost, State.storeW_cost, hb, hi, hfit1, Option.bind_some, htvl, ite_true, htv, hparl, hpar, hanp_l,
    hanv_l, hanp, hanv, String.reduceEq, ite_false, hfit0, hfitone, List.length_nil, true_and, and_true, false_and,
    and_false, ne_eq, not_false_eq_true, true_implies, List.length_append, List.length_cons, hafp_l, halp_l, if_true,
    if_false, h10, false_implies, hlp, hnxv_l, hafv_l, halv_l, hafp', halp', hnxl', hfitL, hfitL', Nat.add_zero,
    not_true_eq_false, (show (v = p) = False by simp [Ne.symm hpv])]

Note: This linter can be disabled with `set_option linter.unusedSimpArgs false`
warning: Frontier/CHD/PartitionRAM.lean:215:24: This simp argument is unused:
  if_true

Hint: Omit it from the simp argument list.
  [apply] simp only [spliceBlk, wp, evalW_load', evalW_add', evalW_var, evalW_lit', evalW_eq', State.setW_w,
    State.charge_w, State.charge_wa, State.charge_wlen, State.charge_cap, State.setW_wa, State.setW_wlen,
    State.setW_cap, State.storeW_w, State.storeW_wa, State.storeW_wlen, State.storeW_cap, State.charge_cost,
    State.setW_cost, State.storeW_cost, hb, hi, hfit1, Option.bind_some, htvl, ite_true, htv, hparl, hpar, hanp_l,
    hanv_l, hanp, hanv, String.reduceEq, ite_false, hfit0, hfitone, List.length_nil, true_and, and_true, false_and,
    and_false, ne_eq, one_ne_zero, not_false_eq_true, true_implies, List.length_append, List.length_cons, hafp_l,
    halp_l, if_false, h10, false_implies, hlp, hnxv_l, hafv_l, halv_l, hafp', halp', hnxl', hfitL, hfitL', Nat.add_zero,
    not_true_eq_false, (show (v = p) = False by simp [Ne.symm hpv])]

Note: This linter can be disabled with `set_option linter.unusedSimpArgs false`
warning: Frontier/CHD/PartitionRAM.lean:215:33: This simp argument is unused:
  if_false

Hint: Omit it from the simp argument list.
  [apply] simp only [spliceBlk, wp, evalW_load', evalW_add', evalW_var, evalW_lit', evalW_eq', State.setW_w,
    State.charge_w, State.charge_wa, State.charge_wlen, State.charge_cap, State.setW_wa, State.setW_wlen,
    State.setW_cap, State.storeW_w, State.storeW_wa, State.storeW_wlen, State.storeW_cap, State.charge_cost,
    State.setW_cost, State.storeW_cost, hb, hi, hfit1, Option.bind_some, htvl, ite_true, htv, hparl, hpar, hanp_l,
    hanv_l, hanp, hanv, String.reduceEq, ite_false, hfit0, hfitone, List.length_nil, true_and, and_true, false_and,
    and_false, ne_eq, one_ne_zero, not_false_eq_true, true_implies, List.length_append, List.length_cons, hafp_l,
    halp_l, if_true, h10, false_implies, hlp, hnxv_l, hafv_l, halv_l, hafp', halp', hnxl', hfitL, hfitL', Nat.add_zero,
    not_true_eq_false, (show (v = p) = False by simp [Ne.symm hpv])]

Note: This linter can be disabled with `set_option linter.unusedSimpArgs false`
warning: Frontier/CHD/PartitionRAM.lean:216:36: This simp argument is unused:
  hfitL'

Hint: Omit it from the simp argument list.
  [apply] simp only [spliceBlk, wp, evalW_load', evalW_add', evalW_var, evalW_lit', evalW_eq', State.setW_w,
    State.charge_w, State.charge_wa, State.charge_wlen, State.charge_cap, State.setW_wa, State.setW_wlen,
    State.setW_cap, State.storeW_w, State.storeW_wa, State.storeW_wlen, State.storeW_cap, State.charge_cost,
    State.setW_cost, State.storeW_cost, hb, hi, hfit1, Option.bind_some, htvl, ite_true, htv, hparl, hpar, hanp_l,
    hanv_l, hanp, hanv, String.reduceEq, ite_false, hfit0, hfitone, List.length_nil, true_and, and_true, false_and,
    and_false, ne_eq, one_ne_zero, not_false_eq_true, true_implies, List.length_append, List.length_cons, hafp_l,
    halp_l, if_true, if_false, h10, false_implies, hlp, hnxv_l, hafv_l, halv_l, hafp', halp', hnxl', hfitL,
    Nat.add_zero, not_true_eq_false, (show (v = p) = False by simp [Ne.symm hpv])]

Note: This linter can be disabled with `set_option linter.unusedSimpArgs false`
warning: Frontier/CHD/PartitionRAM.lean:236:15: This simp argument is unused:
  one_ne_zero

Hint: Omit it from the simp argument list.
  [apply] simp only [spliceBlk, wp, evalW_load', evalW_add', evalW_var, evalW_lit', evalW_eq', State.setW_w,
    State.charge_w, State.charge_wa, State.charge_wlen, State.charge_cap, State.setW_wa, State.setW_wlen,
    State.setW_cap, State.storeW_w, State.storeW_wa, State.storeW_wlen, State.storeW_cap, State.charge_cost,
    State.setW_cost, State.storeW_cost, hb, hi, hfit1, Option.bind_some, htvl, ite_true, htv, hparl, hpar, hanp_l,
    hanv_l, hanp, hanv, String.reduceEq, ite_false, hfit0, hfitone, true_and, and_true, false_and, ne_eq,
    not_false_eq_true, true_implies, List.length_append, List.length_cons, hafp_l, halp_l, if_true, if_false, h10,
    false_implies, hlp, hlv, hnxv_l, hafv_l, halv_l, hafp', halp', hnxl', hafv', halv', hfitL, hfitL',
    not_true_eq_false, (show (v = p) = False by simp [Ne.symm hpv]), hvl]

Note: This linter can be disabled with `set_option linter.unusedSimpArgs false`
warning: Frontier/CHD/PartitionRAM.lean:236:28: This simp argument is unused:
  not_false_eq_true

Hint: Omit it from the simp argument list.
  [apply] simp only [spliceBlk, wp, evalW_load', evalW_add', evalW_var, evalW_lit', evalW_eq', State.setW_w,
    State.charge_w, State.charge_wa, State.charge_wlen, State.charge_cap, State.setW_wa, State.setW_wlen,
    State.setW_cap, State.storeW_w, State.storeW_wa, State.storeW_wlen, State.storeW_cap, State.charge_cost,
    State.setW_cost, State.storeW_cost, hb, hi, hfit1, Option.bind_some, htvl, ite_true, htv, hparl, hpar, hanp_l,
    hanv_l, hanp, hanv, String.reduceEq, ite_false, hfit0, hfitone, true_and, and_true, false_and, ne_eq, one_ne_zero,
    true_implies, List.length_append, List.length_cons, hafp_l, halp_l, if_true, if_false, h10, false_implies, hlp, hlv,
    hnxv_l, hafv_l, halv_l, hafp', halp', hnxl', hafv', halv', hfitL, hfitL', not_true_eq_false,
    (show (v = p) = False by simp [Ne.symm hpv]), hvl]

Note: This linter can be disabled with `set_option linter.unusedSimpArgs false`
warning: Frontier/CHD/PartitionRAM.lean:237:24: This simp argument is unused:
  if_true

Hint: Omit it from the simp argument list.
  [apply] simp only [spliceBlk, wp, evalW_load', evalW_add', evalW_var, evalW_lit', evalW_eq', State.setW_w,
    State.charge_w, State.charge_wa, State.charge_wlen, State.charge_cap, State.setW_wa, State.setW_wlen,
    State.setW_cap, State.storeW_w, State.storeW_wa, State.storeW_wlen, State.storeW_cap, State.charge_cost,
    State.setW_cost, State.storeW_cost, hb, hi, hfit1, Option.bind_some, htvl, ite_true, htv, hparl, hpar, hanp_l,
    hanv_l, hanp, hanv, String.reduceEq, ite_false, hfit0, hfitone, true_and, and_true, false_and, ne_eq, one_ne_zero,
    not_false_eq_true, true_implies, List.length_append, List.length_cons, hafp_l, halp_l, if_false, h10, false_implies,
    hlp, hlv, hnxv_l, hafv_l, halv_l, hafp', halp', hnxl', hafv', halv', hfitL, hfitL', not_true_eq_false,
    (show (v = p) = False by simp [Ne.symm hpv]), hvl]

Note: This linter can be disabled with `set_option linter.unusedSimpArgs false`
warning: Frontier/CHD/PartitionRAM.lean:237:33: This simp argument is unused:
  if_false

Hint: Omit it from the simp argument list.
  [apply] simp only [spliceBlk, wp, evalW_load', evalW_add', evalW_var, evalW_lit', evalW_eq', State.setW_w,
    State.charge_w, State.charge_wa, State.charge_wlen, State.charge_cap, State.setW_wa, State.setW_wlen,
    State.setW_cap, State.storeW_w, State.storeW_wa, State.storeW_wlen, State.storeW_cap, State.charge_cost,
    State.setW_cost, State.storeW_cost, hb, hi, hfit1, Option.bind_some, htvl, ite_true, htv, hparl, hpar, hanp_l,
    hanv_l, hanp, hanv, String.reduceEq, ite_false, hfit0, hfitone, true_and, and_true, false_and, ne_eq, one_ne_zero,
    not_false_eq_true, true_implies, List.length_append, List.length_cons, hafp_l, halp_l, if_true, h10, false_implies,
    hlp, hlv, hnxv_l, hafv_l, halv_l, hafp', halp', hnxl', hafv', halv', hfitL, hfitL', not_true_eq_false,
    (show (v = p) = False by simp [Ne.symm hpv]), hvl]

Note: This linter can be disabled with `set_option linter.unusedSimpArgs false`
warning: Frontier/CHD/PartitionRAM.lean:237:43: This simp argument is unused:
  h10

Hint: Omit it from the simp argument list.
  [apply] simp only [spliceBlk, wp, evalW_load', evalW_add', evalW_var, evalW_lit', evalW_eq', State.setW_w,
    State.charge_w, State.charge_wa, State.charge_wlen, State.charge_cap, State.setW_wa, State.setW_wlen,
    State.setW_cap, State.storeW_w, State.storeW_wa, State.storeW_wlen, State.storeW_cap, State.charge_cost,
    State.setW_cost, State.storeW_cost, hb, hi, hfit1, Option.bind_some, htvl, ite_true, htv, hparl, hpar, hanp_l,
    hanv_l, hanp, hanv, String.reduceEq, ite_false, hfit0, hfitone, true_and, and_true, false_and, ne_eq, one_ne_zero,
    not_false_eq_true, true_implies, List.length_append, List.length_cons, hafp_l, halp_l, if_true, if_false,
    false_implies, hlp, hlv, hnxv_l, hafv_l, halv_l, hafp', halp', hnxl', hafv', halv', hfitL, hfitL',
    not_true_eq_false, (show (v = p) = False by simp [Ne.symm hpv]), hvl]

Note: This linter can be disabled with `set_option linter.unusedSimpArgs false`
warning: Frontier/CHD/PartitionRAM.lean:239:54: This simp argument is unused:
  hvl

Hint: Omit it from the simp argument list.
  [apply] simp only [spliceBlk, wp, evalW_load', evalW_add', evalW_var, evalW_lit', evalW_eq', State.setW_w,
    State.charge_w, State.charge_wa, State.charge_wlen, State.charge_cap, State.setW_wa, State.setW_wlen,
    State.setW_cap, State.storeW_w, State.storeW_wa, State.storeW_wlen, State.storeW_cap, State.charge_cost,
    State.setW_cost, State.storeW_cost, hb, hi, hfit1, Option.bind_some, htvl, ite_true, htv, hparl, hpar, hanp_l,
    hanv_l, hanp, hanv, String.reduceEq, ite_false, hfit0, hfitone, true_and, and_true, false_and, ne_eq, one_ne_zero,
    not_false_eq_true, true_implies, List.length_append, List.length_cons, hafp_l, halp_l, if_true, if_false, h10,
    false_implies, hlp, hlv, hnxv_l, hafv_l, halv_l, hafp', halp', hnxl', hafv', halv', hfitL, hfitL',
    not_true_eq_false, (show (v = p) = False by simp [Ne.symm hpv])]

Note: This linter can be disabled with `set_option linter.unusedSimpArgs false`
warning: Frontier/CHD/PartitionRAM.lean:312:24: This simp argument is unused:
  one_ne_zero

Hint: Omit it from the simp argument list.
  [apply] simp only [reportBlk, wp, evalW_load', evalW_add', evalW_var, evalW_lit', evalW_lt', State.setW_w,
    State.charge_w, State.charge_wa, State.charge_wlen, State.charge_cap, State.setW_wa, State.setW_wlen,
    State.setW_cap, State.storeW_w, State.storeW_wa, State.storeW_wlen, State.storeW_cap, State.charge_cost,
    State.setW_cost, State.storeW_cost, hp, hap, hnp, hkm1, hnlt, hfit0, hfitone, hfitnp, Option.bind_some, hPT, hPF,
    hPL, hPN, hafl, hall, hanl, String.reduceEq, ne_eq, not_true_eq_false, false_implies, true_implies, true_and,
    and_true, false_and, ite_false, ite_true, eq_self_iff_true]

Note: This linter can be disabled with `set_option linter.unusedSimpArgs false`
warning: Frontier/CHD/PartitionRAM.lean:312:69: This simp argument is unused:
  eq_self_iff_true

Hint: Omit it from the simp argument list.
  [apply] simp only [reportBlk, wp, evalW_load', evalW_add', evalW_var, evalW_lit', evalW_lt', State.setW_w,
    State.charge_w, State.charge_wa, State.charge_wlen, State.charge_cap, State.setW_wa, State.setW_wlen,
    State.setW_cap, State.storeW_w, State.storeW_wa, State.storeW_wlen, State.storeW_cap, State.charge_cost,
    State.setW_cost, State.storeW_cost, hp, hap, hnp, hkm1, hnlt, hfit0, hfitone, hfitnp, Option.bind_some, hPT, hPF,
    hPL, hPN, hafl, hall, hanl, String.reduceEq, ne_eq, not_true_eq_false, false_implies, true_implies, true_and,
    and_true, one_ne_zero, false_and, ite_false, ite_true]

Note: This linter can be disabled with `set_option linter.unusedSimpArgs false`
warning: Frontier/CHD/PartitionRAM.lean:386:2: Try this: 
  haveI̵

The goal is a proposition, so `have` is preferred over `haveI`.
The difference between `have` and `haveI` is that `haveI` inlines the value.
But this is not relevant for proofs because of proof irrelevance.

Note: This linter can be disabled with `set_option linter.style.haveILetI false`
warning: Frontier/CHD/PartitionRAM.lean:405:20: Variable name `hs` is not explicitly referenced.

Hint: The binding can be removed (if unused) or named `_` (if used implicitly). Alternatively, prefix the name with `_` to silence this warning:
  [apply] _hs

Note: This linter can be disabled with `set_option linter.unusedVariables false`
warning: Frontier/CHD/PartitionRAM.lean:722:49: `if_neg` has been deprecated: Use `ite_eq_right` instead
warning: Frontier/CHD/PartitionRAM.lean:746:26: Variable name `b` is not explicitly referenced.

Hint: The binding can be removed (if unused) or named `_` (if used implicitly). Alternatively, prefix the name with `_` to silence this warning:
  [apply] _b

Note: This linter can be disabled with `set_option linter.unusedVariables false`
warning: Frontier/CHD/PartitionRAM.lean:838:49: `if_neg` has been deprecated: Use `ite_eq_right` instead
warning: Frontier/CHD/PartitionRAM.lean:901:26: This simp argument is unused:
  eq_self_iff_true

Hint: Omit it from the simp argument list.
  [apply] simp only [finBlk, wp, evalW_load', evalW_add', evalW_var, evalW_lit', evalW_eq', State.setW_w,
    State.charge_w, State.charge_wa, State.charge_wlen, State.charge_cap, State.setW_wa, State.setW_wlen,
    State.setW_cap, State.storeW_w, State.storeW_wa, State.storeW_wlen, State.storeW_cap, State.charge_cost,
    State.setW_cost, State.storeW_cost, hb, hbl, hr, hnp, hnp0, ite_true, hfit1, hfitnp, Option.bind_some, hr1, hr2,
    hr3, hP1, hP2, hP3, hP4, String.reduceEq, ne_eq, one_ne_zero, not_false_eq_true, true_implies, true_and, and_true,
    false_and, ite_false, not_true_eq_false, false_implies]

Note: This linter can be disabled with `set_option linter.unusedSimpArgs false`
warning: Frontier/CHD/PartitionRAM.lean:901:44: This simp argument is unused:
  not_true_eq_false

Hint: Omit it from the simp argument list.
  [apply] simp only [finBlk, wp, evalW_load', evalW_add', evalW_var, evalW_lit', evalW_eq', State.setW_w,
    State.charge_w, State.charge_wa, State.charge_wlen, State.charge_cap, State.setW_wa, State.setW_wlen,
    State.setW_cap, State.storeW_w, State.storeW_wa, State.storeW_wlen, State.storeW_cap, State.charge_cost,
    State.setW_cost, State.storeW_cost, hb, hbl, hr, hnp, hnp0, ite_true, hfit1, hfitnp, Option.bind_some, hr1, hr2,
    hr3, hP1, hP2, hP3, hP4, String.reduceEq, ne_eq, one_ne_zero, not_false_eq_true, true_implies, true_and, and_true,
    false_and, ite_false, eq_self_iff_true, false_implies]

Note: This linter can be disabled with `set_option linter.unusedSimpArgs false`
warning: Frontier/CHD/PartitionRAM.lean:934:35: This simp argument is unused:
  eq_self_iff_true

Hint: Omit it from the simp argument list.
  [apply] simp only [finBlk, wp, evalW_load', evalW_add', evalW_sub', evalW_var, evalW_lit', evalW_eq', State.setW_w,
    State.charge_w, State.charge_wa, State.charge_wlen, State.charge_cap, State.setW_wa, State.setW_wlen,
    State.setW_cap, State.storeW_w, State.storeW_wa, State.storeW_wlen, State.storeW_cap, State.charge_cost,
    State.setW_cost, State.storeW_cost, hb, hbl, hr, hnp, hnp0, hne', ite_true, ite_false, hfit0, hfit1,
    Option.bind_some, hrl, han, hPl, String.reduceEq, ne_eq, one_ne_zero, not_false_eq_true, true_implies, true_and,
    and_true, false_and, not_true_eq_false, false_implies]

Note: This linter can be disabled with `set_option linter.unusedSimpArgs false`
warning: Frontier/CHD/PartitionRAM.lean:970:89: This simp argument is unused:
  one_ne_zero

Hint: Omit it from the simp argument list.
  [apply] simp only [finBlk, wp, evalW_load', evalW_add', evalW_sub', evalW_var, evalW_lit', evalW_eq', State.setW_w,
    State.charge_w, State.charge_wa, State.charge_wlen, State.charge_cap, State.setW_wa, State.setW_wlen,
    State.setW_cap, State.storeW_w, State.storeW_wa, State.storeW_wlen, State.storeW_cap, State.charge_cost,
    State.setW_cost, State.storeW_cost, hb, hbl, hr, hnp, hnp0, hne', han', ite_true, ite_false, hfit0, hfit1, hfitS,
    Option.bind_some, hr1, hr2, hr3, hP1, hP2, hP4, hnxl, String.reduceEq, ne_eq, not_false_eq_true, true_implies,
    true_and, and_true, false_and, eq_self_iff_true, not_true_eq_false, false_implies]

Note: This linter can be disabled with `set_option linter.unusedSimpArgs false`
warning: Frontier/CHD/PartitionRAM.lean:971:4: This simp argument is unused:
  not_false_eq_true

Hint: Omit it from the simp argument list.
  [apply] simp only [finBlk, wp, evalW_load', evalW_add', evalW_sub', evalW_var, evalW_lit', evalW_eq', State.setW_w,
    State.charge_w, State.charge_wa, State.charge_wlen, State.charge_cap, State.setW_wa, State.setW_wlen,
    State.setW_cap, State.storeW_w, State.storeW_wa, State.storeW_wlen, State.storeW_cap, State.charge_cost,
    State.setW_cost, State.storeW_cost, hb, hbl, hr, hnp, hnp0, hne', han', ite_true, ite_false, hfit0, hfit1, hfitS,
    Option.bind_some, hr1, hr2, hr3, hP1, hP2, hP4, hnxl, String.reduceEq, ne_eq, one_ne_zero, true_implies, true_and,
    and_true, false_and, eq_self_iff_true, not_true_eq_false, false_implies]

Note: This linter can be disabled with `set_option linter.unusedSimpArgs false`
warning: Frontier/CHD/PartitionRAM.lean:971:68: This simp argument is unused:
  eq_self_iff_true

Hint: Omit it from the simp argument list.
  [apply] simp only [finBlk, wp, evalW_load', evalW_add', evalW_sub', evalW_var, evalW_lit', evalW_eq', State.setW_w,
    State.charge_w, State.charge_wa, State.charge_wlen, State.charge_cap, State.setW_wa, State.setW_wlen,
    State.setW_cap, State.storeW_w, State.storeW_wa, State.storeW_wlen, State.storeW_cap, State.charge_cost,
    State.setW_cost, State.storeW_cost, hb, hbl, hr, hnp, hnp0, hne', han', ite_true, ite_false, hfit0, hfit1, hfitS,
    Option.bind_some, hr1, hr2, hr3, hP1, hP2, hP4, hnxl, String.reduceEq, ne_eq, one_ne_zero, not_false_eq_true,
    true_implies, true_and, and_true, false_and, not_true_eq_false, false_implies]

Note: This linter can be disabled with `set_option linter.unusedSimpArgs false`
⚠ [2296/2421] Replayed Frontier.CHD.PartitionRAM2
warning: Frontier/CHD/PartitionRAM2.lean:27:24: Variable name `b` is not explicitly referenced.

Hint: The binding can be removed (if unused) or named `_` (if used implicitly). Alternatively, prefix the name with `_` to silence this warning:
  [apply] _b

Note: This linter can be disabled with `set_option linter.unusedVariables false`
warning: Frontier/CHD/PartitionRAM2.lean:67:95: `if_pos` has been deprecated: Use `ite_eq_left` instead
warning: Frontier/CHD/PartitionRAM2.lean:68:30: `if_false` has been deprecated: Use `ite_false` instead
warning: Frontier/CHD/PartitionRAM2.lean:68:53: `if_true` has been deprecated: Use `ite_true` instead
warning: Frontier/CHD/PartitionRAM2.lean:67:22: This simp argument is unused:
  State.charge_cost

Hint: Omit it from the simp argument list.
  [apply] simp only [initBody, wp, evalW_load', evalW_add', evalW_sub', evalW_var, evalW_lit', State.setW_w,
    State.charge_w, State.charge_wa, State.charge_wlen, State.charge_cap, State.setW_wa, State.setW_wlen,
    State.setW_cap, State.setW_cost, hri, hfit1, hfit0, Option.bind_some, if_pos rfl, hbreg, String.reduceEq, if_false,
    hfitb, htvl, if_true, htvj, hanl, true_and]

Note: This linter can be disabled with `set_option linter.unusedSimpArgs false`
warning: Frontier/CHD/PartitionRAM2.lean:67:41: This simp argument is unused:
  State.setW_cost

Hint: Omit it from the simp argument list.
  [apply] simp only [initBody, wp, evalW_load', evalW_add', evalW_sub', evalW_var, evalW_lit', State.setW_w,
    State.charge_w, State.charge_wa, State.charge_wlen, State.charge_cap, State.setW_wa, State.setW_wlen,
    State.setW_cap, State.charge_cost, hri, hfit1, hfit0, Option.bind_some, if_pos rfl, hbreg, String.reduceEq,
    if_false, hfitb, htvl, if_true, htvj, hanl, true_and]

Note: This linter can be disabled with `set_option linter.unusedSimpArgs false`
warning: Frontier/CHD/PartitionRAM2.lean:67:95: This simp argument is unused:
  if_pos rfl

Hint: Omit it from the simp argument list.
  [apply] simp only [initBody, wp, evalW_load', evalW_add', evalW_sub', evalW_var, evalW_lit', State.setW_w,
    State.charge_w, State.charge_wa, State.charge_wlen, State.charge_cap, State.setW_wa, State.setW_wlen,
    State.setW_cap, State.charge_cost, State.setW_cost, hri, hfit1, hfit0, Option.bind_some, hbreg, String.reduceEq,
    if_false, hfitb, htvl, if_true, htvj, hanl, true_and]

Note: This linter can be disabled with `set_option linter.unusedSimpArgs false`
warning: Frontier/CHD/PartitionRAM2.lean:172:51: `if_neg` has been deprecated: Use `ite_eq_right` instead
warning: Frontier/CHD/PartitionRAM2.lean:271:0: automatically included section variable(s) unused in theorem `Frontier.CHD.PartitionRAM.parentFirst_congr`:
  [DecidableEq α]
consider restructuring your `variable` declarations so that the variables are not in scope or explicitly omit them:
  omit [DecidableEq α] in theorem ...

Note: This linter can be disabled with `set_option linter.unusedSectionVars false`
warning: Frontier/CHD/PartitionRAM2.lean:527:70: `if_false` has been deprecated: Use `ite_false` instead
warning: Frontier/CHD/PartitionRAM2.lean:543:53: `if_neg` has been deprecated: Use `ite_eq_right` instead
⚠ [2297/2421] Replayed Frontier.CHD.PartitionRAM3
warning: Frontier/CHD/PartitionRAM3.lean:86:4: This simp argument is unused:
  and_false

Hint: Omit it from the simp argument list.
  [apply] simp only [testAdd, wp, evalW_load', evalW_add', evalW_var, evalW_lit', evalW_eq', State.setW_w,
    State.charge_w, State.charge_wa, State.charge_wlen, State.charge_cap, State.setW_wa, State.setW_wlen,
    State.setW_cap, State.storeW_w, State.storeW_wa, State.storeW_wlen, State.storeW_cap, State.charge_cost,
    State.setW_cost, State.storeW_cost, hx, hgv, hS, hQ, hA, h1, h2, h3, hgvl, hfit0, hfit1, hfitg, Option.bind_some,
    String.reduceEq, ite_true, ite_false, ne_eq, one_ne_zero, not_false_eq_true, true_implies, true_and, and_true,
    false_and, not_true_eq_false, false_implies, eq_self_iff_true]

Note: This linter can be disabled with `set_option linter.unusedSimpArgs false`
warning: Frontier/CHD/PartitionRAM3.lean:86:15: This simp argument is unused:
  not_true_eq_false

Hint: Omit it from the simp argument list.
  [apply] simp only [testAdd, wp, evalW_load', evalW_add', evalW_var, evalW_lit', evalW_eq', State.setW_w,
    State.charge_w, State.charge_wa, State.charge_wlen, State.charge_cap, State.setW_wa, State.setW_wlen,
    State.setW_cap, State.storeW_w, State.storeW_wa, State.storeW_wlen, State.storeW_cap, State.charge_cost,
    State.setW_cost, State.storeW_cost, hx, hgv, hS, hQ, hA, h1, h2, h3, hgvl, hfit0, hfit1, hfitg, Option.bind_some,
    String.reduceEq, ite_true, ite_false, ne_eq, one_ne_zero, not_false_eq_true, true_implies, true_and, and_true,
    false_and, and_false, false_implies, eq_self_iff_true]

Note: This linter can be disabled with `set_option linter.unusedSimpArgs false`
warning: Frontier/CHD/PartitionRAM3.lean:86:49: This simp argument is unused:
  eq_self_iff_true

Hint: Omit it from the simp argument list.
  [apply] simp only [testAdd, wp, evalW_load', evalW_add', evalW_var, evalW_lit', evalW_eq', State.setW_w,
    State.charge_w, State.charge_wa, State.charge_wlen, State.charge_cap, State.setW_wa, State.setW_wlen,
    State.setW_cap, State.storeW_w, State.storeW_wa, State.storeW_wlen, State.storeW_cap, State.charge_cost,
    State.setW_cost, State.storeW_cost, hx, hgv, hS, hQ, hA, h1, h2, h3, hgvl, hfit0, hfit1, hfitg, Option.bind_some,
    String.reduceEq, ite_true, ite_false, ne_eq, one_ne_zero, not_false_eq_true, true_implies, true_and, and_true,
    false_and, and_false, not_true_eq_false, false_implies]

Note: This linter can be disabled with `set_option linter.unusedSimpArgs false`
warning: Frontier/CHD/PartitionRAM3.lean:113:18: This simp argument is unused:
  false_and

Hint: Omit it from the simp argument list.
  [apply] simp only [testAdd, wp, evalW_load', evalW_var, evalW_lit', evalW_eq', State.setW_w, State.charge_w,
    State.charge_wa, State.charge_wlen, State.charge_cap, State.setW_wa, State.setW_wlen, State.setW_cap,
    State.charge_cost, State.setW_cost, hx, hS, hQ, hA', h1, h2, h3, hfit0, hfit1, Option.bind_some, String.reduceEq,
    ite_true, ite_false, ne_eq, one_ne_zero, not_false_eq_true, true_implies, true_and, and_true, and_false,
    not_true_eq_false, false_implies, eq_self_iff_true]

Note: This linter can be disabled with `set_option linter.unusedSimpArgs false`
warning: Frontier/CHD/PartitionRAM3.lean:113:29: This simp argument is unused:
  and_false

Hint: Omit it from the simp argument list.
  [apply] simp only [testAdd, wp, evalW_load', evalW_var, evalW_lit', evalW_eq', State.setW_w, State.charge_w,
    State.charge_wa, State.charge_wlen, State.charge_cap, State.setW_wa, State.setW_wlen, State.setW_cap,
    State.charge_cost, State.setW_cost, hx, hS, hQ, hA', h1, h2, h3, hfit0, hfit1, Option.bind_some, String.reduceEq,
    ite_true, ite_false, ne_eq, one_ne_zero, not_false_eq_true, true_implies, true_and, and_true, false_and,
    not_true_eq_false, false_implies, eq_self_iff_true]

Note: This linter can be disabled with `set_option linter.unusedSimpArgs false`
warning: Frontier/CHD/PartitionRAM3.lean:113:74: This simp argument is unused:
  eq_self_iff_true

Hint: Omit it from the simp argument list.
  [apply] simp only [testAdd, wp, evalW_load', evalW_var, evalW_lit', evalW_eq', State.setW_w, State.charge_w,
    State.charge_wa, State.charge_wlen, State.charge_cap, State.setW_wa, State.setW_wlen, State.setW_cap,
    State.charge_cost, State.setW_cost, hx, hS, hQ, hA', h1, h2, h3, hfit0, hfit1, Option.bind_some, String.reduceEq,
    ite_true, ite_false, ne_eq, one_ne_zero, not_false_eq_true, true_implies, true_and, and_true, false_and, and_false,
    not_true_eq_false, false_implies]

Note: This linter can be disabled with `set_option linter.unusedSimpArgs false`
warning: Frontier/CHD/PartitionRAM3.lean:124:18: This simp argument is unused:
  false_and

Hint: Omit it from the simp argument list.
  [apply] simp only [testAdd, wp, evalW_load', evalW_var, evalW_lit', evalW_eq', State.setW_w, State.charge_w,
    State.charge_wa, State.charge_wlen, State.charge_cap, State.setW_wa, State.setW_wlen, State.setW_cap,
    State.charge_cost, State.setW_cost, hx, hS, hQ', h1, h2, h3, hfit0, hfit1, Option.bind_some, String.reduceEq,
    ite_true, ite_false, ne_eq, one_ne_zero, not_false_eq_true, true_implies, true_and, and_true, and_false,
    not_true_eq_false, false_implies, eq_self_iff_true]

Note: This linter can be disabled with `set_option linter.unusedSimpArgs false`
warning: Frontier/CHD/PartitionRAM3.lean:124:29: This simp argument is unused:
  and_false

Hint: Omit it from the simp argument list.
  [apply] simp only [testAdd, wp, evalW_load', evalW_var, evalW_lit', evalW_eq', State.setW_w, State.charge_w,
    State.charge_wa, State.charge_wlen, State.charge_cap, State.setW_wa, State.setW_wlen, State.setW_cap,
    State.charge_cost, State.setW_cost, hx, hS, hQ', h1, h2, h3, hfit0, hfit1, Option.bind_some, String.reduceEq,
    ite_true, ite_false, ne_eq, one_ne_zero, not_false_eq_true, true_implies, true_and, and_true, false_and,
    not_true_eq_false, false_implies, eq_self_iff_true]

Note: This linter can be disabled with `set_option linter.unusedSimpArgs false`
warning: Frontier/CHD/PartitionRAM3.lean:124:74: This simp argument is unused:
  eq_self_iff_true

Hint: Omit it from the simp argument list.
  [apply] simp only [testAdd, wp, evalW_load', evalW_var, evalW_lit', evalW_eq', State.setW_w, State.charge_w,
    State.charge_wa, State.charge_wlen, State.charge_cap, State.setW_wa, State.setW_wlen, State.setW_cap,
    State.charge_cost, State.setW_cost, hx, hS, hQ', h1, h2, h3, hfit0, hfit1, Option.bind_some, String.reduceEq,
    ite_true, ite_false, ne_eq, one_ne_zero, not_false_eq_true, true_implies, true_and, and_true, false_and, and_false,
    not_true_eq_false, false_implies]

Note: This linter can be disabled with `set_option linter.unusedSimpArgs false`
warning: Frontier/CHD/PartitionRAM3.lean:134:51: This simp argument is unused:
  one_ne_zero

Hint: Omit it from the simp argument list.
  [apply] simp only [testAdd, wp, evalW_load', evalW_var, evalW_lit', evalW_eq', State.setW_w, State.charge_w,
    State.charge_wa, State.charge_wlen, State.charge_cap, State.setW_wa, State.setW_wlen, State.setW_cap,
    State.charge_cost, State.setW_cost, hx, hS', h1, h2, h3, hfit0, hfit1, Option.bind_some, String.reduceEq, ite_true,
    ite_false, ne_eq, not_false_eq_true, true_implies, true_and, and_true, false_and, and_false, not_true_eq_false,
    false_implies, eq_self_iff_true]

Note: This linter can be disabled with `set_option linter.unusedSimpArgs false`
warning: Frontier/CHD/PartitionRAM3.lean:134:64: This simp argument is unused:
  not_false_eq_true

Hint: Omit it from the simp argument list.
  [apply] simp only [testAdd, wp, evalW_load', evalW_var, evalW_lit', evalW_eq', State.setW_w, State.charge_w,
    State.charge_wa, State.charge_wlen, State.charge_cap, State.setW_wa, State.setW_wlen, State.setW_cap,
    State.charge_cost, State.setW_cost, hx, hS', h1, h2, h3, hfit0, hfit1, Option.bind_some, String.reduceEq, ite_true,
    ite_false, ne_eq, one_ne_zero, true_implies, true_and, and_true, false_and, and_false, not_true_eq_false,
    false_implies, eq_self_iff_true]

Note: This linter can be disabled with `set_option linter.unusedSimpArgs false`
warning: Frontier/CHD/PartitionRAM3.lean:135:6: This simp argument is unused:
  and_true

Hint: Omit it from the simp argument list.
  [apply] simp only [testAdd, wp, evalW_load', evalW_var, evalW_lit', evalW_eq', State.setW_w, State.charge_w,
    State.charge_wa, State.charge_wlen, State.charge_cap, State.setW_wa, State.setW_wlen, State.setW_cap,
    State.charge_cost, State.setW_cost, hx, hS', h1, h2, h3, hfit0, hfit1, Option.bind_some, String.reduceEq, ite_true,
    ite_false, ne_eq, one_ne_zero, not_false_eq_true, true_implies, true_and, false_and, and_false, not_true_eq_false,
    false_implies, eq_self_iff_true]

Note: This linter can be disabled with `set_option linter.unusedSimpArgs false`
warning: Frontier/CHD/PartitionRAM3.lean:135:16: This simp argument is unused:
  false_and

Hint: Omit it from the simp argument list.
  [apply] simp only [testAdd, wp, evalW_load', evalW_var, evalW_lit', evalW_eq', State.setW_w, State.charge_w,
    State.charge_wa, State.charge_wlen, State.charge_cap, State.setW_wa, State.setW_wlen, State.setW_cap,
    State.charge_cost, State.setW_cost, hx, hS', h1, h2, h3, hfit0, hfit1, Option.bind_some, String.reduceEq, ite_true,
    ite_false, ne_eq, one_ne_zero, not_false_eq_true, true_implies, true_and, and_true, and_false, not_true_eq_false,
    false_implies, eq_self_iff_true]

Note: This linter can be disabled with `set_option linter.unusedSimpArgs false`
warning: Frontier/CHD/PartitionRAM3.lean:135:27: This simp argument is unused:
  and_false

Hint: Omit it from the simp argument list.
  [apply] simp only [testAdd, wp, evalW_load', evalW_var, evalW_lit', evalW_eq', State.setW_w, State.charge_w,
    State.charge_wa, State.charge_wlen, State.charge_cap, State.setW_wa, State.setW_wlen, State.setW_cap,
    State.charge_cost, State.setW_cost, hx, hS', h1, h2, h3, hfit0, hfit1, Option.bind_some, String.reduceEq, ite_true,
    ite_false, ne_eq, one_ne_zero, not_false_eq_true, true_implies, true_and, and_true, false_and, not_true_eq_false,
    false_implies, eq_self_iff_true]

Note: This linter can be disabled with `set_option linter.unusedSimpArgs false`
warning: Frontier/CHD/PartitionRAM3.lean:135:72: This simp argument is unused:
  eq_self_iff_true

Hint: Omit it from the simp argument list.
  [apply] simp only [testAdd, wp, evalW_load', evalW_var, evalW_lit', evalW_eq', State.setW_w, State.charge_w,
    State.charge_wa, State.charge_wlen, State.charge_cap, State.setW_wa, State.setW_wlen, State.setW_cap,
    State.charge_cost, State.setW_cost, hx, hS', h1, h2, h3, hfit0, hfit1, Option.bind_some, String.reduceEq, ite_true,
    ite_false, ne_eq, one_ne_zero, not_false_eq_true, true_implies, true_and, and_true, false_and, and_false,
    not_true_eq_false, false_implies]

Note: This linter can be disabled with `set_option linter.unusedSimpArgs false`
warning: Frontier/CHD/PartitionRAM3.lean:245:27: `List.Sublist.cons₂` has been deprecated: Use `List.Sublist.cons_cons` instead
warning: Frontier/CHD/PartitionRAM3.lean:295:66: `if_false` has been deprecated: Use `ite_false` instead
warning: Frontier/CHD/PartitionRAM3.lean:295:76: `if_true` has been deprecated: Use `ite_true` instead
warning: Frontier/CHD/PartitionRAM3.lean:300:24: `if_pos` has been deprecated: Use `ite_eq_left` instead
warning: Frontier/CHD/PartitionRAM3.lean:306:66: `if_false` has been deprecated: Use `ite_false` instead
warning: Frontier/CHD/PartitionRAM3.lean:307:35: `if_pos` has been deprecated: Use `ite_eq_left` instead
warning: Frontier/CHD/PartitionRAM3.lean:312:24: `if_pos` has been deprecated: Use `ite_eq_left` instead
warning: Frontier/CHD/PartitionRAM3.lean:326:49: `if_neg` has been deprecated: Use `ite_eq_right` instead
warning: Frontier/CHD/PartitionRAM3.lean:326:60: `if_neg` has been deprecated: Use `ite_eq_right` instead
warning: Frontier/CHD/PartitionRAM3.lean:364:66: `if_false` has been deprecated: Use `ite_false` instead
warning: Frontier/CHD/PartitionRAM3.lean:364:76: `if_true` has been deprecated: Use `ite_true` instead
warning: Frontier/CHD/PartitionRAM3.lean:368:24: `if_neg` has been deprecated: Use `ite_eq_right` instead
warning: Frontier/CHD/PartitionRAM3.lean:370:66: `if_false` has been deprecated: Use `ite_false` instead
warning: Frontier/CHD/PartitionRAM3.lean:371:75: `if_neg` has been deprecated: Use `ite_eq_right` instead
warning: Frontier/CHD/PartitionRAM3.lean:375:24: `if_neg` has been deprecated: Use `ite_eq_right` instead
warning: Frontier/CHD/PartitionRAM3.lean:382:49: `if_neg` has been deprecated: Use `ite_eq_right` instead
warning: Frontier/CHD/PartitionRAM3.lean:382:60: `if_neg` has been deprecated: Use `ite_eq_right` instead
warning: Frontier/CHD/PartitionRAM3.lean:318:53: This simp argument is unused:
  List.mem_append

Hint: Omit it from the simp argument list.
  [apply] simp [Finset.mem_union, List.mem_toFinset, hyx]

Note: This linter can be disabled with `set_option linter.unusedSimpArgs false`
warning: Frontier/CHD/PartitionRAM3.lean:521:72: `if_false` has been deprecated: Use `ite_false` instead
warning: Frontier/CHD/PartitionRAM3.lean:521:82: `if_true` has been deprecated: Use `ite_true` instead
warning: Frontier/CHD/PartitionRAM3.lean:528:102: `if_false` has been deprecated: Use `ite_false` instead
warning: Frontier/CHD/PartitionRAM3.lean:536:70: `if_false` has been deprecated: Use `ite_false` instead
warning: Frontier/CHD/PartitionRAM3.lean:540:70: `if_false` has been deprecated: Use `ite_false` instead
warning: Frontier/CHD/PartitionRAM3.lean:544:70: `if_false` has been deprecated: Use `ite_false` instead
warning: Frontier/CHD/PartitionRAM3.lean:572:53: `if_neg` has been deprecated: Use `ite_eq_right` instead
warning: Frontier/CHD/PartitionRAM3.lean:572:64: `if_neg` has been deprecated: Use `ite_eq_right` instead
warning: Frontier/CHD/PartitionRAM3.lean:576:10: `if_pos` has been deprecated: Use `ite_eq_left` instead
warning: Frontier/CHD/PartitionRAM3.lean:582:66: `if_false` has been deprecated: Use `ite_false` instead
warning: Frontier/CHD/PartitionRAM3.lean:583:66: `if_false` has been deprecated: Use `ite_false` instead
warning: Frontier/CHD/PartitionRAM3.lean:596:49: `if_neg` has been deprecated: Use `ite_eq_right` instead
warning: Frontier/CHD/PartitionRAM3.lean:607:10: `if_neg` has been deprecated: Use `ite_eq_right` instead
warning: Frontier/CHD/PartitionRAM3.lean:624:82: `if_false` has been deprecated: Use `ite_false` instead
warning: Frontier/CHD/PartitionRAM3.lean:624:92: `if_true` has been deprecated: Use `ite_true` instead
warning: Frontier/CHD/PartitionRAM3.lean:626:82: `if_false` has been deprecated: Use `ite_false` instead
warning: Frontier/CHD/PartitionRAM3.lean:636:51: `if_false` has been deprecated: Use `ite_false` instead
warning: Frontier/CHD/PartitionRAM3.lean:638:51: `if_false` has been deprecated: Use `ite_false` instead
warning: Frontier/CHD/PartitionRAM3.lean:641:100: `if_false` has been deprecated: Use `ite_false` instead
warning: Frontier/CHD/PartitionRAM3.lean:646:87: `if_false` has been deprecated: Use `ite_false` instead
warning: Frontier/CHD/PartitionRAM3.lean:647:12: `if_true` has been deprecated: Use `ite_true` instead
warning: Frontier/CHD/PartitionRAM3.lean:650:98: `if_false` has been deprecated: Use `ite_false` instead
warning: Frontier/CHD/PartitionRAM3.lean:653:96: `if_false` has been deprecated: Use `ite_false` instead
warning: Frontier/CHD/PartitionRAM3.lean:657:12: `if_neg` has been deprecated: Use `ite_eq_right` instead
warning: Frontier/CHD/PartitionRAM3.lean:657:50: `if_neg` has been deprecated: Use `ite_eq_right` instead
warning: Frontier/CHD/PartitionRAM3.lean:662:65: `if_neg` has been deprecated: Use `ite_eq_right` instead
warning: Frontier/CHD/PartitionRAM3.lean:662:77: `if_neg` has been deprecated: Use `ite_eq_right` instead
warning: Frontier/CHD/PartitionRAM3.lean:679:61: `cond_true` has been deprecated: Use `Bool.cond_true` instead

Note: The updated constant has a different type:
  ∀ {α : Sort u} {a b : α}, (bif true then a else b) = a
instead of
  ∀ {α : Sort u_1} (a b : α), (bif true then a else b) = a
warning: Frontier/CHD/PartitionRAM3.lean:681:72: `cond_true` has been deprecated: Use `Bool.cond_true` instead

Note: The updated constant has a different type:
  ∀ {α : Sort u} {a b : α}, (bif true then a else b) = a
instead of
  ∀ {α : Sort u_1} (a b : α), (bif true then a else b) = a
warning: Frontier/CHD/PartitionRAM3.lean:683:61: `cond_true` has been deprecated: Use `Bool.cond_true` instead

Note: The updated constant has a different type:
  ∀ {α : Sort u} {a b : α}, (bif true then a else b) = a
instead of
  ∀ {α : Sort u_1} (a b : α), (bif true then a else b) = a
warning: Frontier/CHD/PartitionRAM3.lean:706:61: `cond_false` has been deprecated: Use `Bool.cond_false` instead

Note: The updated constant has a different type:
  ∀ {α : Sort u} {a b : α}, (bif false then a else b) = b
instead of
  ∀ {α : Sort u_1} (a b : α), (bif false then a else b) = b
warning: Frontier/CHD/PartitionRAM3.lean:708:61: `cond_false` has been deprecated: Use `Bool.cond_false` instead

Note: The updated constant has a different type:
  ∀ {α : Sort u} {a b : α}, (bif false then a else b) = b
instead of
  ∀ {α : Sort u_1} (a b : α), (bif false then a else b) = b
warning: Frontier/CHD/PartitionRAM3.lean:709:61: `cond_false` has been deprecated: Use `Bool.cond_false` instead

Note: The updated constant has a different type:
  ∀ {α : Sort u} {a b : α}, (bif false then a else b) = b
instead of
  ∀ {α : Sort u_1} (a b : α), (bif false then a else b) = b
warning: Frontier/CHD/PartitionRAM3.lean:636:40: This simp argument is unused:
  false_and

Hint: Omit it from the simp argument list.
  [apply] simp only [String.reduceEq, if_false, hne, and_false, true_and]

Note: This linter can be disabled with `set_option linter.unusedSimpArgs false`
warning: Frontier/CHD/PartitionRAM3.lean:636:77: This simp argument is unused:
  true_and

Hint: Omit it from the simp argument list.
  [apply] simp only [String.reduceEq, false_and, if_false, hne, and_false]

Note: This linter can be disabled with `set_option linter.unusedSimpArgs false`
warning: Frontier/CHD/PartitionRAM3.lean:638:40: This simp argument is unused:
  false_and

Hint: Omit it from the simp argument list.
  [apply] simp only [String.reduceEq, if_false, hne, and_false, true_and]

Note: This linter can be disabled with `set_option linter.unusedSimpArgs false`
warning: Frontier/CHD/PartitionRAM3.lean:638:77: This simp argument is unused:
  true_and

Hint: Omit it from the simp argument list.
  [apply] simp only [String.reduceEq, false_and, if_false, hne, and_false]

Note: This linter can be disabled with `set_option linter.unusedSimpArgs false`
warning: Frontier/CHD/PartitionRAM3.lean:647:21: This simp argument is unused:
  true_and

Hint: Omit it from the simp argument list.
  [apply] simp only [Nat.sub_self, List.getElem_cons_zero, String.reduceEq, false_and, if_false, and_self, if_true]

Note: This linter can be disabled with `set_option linter.unusedSimpArgs false`
⚠ [2298/2421] Replayed Frontier.CHD.RamBase
warning: Frontier/CHD/RamBase.lean:98:10: `if_pos` has been deprecated: Use `ite_eq_left` instead
warning: Frontier/CHD/RamBase.lean:99:10: `if_neg` has been deprecated: Use `ite_eq_right` instead
warning: Frontier/CHD/RamBase.lean:103:10: `if_pos` has been deprecated: Use `ite_eq_left` instead
warning: Frontier/CHD/RamBase.lean:103:28: `if_pos` has been deprecated: Use `ite_eq_left` instead
warning: Frontier/CHD/RamBase.lean:104:10: `if_neg` has been deprecated: Use `ite_eq_right` instead
warning: Frontier/CHD/RamBase.lean:104:28: `if_neg` has been deprecated: Use `ite_eq_right` instead
warning: Frontier/CHD/RamBase.lean:107:52: `if_pos` has been deprecated: Use `ite_eq_left` instead
warning: Frontier/CHD/RamBase.lean:107:78: `if_pos` has been deprecated: Use `ite_eq_left` instead
warning: Frontier/CHD/RamBase.lean:108:10: `if_neg` has been deprecated: Use `ite_eq_right` instead
warning: Frontier/CHD/RamBase.lean:112:18: `if_neg` has been deprecated: Use `ite_eq_right` instead
warning: Frontier/CHD/RamBase.lean:113:62: `if_pos` has been deprecated: Use `ite_eq_left` instead
warning: Frontier/CHD/RamBase.lean:118:14: `if_neg` has been deprecated: Use `ite_eq_right` instead
warning: Frontier/CHD/RamBase.lean:153:38: This simp argument is unused:
  State.charge_wa

Hint: Omit it from the simp argument list.
  [apply] simp (config := { decide := true }) only [wp, setAdd, evalW_load', evalW_var, hx, Option.bind_some, hpl,
    ite_true, hp, evalW_add', evalW_lit', fit_of_lt c0, fit_of_lt c1, State.charge_w, State.storeW_w, State.storeW_wa,
    State.charge_wlen, State.storeW_wlen, State.charge_cap, State.storeW_cap, hsl, State.setW_w]

Note: This linter can be disabled with `set_option linter.unusedSimpArgs false`
warning: Frontier/CHD/RamBase.lean:153:55: This simp argument is unused:
  State.storeW_wa

Hint: Omit it from the simp argument list.
  [apply] simp (config := { decide := true }) only [wp, setAdd, evalW_load', evalW_var, hx, Option.bind_some, hpl,
    ite_true, hp, evalW_add', evalW_lit', fit_of_lt c0, fit_of_lt c1, State.charge_w, State.storeW_w, State.charge_wa,
    State.charge_wlen, State.storeW_wlen, State.charge_cap, State.storeW_cap, hsl, State.setW_w]

Note: This linter can be disabled with `set_option linter.unusedSimpArgs false`
warning: Frontier/CHD/RamBase.lean:154:66: This simp argument is unused:
  State.setW_w

Hint: Omit it from the simp argument list.
  [apply] simp (config := { decide := true }) only [wp, setAdd, evalW_load', evalW_var, hx, Option.bind_some, hpl,
    ite_true, hp, evalW_add', evalW_lit', fit_of_lt c0, fit_of_lt c1, State.charge_w, State.storeW_w, State.charge_wa,
    State.storeW_wa, State.charge_wlen, State.storeW_wlen, State.charge_cap, State.storeW_cap, hsl]

Note: This linter can be disabled with `set_option linter.unusedSimpArgs false`
warning: Frontier/CHD/RamBase.lean:194:10: `if_pos` has been deprecated: Use `ite_eq_left` instead
warning: Frontier/CHD/RamBase.lean:194:28: `if_neg` has been deprecated: Use `ite_eq_right` instead
warning: Frontier/CHD/RamBase.lean:194:53: `if_pos` has been deprecated: Use `ite_eq_left` instead
warning: Frontier/CHD/RamBase.lean:195:10: `if_neg` has been deprecated: Use `ite_eq_right` instead
warning: Frontier/CHD/RamBase.lean:199:10: `if_neg` has been deprecated: Use `ite_eq_right` instead
warning: Frontier/CHD/RamBase.lean:199:21: `if_neg` has been deprecated: Use `ite_eq_right` instead
warning: Frontier/CHD/RamBase.lean:202:16: `if_pos` has been deprecated: Use `ite_eq_left` instead
warning: Frontier/CHD/RamBase.lean:203:10: `if_neg` has been deprecated: Use `ite_eq_right` instead
warning: Frontier/CHD/RamBase.lean:206:12: `if_pos` has been deprecated: Use `ite_eq_left` instead
warning: Frontier/CHD/RamBase.lean:210:18: `if_pos` has been deprecated: Use `ite_eq_left` instead
warning: Frontier/CHD/RamBase.lean:211:12: `if_neg` has been deprecated: Use `ite_eq_right` instead
warning: Frontier/CHD/RamBase.lean:218:20: `if_neg` has been deprecated: Use `ite_eq_right` instead
warning: Frontier/CHD/RamBase.lean:229:18: `if_pos` has been deprecated: Use `ite_eq_left` instead
warning: Frontier/CHD/RamBase.lean:231:41: `if_neg` has been deprecated: Use `ite_eq_right` instead
warning: Frontier/CHD/RamBase.lean:235:12: `if_pos` has been deprecated: Use `ite_eq_left` instead
warning: Frontier/CHD/RamBase.lean:237:12: `if_neg` has been deprecated: Use `ite_eq_right` instead
warning: Frontier/CHD/RamBase.lean:272:56: This simp argument is unused:
  State.storeW_wa

Hint: Omit it from the simp argument list.
  [apply] simp (config := { decide := true }) only [wp, setDel, evalW_load', evalW_var, evalW_sub', evalW_add',
    evalW_lit', hi, Option.bind_some, fit_of_lt c1, fit_of_lt c0, fit_of_lt c2, hl1, hl2, ite_true, State.charge_w,
    State.setW_w, State.charge_wa, State.setW_wa, State.charge_wlen, State.setW_wlen, State.storeW_w, State.storeW_wlen,
    State.charge_cap, State.setW_cap, State.storeW_cap, hl3, hl4, ite_false, true_and, false_and]

Note: This linter can be disabled with `set_option linter.unusedSimpArgs false`
warning: Frontier/CHD/RamBase.lean:274:4: This simp argument is unused:
  false_and

Hint: Omit it from the simp argument list.
  [apply] simp (config := { decide := true }) only [wp, setDel, evalW_load', evalW_var, evalW_sub', evalW_add',
    evalW_lit', hi, Option.bind_some, fit_of_lt c1, fit_of_lt c0, fit_of_lt c2, hl1, hl2, ite_true, State.charge_w,
    State.setW_w, State.charge_wa, State.setW_wa, State.charge_wlen, State.setW_wlen, State.storeW_w, State.storeW_wa,
    State.storeW_wlen, State.charge_cap, State.setW_cap, State.storeW_cap, hl3, hl4, ite_false, true_and]

Note: This linter can be disabled with `set_option linter.unusedSimpArgs false`
⚠ [2299/2421] Replayed Frontier.CHD.RamLevel
warning: Frontier/CHD/RamLevel.lean:33:13: Variable name `arr` is not explicitly referenced.

Hint: The binding can be removed (if unused) or named `_` (if used implicitly). Alternatively, prefix the name with `_` to silence this warning:
  [apply] _arr

Note: This linter can be disabled with `set_option linter.unusedVariables false`
warning: Frontier/CHD/RamLevel.lean:122:64: `if_true` has been deprecated: Use `ite_true` instead
warning: Frontier/CHD/RamLevel.lean:124:39: `if_false` has been deprecated: Use `ite_false` instead
warning: Frontier/CHD/RamLevel.lean:131:65: `if_false` has been deprecated: Use `ite_false` instead
warning: Frontier/CHD/RamLevel.lean:122:73: This simp argument is unused:
  h4

Hint: Omit it from the simp argument list.
  [apply] simp only [wp, rowAppend, rowNext, evalW_var, evalW_add', evalW_mul', evalW_load', evalW_lit', hl, hn, he,
    fit_of_lt c1, Option.bind_some, h3, if_true, fit_of_lt c2, State.charge_wa, State.charge_wlen, State.storeW_wa,
    State.storeW_wlen, State.charge_cap, State.storeW_cap, hne', false_and, if_false, fit_of_lt c4, fit_of_lt c3, hia,
    State.charge_w, State.storeW_w, h4]

Note: This linter can be disabled with `set_option linter.unusedSimpArgs false`
warning: Frontier/CHD/RamLevel.lean:136:12: This simp argument is unused:
  this

Hint: Omit it from the simp argument list.
  [apply] simp [hix, List.getElem_append_left hlt', h5 i hlt']

Note: This linter can be disabled with `set_option linter.unusedSimpArgs false`
warning: Frontier/CHD/RamLevel.lean:140:10: This simp argument is unused:
  hne'

Hint: Omit it from the simp argument list.
  [apply] simp [hj]

Note: This linter can be disabled with `set_option linter.unusedSimpArgs false`
warning: Frontier/CHD/RamLevel.lean:163:47: Variable name `i` is not explicitly referenced.

Hint: The binding can be removed (if unused) or named `_` (if used implicitly). Alternatively, prefix the name with `_` to silence this warning:
  [apply] _i

Note: This linter can be disabled with `set_option linter.unusedVariables false`
warning: Frontier/CHD/RamLevel.lean:281:12: `if_pos` has been deprecated: Use `ite_eq_left` instead
warning: Frontier/CHD/RamLevel.lean:282:12: `if_neg` has been deprecated: Use `ite_eq_right` instead
warning: Frontier/CHD/RamLevel.lean:298:10: `if_pos` has been deprecated: Use `ite_eq_left` instead
warning: Frontier/CHD/RamLevel.lean:301:12: `if_pos` has been deprecated: Use `ite_eq_left` instead
warning: Frontier/CHD/RamLevel.lean:301:31: `if_pos` has been deprecated: Use `ite_eq_left` instead
warning: Frontier/CHD/RamLevel.lean:302:12: `if_neg` has been deprecated: Use `ite_eq_right` instead
warning: Frontier/CHD/RamLevel.lean:308:12: `if_neg` has been deprecated: Use `ite_eq_right` instead
warning: Frontier/CHD/RamLevel.lean:310:10: `if_neg` has been deprecated: Use `ite_eq_right` instead
warning: Frontier/CHD/RamLevel.lean:312:10: `if_neg` has been deprecated: Use `ite_eq_right` instead
warning: Frontier/CHD/RamLevel.lean:318:10: `if_neg` has been deprecated: Use `ite_eq_right` instead
warning: Frontier/CHD/RamLevel.lean:325:10: `if_pos` has been deprecated: Use `ite_eq_left` instead
warning: Frontier/CHD/RamLevel.lean:328:12: `if_pos` has been deprecated: Use `ite_eq_left` instead
warning: Frontier/CHD/RamLevel.lean:334:12: `if_neg` has been deprecated: Use `ite_eq_right` instead
warning: Frontier/CHD/RamLevel.lean:335:12: `if_neg` has been deprecated: Use `ite_eq_right` instead
warning: Frontier/CHD/RamLevel.lean:341:12: `if_neg` has been deprecated: Use `ite_eq_right` instead
warning: Frontier/CHD/RamLevel.lean:342:10: `if_neg` has been deprecated: Use `ite_eq_right` instead
warning: Frontier/CHD/RamLevel.lean:344:10: `if_neg` has been deprecated: Use `ite_eq_right` instead
warning: Frontier/CHD/RamLevel.lean:350:10: `if_neg` has been deprecated: Use `ite_eq_right` instead
warning: Frontier/CHD/RamLevel.lean:355:37: `if_pos` has been deprecated: Use `ite_eq_left` instead
warning: Frontier/CHD/RamLevel.lean:365:33: `if_pos` has been deprecated: Use `ite_eq_left` instead
warning: Frontier/CHD/RamLevel.lean:374:14: `if_neg` has been deprecated: Use `ite_eq_right` instead
warning: Frontier/CHD/RamLevel.lean:391:42: `if_neg` has been deprecated: Use `ite_eq_right` instead
warning: Frontier/CHD/RamLevel.lean:396:10: `if_neg` has been deprecated: Use `ite_eq_right` instead
warning: Frontier/CHD/RamLevel.lean:401:16: `if_pos` has been deprecated: Use `ite_eq_left` instead
warning: Frontier/CHD/RamLevel.lean:403:10: `if_neg` has been deprecated: Use `ite_eq_right` instead
warning: Frontier/CHD/RamLevel.lean:500:4: `if_true` has been deprecated: Use `ite_true` instead
warning: Frontier/CHD/RamLevel.lean:500:62: This simp argument is unused:
  ite_true

Hint: Omit it from the simp argument list.
  [apply] simp (config := { decide := true }) only [wp, gDel, rb, evalW_var, evalW_add', evalW_mul', evalW_sub',
    evalW_load', evalW_lit', State.charge_w, State.setW_w, State.charge_wa, State.setW_wa, State.storeW_wa,
    State.charge_wlen, State.setW_wlen, State.storeW_wlen, State.charge_cap, State.setW_cap, State.storeW_cap,
    State.storeW_w, hl, hn, hpx, Option.bind_some, fit_of_lt hln, fit_of_lt c1, fit_of_lt c0, fit_of_lt f1,
    fit_of_lt f2, fit_of_lt f3, fit_of_lt f4, fit_of_lt f5, fit_of_lt hadd, i1, i2, i3, i4, i5, i6, i7, if_true, hgx,
    Nat.add_sub_cancel, hgsj, hglj, hq0, hymem, ite_false]

Note: This linter can be disabled with `set_option linter.unusedSimpArgs false`
warning: Frontier/CHD/RamLevel.lean:525:10: This simp argument is unused:
  State.storeW

Hint: Omit it from the simp argument list.
  [apply] simp [State.charge, State.setW, e1, e2, e3, e4]

Note: This linter can be disabled with `set_option linter.unusedSimpArgs false`
warning: Frontier/CHD/RamLevel.lean:525:24: This simp argument is unused:
  State.charge

Hint: Omit it from the simp argument list.
  [apply] simp [State.storeW, State.setW, e1, e2, e3, e4]

Note: This linter can be disabled with `set_option linter.unusedSimpArgs false`
warning: Frontier/CHD/RamLevel.lean:525:38: This simp argument is unused:
  State.setW

Hint: Omit it from the simp argument list.
  [apply] simp [State.storeW, State.charge, e1, e2, e3, e4]

Note: This linter can be disabled with `set_option linter.unusedSimpArgs false`
⚠ [2300/2421] Replayed Frontier.CHD.RamSlot
warning: Frontier/CHD/RamSlot.lean:104:4: This simp argument is unused:
  State.charge_va

Hint: Omit it from the simp argument list.
  [apply] simp only [loadSlot, wp, evalV_load', evalW_var, evalW_load', State.charge_w, State.charge_wa,
    State.charge_wlen, State.charge_vlen, State.setV_w, State.setV_wa, State.setV_va, State.setV_wlen, State.setV_vlen,
    State.setW_w, State.setW_wa, State.setW_va, State.setW_wlen, State.setW_vlen, hi, hl.l, hl.h, hl.v, hl.e, hl.r,
    hl.f, ↓reduceIte, Option.bind_some, Ne.symm n16, Ne.symm n26, Ne.symm n36, Ne.symm n46, Ne.symm n56]

Note: This linter can be disabled with `set_option linter.unusedSimpArgs false`
warning: Frontier/CHD/RamSlot.lean:104:40: This simp argument is unused:
  State.charge_vlen

Hint: Omit it from the simp argument list.
  [apply] simp only [loadSlot, wp, evalV_load', evalW_var, evalW_load', State.charge_w, State.charge_wa,
    State.charge_va, State.charge_wlen, State.setV_w, State.setV_wa, State.setV_va, State.setV_wlen, State.setV_vlen,
    State.setW_w, State.setW_wa, State.setW_va, State.setW_wlen, State.setW_vlen, hi, hl.l, hl.h, hl.v, hl.e, hl.r,
    hl.f, ↓reduceIte, Option.bind_some, Ne.symm n16, Ne.symm n26, Ne.symm n36, Ne.symm n46, Ne.symm n56]

Note: This linter can be disabled with `set_option linter.unusedSimpArgs false`
warning: Frontier/CHD/RamSlot.lean:105:4: This simp argument is unused:
  State.setV_va

Hint: Omit it from the simp argument list.
  [apply] simp only [loadSlot, wp, evalV_load', evalW_var, evalW_load', State.charge_w, State.charge_wa,
    State.charge_va, State.charge_wlen, State.charge_vlen, State.setV_w, State.setV_wa, State.setV_wlen,
    State.setV_vlen, State.setW_w, State.setW_wa, State.setW_va, State.setW_wlen, State.setW_vlen, hi, hl.l, hl.h, hl.v,
    hl.e, hl.r, hl.f, ↓reduceIte, Option.bind_some, Ne.symm n16, Ne.symm n26, Ne.symm n36, Ne.symm n46, Ne.symm n56]

Note: This linter can be disabled with `set_option linter.unusedSimpArgs false`
warning: Frontier/CHD/RamSlot.lean:105:36: This simp argument is unused:
  State.setV_vlen

Hint: Omit it from the simp argument list.
  [apply] simp only [loadSlot, wp, evalV_load', evalW_var, evalW_load', State.charge_w, State.charge_wa,
    State.charge_va, State.charge_wlen, State.charge_vlen, State.setV_w, State.setV_wa, State.setV_va, State.setV_wlen,
    State.setW_w, State.setW_wa, State.setW_va, State.setW_wlen, State.setW_vlen, hi, hl.l, hl.h, hl.v, hl.e, hl.r,
    hl.f, ↓reduceIte, Option.bind_some, Ne.symm n16, Ne.symm n26, Ne.symm n36, Ne.symm n46, Ne.symm n56]

Note: This linter can be disabled with `set_option linter.unusedSimpArgs false`
warning: Frontier/CHD/RamSlot.lean:105:82: This simp argument is unused:
  State.setW_va

Hint: Omit it from the simp argument list.
  [apply] simp only [loadSlot, wp, evalV_load', evalW_var, evalW_load', State.charge_w, State.charge_wa,
    State.charge_va, State.charge_wlen, State.charge_vlen, State.setV_w, State.setV_wa, State.setV_va, State.setV_wlen,
    State.setV_vlen, State.setW_w, State.setW_wa, State.setW_wlen, State.setW_vlen, hi, hl.l, hl.h, hl.v, hl.e, hl.r,
    hl.f, ↓reduceIte, Option.bind_some, Ne.symm n16, Ne.symm n26, Ne.symm n36, Ne.symm n46, Ne.symm n56]

Note: This linter can be disabled with `set_option linter.unusedSimpArgs false`
warning: Frontier/CHD/RamSlot.lean:106:21: This simp argument is unused:
  State.setW_vlen

Hint: Omit it from the simp argument list.
  [apply] simp only [loadSlot, wp, evalV_load', evalW_var, evalW_load', State.charge_w, State.charge_wa,
    State.charge_va, State.charge_wlen, State.charge_vlen, State.setV_w, State.setV_wa, State.setV_va, State.setV_wlen,
    State.setV_vlen, State.setW_w, State.setW_wa, State.setW_va, State.setW_wlen, hi, hl.l, hl.h, hl.v, hl.e, hl.r,
    hl.f, ↓reduceIte, Option.bind_some, Ne.symm n16, Ne.symm n26, Ne.symm n36, Ne.symm n46, Ne.symm n56]

Note: This linter can be disabled with `set_option linter.unusedSimpArgs false`
warning: Frontier/CHD/RamSlot.lean:107:74: This simp argument is unused:
  Ne.symm n56

Hint: Omit it from the simp argument list.
  [apply] simp only [loadSlot, wp, evalV_load', evalW_var, evalW_load', State.charge_w, State.charge_wa,
    State.charge_va, State.charge_wlen, State.charge_vlen, State.setV_w, State.setV_wa, State.setV_va, State.setV_wlen,
    State.setV_vlen, State.setW_w, State.setW_wa, State.setW_va, State.setW_wlen, State.setW_vlen, hi, hl.l, hl.h, hl.v,
    hl.e, hl.r, hl.f, ↓reduceIte, Option.bind_some, Ne.symm n16, Ne.symm n26, Ne.symm n36, Ne.symm n46]

Note: This linter can be disabled with `set_option linter.unusedSimpArgs false`
warning: Frontier/CHD/RamSlot.lean:115:60: This simp argument is unused:
  Ne.symm n23

Hint: Omit it from the simp argument list.
  [apply] simp [State.setW, State.setV, State.charge, n34, n35]

Note: This linter can be disabled with `set_option linter.unusedSimpArgs false`
warning: Frontier/CHD/RamSlot.lean:116:55: This simp argument is unused:
  Ne.symm n24

Hint: Omit it from the simp argument list.
  [apply] simp [State.setW, State.setV, State.charge, n45, Ne.symm n34]

Note: This linter can be disabled with `set_option linter.unusedSimpArgs false`
warning: Frontier/CHD/RamSlot.lean:116:68: This simp argument is unused:
  Ne.symm n34

Hint: Omit it from the simp argument list.
  [apply] simp [State.setW, State.setV, State.charge, n45, Ne.symm n24]

Note: This linter can be disabled with `set_option linter.unusedSimpArgs false`
warning: Frontier/CHD/RamSlot.lean:193:10: `if_pos` has been deprecated: Use `ite_eq_left` instead
warning: Frontier/CHD/RamSlot.lean:193:28: `if_pos` has been deprecated: Use `ite_eq_left` instead
warning: Frontier/CHD/RamSlot.lean:194:10: `if_neg` has been deprecated: Use `ite_eq_right` instead
warning: Frontier/CHD/RamSlot.lean:194:36: `if_neg` has been deprecated: Use `ite_eq_right` instead
warning: Frontier/CHD/RamSlot.lean:198:8: `if_neg` has been deprecated: Use `ite_eq_right` instead
warning: Frontier/CHD/RamSlot.lean:215:34: `if_pos` has been deprecated: Use `ite_eq_left` instead
warning: Frontier/CHD/RamSlot.lean:217:20: `if_neg` has been deprecated: Use `ite_eq_right` instead
⚠ [2301/2421] Replayed Frontier.CHD.RamBaseCase
warning: Frontier/CHD/RamBaseCase.lean:192:86: `if_pos` has been deprecated: Use `ite_eq_left` instead
warning: Frontier/CHD/RamBaseCase.lean:193:45: `if_pos` has been deprecated: Use `ite_eq_left` instead
warning: Frontier/CHD/RamBaseCase.lean:239:14: `if_pos` has been deprecated: Use `ite_eq_left` instead
warning: Frontier/CHD/RamBaseCase.lean:296:38: `if_neg` has been deprecated: Use `ite_eq_right` instead
warning: Frontier/CHD/RamBaseCase.lean:297:45: `if_neg` has been deprecated: Use `ite_eq_right` instead
warning: Frontier/CHD/RamBaseCase.lean:310:14: `if_neg` has been deprecated: Use `ite_eq_right` instead
warning: Frontier/CHD/RamBaseCase.lean:179:31: This simp argument is unused:
  WithTop.map_coe

Hint: Omit it from the simp argument list.
  [apply] simp only [ext]

Note: This linter can be disabled with `set_option linter.unusedSimpArgs false`
warning: Frontier/CHD/RamBaseCase.lean:252:36: This simp argument is unused:
  List.mem_cons

Hint: Omit it from the simp argument list.
  [apply] simp only [List.nil_append, List.not_mem_nil, or_false] at h ⊢

Note: This linter can be disabled with `set_option linter.unusedSimpArgs false`
warning: Frontier/CHD/RamBaseCase.lean:252:51: This simp argument is unused:
  List.not_mem_nil

Hint: Omit it from the simp argument list.
  [apply] simp only [List.nil_append, List.mem_cons, or_false] at h ⊢

Note: This linter can be disabled with `set_option linter.unusedSimpArgs false`
warning: Frontier/CHD/RamBaseCase.lean:252:69: This simp argument is unused:
  or_false

Hint: Omit it from the simp argument list.
  [apply] simp only [List.nil_append, List.mem_cons, List.not_mem_nil] at h ⊢

Note: This linter can be disabled with `set_option linter.unusedSimpArgs false`
warning: Frontier/CHD/RamBaseCase.lean:289:59: this tactic is never executed

Note: This linter can be disabled with `set_option linter.unreachableTactic false`
warning: Frontier/CHD/RamBaseCase.lean:290:44: this tactic is never executed

Note: This linter can be disabled with `set_option linter.unreachableTactic false`
warning: Frontier/CHD/RamBaseCase.lean:292:44: this tactic is never executed

Note: This linter can be disabled with `set_option linter.unreachableTactic false`
warning: Frontier/CHD/RamBaseCase.lean:289:51: Unused tactic linter: `done` does nothing

Note: This linter can be disabled with `set_option linter.unusedTactic false`
warning: Frontier/CHD/RamBaseCase.lean:289:59: Unused tactic linter: `(simp; tauto)` does nothing

Note: This linter can be disabled with `set_option linter.unusedTactic false`
warning: Frontier/CHD/RamBaseCase.lean:290:36: Unused tactic linter: `done` does nothing

Note: This linter can be disabled with `set_option linter.unusedTactic false`
warning: Frontier/CHD/RamBaseCase.lean:290:44: Unused tactic linter: `(simp; tauto)` does nothing

Note: This linter can be disabled with `set_option linter.unusedTactic false`
warning: Frontier/CHD/RamBaseCase.lean:292:36: Unused tactic linter: `done` does nothing

Note: This linter can be disabled with `set_option linter.unusedTactic false`
warning: Frontier/CHD/RamBaseCase.lean:292:44: Unused tactic linter: `(simp; tauto)` does nothing

Note: This linter can be disabled with `set_option linter.unusedTactic false`
warning: Frontier/CHD/RamBaseCase.lean:381:45: `if_neg` has been deprecated: Use `ite_eq_right` instead
warning: Frontier/CHD/RamBaseCase.lean:441:23: `if_pos` has been deprecated: Use `ite_eq_left` instead
warning: Frontier/CHD/RamBaseCase.lean:430:35: This simp argument is unused:
  eWR

Hint: Omit it from the simp argument list.
  [apply] simp [relaxW]

Note: This linter can be disabled with `set_option linter.unusedSimpArgs false`
warning: Frontier/CHD/RamBaseCase.lean:432:38: This simp argument is unused:
  eWR

Hint: Omit it from the simp argument list.
  [apply] simp [relaxW]

Note: This linter can be disabled with `set_option linter.unusedSimpArgs false`
warning: Frontier/CHD/RamBaseCase.lean:372:91: this tactic is never executed

Note: This linter can be disabled with `set_option linter.unreachableTactic false`
warning: Frontier/CHD/RamBaseCase.lean:372:91: Unused tactic linter: `omega` does nothing

Note: This linter can be disabled with `set_option linter.unusedTactic false`
warning: Frontier/CHD/RamBaseCase.lean:811:33: `if_false` has been deprecated: Use `ite_false` instead
warning: Frontier/CHD/RamBaseCase.lean:813:33: `if_false` has been deprecated: Use `ite_false` instead
warning: Frontier/CHD/RamBaseCase.lean:909:12: `if_pos` has been deprecated: Use `ite_eq_left` instead
warning: Frontier/CHD/RamBaseCase.lean:909:23: `if_pos` has been deprecated: Use `ite_eq_left` instead
warning: Frontier/CHD/RamBaseCase.lean:758:37: Variable name `hτcap` is not explicitly referenced.

Hint: The binding can be removed (if unused) or named `_` (if used implicitly). Alternatively, prefix the name with `_` to silence this warning:
  [apply] _hτcap

Note: This linter can be disabled with `set_option linter.unusedVariables false`
warning: Frontier/CHD/RamBaseCase.lean:954:6: `List.take_succ` has been deprecated: Use `List.take_add_one` instead
warning: Frontier/CHD/RamBaseCase.lean:1033:53: `if_neg` has been deprecated: Use `ite_eq_right` instead
warning: Frontier/CHD/RamBaseCase.lean:1106:23: `if_pos` has been deprecated: Use `ite_eq_left` instead
warning: Frontier/CHD/RamBaseCase.lean:1076:12: This simp argument is unused:
  State.charge

Hint: Omit it from the simp argument list.
  [apply] simp [hk]

Note: This linter can be disabled with `set_option linter.unusedSimpArgs false`
warning: Frontier/CHD/RamBaseCase.lean:1228:13: `if_pos` has been deprecated: Use `ite_eq_left` instead
warning: Frontier/CHD/RamBaseCase.lean:1270:13: `if_neg` has been deprecated: Use `ite_eq_right` instead
warning: Frontier/CHD/RamBaseCase.lean:1160:5: Variable name `hKMv` is not explicitly referenced.

Hint: The binding can be removed (if unused) or named `_` (if used implicitly). Alternatively, prefix the name with `_` to silence this warning:
  [apply] _hKMv

Note: This linter can be disabled with `set_option linter.unusedVariables false`
warning: Frontier/CHD/RamBaseCase.lean:1232:46: This simp argument is unused:
  List.nil_append

Hint: Omit it from the simp argument list.
  [apply] simp only [List.mem_append, List.append_nil] at ha ⊢

Note: This linter can be disabled with `set_option linter.unusedSimpArgs false`
warning: Frontier/CHD/RamBaseCase.lean:1233:61: This simp argument is unused:
  List.nil_append

Hint: Omit it from the simp argument list.
  [apply] simp only [List.mem_append, List.mem_cons, List.append_nil, List.not_mem_nil, or_false] at ha ⊢

Note: This linter can be disabled with `set_option linter.unusedSimpArgs false`
warning: Frontier/CHD/RamBaseCase.lean:1236:49: This simp argument is unused:
  List.nil_append

Hint: Omit it from the simp argument list.
  [apply] simp only [List.mem_append, List.mem_cons, List.append_nil, List.not_mem_nil, or_false] at ha ⊢

Note: This linter can be disabled with `set_option linter.unusedSimpArgs false`
warning: Frontier/CHD/RamBaseCase.lean:1237:8: This simp argument is unused:
  List.not_mem_nil

Hint: Omit it from the simp argument list.
  [apply] simp only [List.mem_append, List.mem_cons, List.nil_append, List.append_nil, or_false] at ha ⊢

Note: This linter can be disabled with `set_option linter.unusedSimpArgs false`
warning: Frontier/CHD/RamBaseCase.lean:1237:26: This simp argument is unused:
  or_false

Hint: Omit it from the simp argument list.
  [apply] simp only [List.mem_append, List.mem_cons, List.nil_append, List.append_nil, List.not_mem_nil] at ha ⊢

Note: This linter can be disabled with `set_option linter.unusedSimpArgs false`
warning: Frontier/CHD/RamBaseCase.lean:1239:61: This simp argument is unused:
  List.nil_append

Hint: Omit it from the simp argument list.
  [apply] simp only [List.mem_append, List.mem_cons, List.append_nil, List.not_mem_nil, or_false] at ha ⊢

Note: This linter can be disabled with `set_option linter.unusedSimpArgs false`
warning: Frontier/CHD/RamBaseCase.lean:1272:63: This simp argument is unused:
  List.append_nil

Hint: Omit it from the simp argument list.
  [apply] simp only [List.mem_append, List.nil_append] at ha ⊢

Note: This linter can be disabled with `set_option linter.unusedSimpArgs false`
warning: Frontier/CHD/RamBaseCase.lean:1273:29: This simp argument is unused:
  List.mem_append

Hint: Omit it from the simp argument list.
  [apply] simp only [List.mem_cons, List.nil_append, List.append_nil, List.not_mem_nil, or_false] at ha ⊢

Note: This linter can be disabled with `set_option linter.unusedSimpArgs false`
warning: Frontier/CHD/RamBaseCase.lean:1273:78: This simp argument is unused:
  List.append_nil

Hint: Omit it from the simp argument list.
  [apply] simp only [List.mem_append, List.mem_cons, List.nil_append, List.not_mem_nil, or_false] at ha ⊢

Note: This linter can be disabled with `set_option linter.unusedSimpArgs false`
warning: Frontier/CHD/RamBaseCase.lean:1275:61: This simp argument is unused:
  List.nil_append

Hint: Omit it from the simp argument list.
  [apply] simp only [List.mem_append, List.mem_cons, List.append_nil, List.not_mem_nil, or_false] at ha ⊢

Note: This linter can be disabled with `set_option linter.unusedSimpArgs false`
warning: Frontier/CHD/RamBaseCase.lean:1535:10: `if_pos` has been deprecated: Use `ite_eq_left` instead
warning: Frontier/CHD/RamBaseCase.lean:1543:10: `if_neg` has been deprecated: Use `ite_eq_right` instead
warning: Frontier/CHD/RamBaseCase.lean:1402:17: This simp argument is unused:
  List.mem_append

Hint: Omit it from the simp argument list.
  [apply] simp only [List.nil_append, List.mem_singleton] at h ⊢

Note: This linter can be disabled with `set_option linter.unusedSimpArgs false`
warning: Frontier/CHD/RamBaseCase.lean:1404:34: This simp argument is unused:
  List.nil_append

Hint: Omit it from the simp argument list.
  [apply] simp only [List.mem_append, List.mem_cons, List.mem_singleton, KB, LReg.ws, List.not_mem_nil, or_false,
    List.append_nil] at h ⊢

Note: This linter can be disabled with `set_option linter.unusedSimpArgs false`
warning: Frontier/CHD/RamBaseCase.lean:1404:66: This simp argument is unused:
  List.mem_singleton

Hint: Omit it from the simp argument list.
  [apply] simp only [List.mem_append, List.nil_append, List.mem_cons, KB, LReg.ws, List.not_mem_nil, or_false,
    List.append_nil] at h ⊢

Note: This linter can be disabled with `set_option linter.unusedSimpArgs false`
warning: Frontier/CHD/RamBaseCase.lean:1471:81: This simp argument is unused:
  List.mem_append

Hint: Omit it from the simp argument list.
  [apply] simp only [slotW, List.mem_cons, List.not_mem_nil, or_false, List.nil_append] at ha h

Note: This linter can be disabled with `set_option linter.unusedSimpArgs false`
warning: Frontier/CHD/RamBaseCase.lean:1548:31: This simp argument is unused:
  KB

Hint: Omit it from the simp argument list.
  [apply] simp [LReg.ws]

Note: This linter can be disabled with `set_option linter.unusedSimpArgs false`
warning: Frontier/CHD/RamBaseCase.lean:1548:35: This simp argument is unused:
  LReg.ws

Hint: Omit it from the simp argument list.
  [apply] simp [KB]

Note: This linter can be disabled with `set_option linter.unusedSimpArgs false`
warning: Frontier/CHD/RamBaseCase.lean:1551:95: This simp argument is unused:
  KB

Hint: Omit it from the simp argument list.
  [apply] simp [LReg.ws]

Note: This linter can be disabled with `set_option linter.unusedSimpArgs false`
warning: Frontier/CHD/RamBaseCase.lean:1551:99: This simp argument is unused:
  LReg.ws

Hint: Omit it from the simp argument list.
  [apply] simp [KB]

Note: This linter can be disabled with `set_option linter.unusedSimpArgs false`
warning: Frontier/CHD/RamBaseCase.lean:1482:90: Used `tac1 <;> tac2` where `(tac1; tac2)` would suffice

Note: This linter can be disabled with `set_option linter.unnecessarySeqFocus false`
⚠ [2304/2421] Replayed Frontier.CHD.BL2HeapDel
warning: Frontier/CHD/BL2HeapDel.lean:19:0: automatically included section variable(s) unused in theorem `Frontier.CHD.BL2.swapDel_length`:
  [DecidableEq α]
consider restructuring your `variable` declarations so that the variables are not in scope or explicitly omit them:
  omit [DecidableEq α] in theorem ...

Note: This linter can be disabled with `set_option linter.unusedSectionVars false`
warning: Frontier/CHD/BL2HeapDel.lean:28:0: automatically included section variable(s) unused in theorem `Frontier.CHD.BL2.getLast_eq_getElem'`:
  [DecidableEq α]
consider restructuring your `variable` declarations so that the variables are not in scope or explicitly omit them:
  omit [DecidableEq α] in theorem ...

Note: This linter can be disabled with `set_option linter.unusedSectionVars false`
warning: Frontier/CHD/BL2HeapDel.lean:43:10: `if_pos` has been deprecated: Use `ite_eq_left` instead
warning: Frontier/CHD/BL2HeapDel.lean:47:10: `if_neg` has been deprecated: Use `ite_eq_right` instead
warning: Frontier/CHD/BL2HeapDel.lean:56:10: `if_neg` has been deprecated: Use `ite_eq_right` instead
warning: Frontier/CHD/BL2HeapDel.lean:62:10: `if_pos` has been deprecated: Use `ite_eq_left` instead
warning: Frontier/CHD/BL2HeapDel.lean:78:8: `if_pos` has been deprecated: Use `ite_eq_left` instead
warning: Frontier/CHD/BL2HeapDel.lean:78:20: `if_neg` has been deprecated: Use `ite_eq_right` instead
warning: Frontier/CHD/BL2HeapDel.lean:81:8: `if_neg` has been deprecated: Use `ite_eq_right` instead
warning: Frontier/CHD/BL2HeapDel.lean:81:20: `if_pos` has been deprecated: Use `ite_eq_left` instead
warning: Frontier/CHD/BL2HeapDel.lean:84:8: `if_neg` has been deprecated: Use `ite_eq_right` instead
warning: Frontier/CHD/BL2HeapDel.lean:84:20: `if_neg` has been deprecated: Use `ite_eq_right` instead
warning: Frontier/CHD/BL2HeapDel.lean:66:59: Variable name `hb` is not explicitly referenced.

Hint: The binding can be removed (if unused) or named `_` (if used implicitly). Alternatively, prefix the name with `_` to silence this warning:
  [apply] _hb

Note: This linter can be disabled with `set_option linter.unusedVariables false`
⚠ [2305/2421] Replayed Frontier.CHD.BL2Scan
warning: Frontier/CHD/BL2Scan.lean:111:8: This simp argument is unused:
  List.filter_cons

Hint: Omit it from the simp argument list.
  [apply] simp [he]

Note: This linter can be disabled with `set_option linter.unusedSimpArgs false`
warning: Frontier/CHD/BL2Scan.lean:192:46: `if_true` has been deprecated: Use `ite_true` instead
warning: Frontier/CHD/BL2Scan.lean:194:45: `if_false` has been deprecated: Use `ite_false` instead
warning: Frontier/CHD/BL2Scan.lean:194:68: `if_true` has been deprecated: Use `ite_true` instead
warning: Frontier/CHD/BL2Scan.lean:192:42: This simp argument is unused:
  hl

Hint: Omit it from the simp argument list.
  [apply] simp only [fpAdvance, wp, evalW_var, evalW_load', evalW_lt', State.charge_w, State.setW_w, State.charge_wa,
    State.setW_wa, State.charge_wlen, State.setW_wlen, State.charge_cap, State.setW_cap, Option.bind_some, hp, if_true,
    hgM]

Note: This linter can be disabled with `set_option linter.unusedSimpArgs false`
warning: Frontier/CHD/BL2Scan.lean:194:55: This simp argument is unused:
  hp

Hint: Omit it from the simp argument list.
  [apply] simp only [show ("fp.p" = "fp.pp") = False by decide, show ("gM" = "fp.p") = False by decide,
    show ("gM" = "fp.pp") = False by decide, if_false, hgM, hl, if_true, Option.bind_some, fit,
    show (if st.wa "gNxt" ↑e < G.m then 1 else 0) < st.cap by split_ifs <;> omega]

Note: This linter can be disabled with `set_option linter.unusedSimpArgs false`
warning: Frontier/CHD/BL2Scan.lean:194:59: This simp argument is unused:
  hgM

Hint: Omit it from the simp argument list.
  [apply] simp only [show ("fp.p" = "fp.pp") = False by decide, show ("gM" = "fp.p") = False by decide,
    show ("gM" = "fp.pp") = False by decide, if_false, hp, hl, if_true, Option.bind_some, fit,
    show (if st.wa "gNxt" ↑e < G.m then 1 else 0) < st.cap by split_ifs <;> omega]

Note: This linter can be disabled with `set_option linter.unusedSimpArgs false`
warning: Frontier/CHD/BL2Scan.lean:194:77: This simp argument is unused:
  Option.bind_some

Hint: Omit it from the simp argument list.
  [apply] simp only [show ("fp.p" = "fp.pp") = False by decide, show ("gM" = "fp.p") = False by decide,
    show ("gM" = "fp.pp") = False by decide, if_false, hp, hgM, hl, if_true, fit,
    show (if st.wa "gNxt" ↑e < G.m then 1 else 0) < st.cap by split_ifs <;> omega]

Note: This linter can be disabled with `set_option linter.unusedSimpArgs false`
warning: Frontier/CHD/BL2Scan.lean:275:63: This simp argument is unused:
  h0

Hint: Omit it from the simp argument list.
  [apply] simp [fpUnlink, wp, hp, hu, hgM, hpp0, hl, huL, fit, hcap, hgo]

Note: This linter can be disabled with `set_option linter.unusedSimpArgs false`
warning: Frontier/CHD/BL2Scan.lean:289:34: This simp argument is unused:
  List.mem_singleton

Hint: Omit it from the simp argument list.
  [apply] simp only [List.mem_cons, not_or, List.not_mem_nil, or_false] at ha

Note: This linter can be disabled with `set_option linter.unusedSimpArgs false`
warning: Frontier/CHD/BL2Scan.lean:292:34: This simp argument is unused:
  List.mem_singleton

Hint: Omit it from the simp argument list.
  [apply] simp only [List.mem_cons, not_or, List.not_mem_nil, or_false] at hx

Note: This linter can be disabled with `set_option linter.unusedSimpArgs false`
warning: Frontier/CHD/BL2Scan.lean:313:52: This simp argument is unused:
  hcap

Hint: Omit it from the simp argument list.
  [apply] simp [fpUnlink, wp, hp, hu, hgM, hpp0, hl, fit, h0, hgo, hne, he0l, hee0]

Note: This linter can be disabled with `set_option linter.unusedSimpArgs false`
warning: Frontier/CHD/BL2Scan.lean:389:52: This simp argument is unused:
  or_comm

Hint: Omit it from the simp argument list.
  [apply] simp

Note: This linter can be disabled with `set_option linter.unusedSimpArgs false`
warning: Frontier/CHD/BL2Scan.lean:417:34: This simp argument is unused:
  not_or

Hint: Omit it from the simp argument list.
  [apply] simp only [List.mem_cons, List.not_mem_nil, or_false] at hx

Note: This linter can be disabled with `set_option linter.unusedSimpArgs false`
warning: Frontier/CHD/BL2Scan.lean:374:72: this tactic is never executed

Note: This linter can be disabled with `set_option linter.unreachableTactic false`
warning: Frontier/CHD/BL2Scan.lean:374:49: Used `tac1 <;> tac2` where `(tac1; tac2)` would suffice

Note: This linter can be disabled with `set_option linter.unnecessarySeqFocus false`
warning: Frontier/CHD/BL2Scan.lean:374:72: Unused tactic linter: `omega` does nothing

Note: This linter can be disabled with `set_option linter.unusedTactic false`
⚠ [2307/2421] Replayed Frontier.CHD.BMPlace
warning: Frontier/CHD/BMPlace.lean:244:38: `if_pos` has been deprecated: Use `ite_eq_left` instead
⚠ [2308/2421] Replayed Frontier.CHD.BaseHeap
warning: Frontier/CHD/BaseHeap.lean:122:14: `if_pos` has been deprecated: Use `ite_eq_left` instead
warning: Frontier/CHD/BaseHeap.lean:122:24: `if_pos` has been deprecated: Use `ite_eq_left` instead
warning: Frontier/CHD/BaseHeap.lean:123:14: `if_neg` has been deprecated: Use `ite_eq_right` instead
warning: Frontier/CHD/BaseHeap.lean:123:24: `if_neg` has been deprecated: Use `ite_eq_right` instead
warning: Frontier/CHD/BaseHeap.lean:138:21: `if_pos` has been deprecated: Use `ite_eq_left` instead
warning: Frontier/CHD/BaseHeap.lean:153:19: `if_neg` has been deprecated: Use `ite_eq_right` instead
ℹ [2309/2421] Replayed Frontier.CHD.DRep
info: Frontier/CHD/DRep.lean:226:7: Try this:
  [apply] rwa [(wa_eq hu hw (by simp [dW, blkA])).2]
info: Frontier/CHD/DRep.lean:226:7: Try this:
  [apply] rwa [(wa_eq hu hw (by simp [dW, blkA])).2]
info: Frontier/CHD/DRep.lean:226:7: Try this:
  [apply] rwa [(wa_eq hu hw (by simp [dW, blkA])).2]
info: Frontier/CHD/DRep.lean:226:7: Try this:
  [apply] rwa [(wa_eq hu hw (by simp [dW, blkA])).2]
info: Frontier/CHD/DRep.lean:227:7: Try this:
  [apply] rwa [(va_eq hu hv (by simp [dV, blkA])).2]
info: Frontier/CHD/DRep.lean:226:7: Try this:
  [apply] rwa [(wa_eq hu hw (by simp [dW, blkA])).2]
info: Frontier/CHD/DRep.lean:226:7: Try this:
  [apply] rwa [(wa_eq hu hw (by simp [dW, blkA])).2]
info: Frontier/CHD/DRep.lean:226:7: Try this:
  [apply] rwa [(wa_eq hu hw (by simp [dW, blkA])).2]
info: Frontier/CHD/DRep.lean:226:7: Try this:
  [apply] rwa [(wa_eq hu hw (by simp [dW, blkA])).2]
⚠ [2310/2421] Replayed Frontier.CHD.DInsertA
warning: Frontier/CHD/DInsertA.lean:53:0: automatically included section variable(s) unused in theorem `Frontier.CHD.DIns.prependOwner_eq`:
  [DecidableEq κ]
  [Inhabited α]
consider restructuring your `variable` declarations so that the variables are not in scope or explicitly omit them:
  omit [DecidableEq κ] [Inhabited α] in theorem ...

Note: This linter can be disabled with `set_option linter.unusedSectionVars false`
warning: Frontier/CHD/DInsertA.lean:63:0: automatically included section variable(s) unused in theorem `Frontier.CHD.DIns.ownerIdx_lt`:
  [DecidableEq κ]
  [Inhabited α]
consider restructuring your `variable` declarations so that the variables are not in scope or explicitly omit them:
  omit [DecidableEq κ] [Inhabited α] in theorem ...

Note: This linter can be disabled with `set_option linter.unusedSectionVars false`
warning: Frontier/CHD/DInsertA.lean:74:0: automatically included section variable(s) unused in theorem `Frontier.CHD.DIns.sep_pairwise`:
  [DecidableEq κ]
  [Inhabited α]
consider restructuring your `variable` declarations so that the variables are not in scope or explicitly omit them:
  omit [DecidableEq κ] [Inhabited α] in theorem ...

Note: This linter can be disabled with `set_option linter.unusedSectionVars false`
warning: Frontier/CHD/DInsertA.lean:100:0: automatically included section variable(s) unused in theorem `Frontier.CHD.DIns.ownerIdx_spec`:
  [DecidableEq κ]
consider restructuring your `variable` declarations so that the variables are not in scope or explicitly omit them:
  omit [DecidableEq κ] in theorem ...

Note: This linter can be disabled with `set_option linter.unusedSectionVars false`
warning: Frontier/CHD/DInsertA.lean:241:14: `if_pos` has been deprecated: Use `ite_eq_left` instead
warning: Frontier/CHD/DInsertA.lean:282:12: `if_pos` has been deprecated: Use `ite_eq_left` instead
warning: Frontier/CHD/DInsertA.lean:282:24: `if_neg` has been deprecated: Use `ite_eq_right` instead
warning: Frontier/CHD/DInsertA.lean:282:44: `if_neg` has been deprecated: Use `ite_eq_right` instead
warning: Frontier/CHD/DInsertA.lean:287:12: `if_neg` has been deprecated: Use `ite_eq_right` instead
warning: Frontier/CHD/DInsertA.lean:287:24: `if_pos` has been deprecated: Use `ite_eq_left` instead
warning: Frontier/CHD/DInsertA.lean:287:36: `if_pos` has been deprecated: Use `ite_eq_left` instead
warning: Frontier/CHD/DInsertA.lean:276:78: Unused tactic linter: `done` does nothing

Note: This linter can be disabled with `set_option linter.unusedTactic false`
warning: Frontier/CHD/DInsertA.lean:276:86: Unused tactic linter: `(simp [probeW, YB, LReg.ws]; tauto)` does nothing

Note: This linter can be disabled with `set_option linter.unusedTactic false`
warning: Frontier/CHD/DInsertA.lean:276:86: this tactic is never executed

Note: This linter can be disabled with `set_option linter.unreachableTactic false`
warning: Frontier/CHD/DInsertA.lean:304:0: automatically included section variable(s) unused in theorem `Frontier.CHD.DIns.prependAt_length`:
  [DecidableEq κ]
  [LinearOrder α]
  [Inhabited α]
consider restructuring your `variable` declarations so that the variables are not in scope or explicitly omit them:
  omit [DecidableEq κ] [LinearOrder α] [Inhabited α] in theorem ...

Note: This linter can be disabled with `set_option linter.unusedSectionVars false`
warning: Frontier/CHD/DInsertA.lean:379:62: `if_false` has been deprecated: Use `ite_false` instead
warning: Frontier/CHD/DInsertA.lean:383:26: This simp argument is unused:
  hl

Hint: Omit it from the simp argument list.
  [apply] simp [tlWord, List.getLast?_eq_none_iff.mp hl]

Note: This linter can be disabled with `set_option linter.unusedSimpArgs false`
warning: Frontier/CHD/DInsertA.lean:413:10: `if_pos` has been deprecated: Use `ite_eq_left` instead
warning: Frontier/CHD/DInsertA.lean:413:42: `if_pos` has been deprecated: Use `ite_eq_left` instead
warning: Frontier/CHD/DInsertA.lean:414:10: `if_neg` has been deprecated: Use `ite_eq_right` instead
warning: Frontier/CHD/DInsertA.lean:414:54: `if_neg` has been deprecated: Use `ite_eq_right` instead
⚠ [2311/2421] Replayed Frontier.CHD.DInsertB
warning: Frontier/CHD/DInsertB.lean:167:38: `if_neg` has been deprecated: Use `ite_eq_right` instead
warning: Frontier/CHD/DInsertB.lean:185:21: `if_false` has been deprecated: Use `ite_false` instead
warning: Frontier/CHD/DInsertB.lean:187:10: `if_pos` has been deprecated: Use `ite_eq_left` instead
warning: Frontier/CHD/DInsertB.lean:98:20: This simp argument is unused:
  State.charge_v

Hint: Omit it from the simp argument list.
  [apply] simp only [wp_seq, storeA, wp, evalV_var', evalW_var, evalW_load', evalW_add', evalW_lit', State.charge_w,
    State.charge_wa, State.charge_va, State.charge_wlen, State.charge_vlen, State.charge_cap, State.storeV_w,
    State.storeV_v, State.storeV_wa, State.storeV_wlen, State.storeV_vlen, State.storeV_cap, State.storeW_w,
    State.storeW_v, State.storeW_wa, State.storeW_wlen, State.storeW_vlen, State.storeW_cap, State.storeW_va, hq3id,
    hq3bid, hq3v, Option.bind_some, ↓reduceIte, i1, i2, i3, i4, i5, hkey, hnxt, hhd, htl, hcnt, hlv, true_and,
    String.reduceEq, and_false, false_and, entA, and_self, hf1, hf2, hf3, k1, k2, k3, k4, k5]

Note: This linter can be disabled with `set_option linter.unusedSimpArgs false`
warning: Frontier/CHD/DInsertB.lean:98:53: This simp argument is unused:
  State.charge_va

Hint: Omit it from the simp argument list.
  [apply] simp only [wp_seq, storeA, wp, evalV_var', evalW_var, evalW_load', evalW_add', evalW_lit', State.charge_w,
    State.charge_v, State.charge_wa, State.charge_wlen, State.charge_vlen, State.charge_cap, State.storeV_w,
    State.storeV_v, State.storeV_wa, State.storeV_wlen, State.storeV_vlen, State.storeV_cap, State.storeW_w,
    State.storeW_v, State.storeW_wa, State.storeW_wlen, State.storeW_vlen, State.storeW_cap, State.storeW_va, hq3id,
    hq3bid, hq3v, Option.bind_some, ↓reduceIte, i1, i2, i3, i4, i5, hkey, hnxt, hhd, htl, hcnt, hlv, true_and,
    String.reduceEq, and_false, false_and, entA, and_self, hf1, hf2, hf3, k1, k2, k3, k4, k5]

Note: This linter can be disabled with `set_option linter.unusedSimpArgs false`
warning: Frontier/CHD/DInsertB.lean:99:4: This simp argument is unused:
  State.charge_vlen

Hint: Omit it from the simp argument list.
  [apply] simp only [wp_seq, storeA, wp, evalV_var', evalW_var, evalW_load', evalW_add', evalW_lit', State.charge_w,
    State.charge_v, State.charge_wa, State.charge_va, State.charge_wlen, State.charge_cap, State.storeV_w,
    State.storeV_v, State.storeV_wa, State.storeV_wlen, State.storeV_vlen, State.storeV_cap, State.storeW_w,
    State.storeW_v, State.storeW_wa, State.storeW_wlen, State.storeW_vlen, State.storeW_cap, State.storeW_va, hq3id,
    hq3bid, hq3v, Option.bind_some, ↓reduceIte, i1, i2, i3, i4, i5, hkey, hnxt, hhd, htl, hcnt, hlv, true_and,
    String.reduceEq, and_false, false_and, entA, and_self, hf1, hf2, hf3, k1, k2, k3, k4, k5]

Note: This linter can be disabled with `set_option linter.unusedSimpArgs false`
warning: Frontier/CHD/DInsertB.lean:99:57: This simp argument is unused:
  State.storeV_v

Hint: Omit it from the simp argument list.
  [apply] simp only [wp_seq, storeA, wp, evalV_var', evalW_var, evalW_load', evalW_add', evalW_lit', State.charge_w,
    State.charge_v, State.charge_wa, State.charge_va, State.charge_wlen, State.charge_vlen, State.charge_cap,
    State.storeV_w, State.storeV_wa, State.storeV_wlen, State.storeV_vlen, State.storeV_cap, State.storeW_w,
    State.storeW_v, State.storeW_wa, State.storeW_wlen, State.storeW_vlen, State.storeW_cap, State.storeW_va, hq3id,
    hq3bid, hq3v, Option.bind_some, ↓reduceIte, i1, i2, i3, i4, i5, hkey, hnxt, hhd, htl, hcnt, hlv, true_and,
    String.reduceEq, and_false, false_and, entA, and_self, hf1, hf2, hf3, k1, k2, k3, k4, k5]

Note: This linter can be disabled with `set_option linter.unusedSimpArgs false`
warning: Frontier/CHD/DInsertB.lean:100:23: This simp argument is unused:
  State.storeV_vlen

Hint: Omit it from the simp argument list.
  [apply] simp only [wp_seq, storeA, wp, evalV_var', evalW_var, evalW_load', evalW_add', evalW_lit', State.charge_w,
    State.charge_v, State.charge_wa, State.charge_va, State.charge_wlen, State.charge_vlen, State.charge_cap,
    State.storeV_w, State.storeV_v, State.storeV_wa, State.storeV_wlen, State.storeV_cap, State.storeW_w,
    State.storeW_v, State.storeW_wa, State.storeW_wlen, State.storeW_vlen, State.storeW_cap, State.storeW_va, hq3id,
    hq3bid, hq3v, Option.bind_some, ↓reduceIte, i1, i2, i3, i4, i5, hkey, hnxt, hhd, htl, hcnt, hlv, true_and,
    String.reduceEq, and_false, false_and, entA, and_self, hf1, hf2, hf3, k1, k2, k3, k4, k5]

Note: This linter can be disabled with `set_option linter.unusedSimpArgs false`
warning: Frontier/CHD/DInsertB.lean:100:76: This simp argument is unused:
  State.storeW_v

Hint: Omit it from the simp argument list.
  [apply] simp only [wp_seq, storeA, wp, evalV_var', evalW_var, evalW_load', evalW_add', evalW_lit', State.charge_w,
    State.charge_v, State.charge_wa, State.charge_va, State.charge_wlen, State.charge_vlen, State.charge_cap,
    State.storeV_w, State.storeV_v, State.storeV_wa, State.storeV_wlen, State.storeV_vlen, State.storeV_cap,
    State.storeW_w, State.storeW_wa, State.storeW_wlen, State.storeW_vlen, State.storeW_cap, State.storeW_va, hq3id,
    hq3bid, hq3v, Option.bind_some, ↓reduceIte, i1, i2, i3, i4, i5, hkey, hnxt, hhd, htl, hcnt, hlv, true_and,
    String.reduceEq, and_false, false_and, entA, and_self, hf1, hf2, hf3, k1, k2, k3, k4, k5]

Note: This linter can be disabled with `set_option linter.unusedSimpArgs false`
warning: Frontier/CHD/DInsertB.lean:101:40: This simp argument is unused:
  State.storeW_vlen

Hint: Omit it from the simp argument list.
  [apply] simp only [wp_seq, storeA, wp, evalV_var', evalW_var, evalW_load', evalW_add', evalW_lit', State.charge_w,
    State.charge_v, State.charge_wa, State.charge_va, State.charge_wlen, State.charge_vlen, State.charge_cap,
    State.storeV_w, State.storeV_v, State.storeV_wa, State.storeV_wlen, State.storeV_vlen, State.storeV_cap,
    State.storeW_w, State.storeW_v, State.storeW_wa, State.storeW_wlen, State.storeW_cap, State.storeW_va, hq3id,
    hq3bid, hq3v, Option.bind_some, ↓reduceIte, i1, i2, i3, i4, i5, hkey, hnxt, hhd, htl, hcnt, hlv, true_and,
    String.reduceEq, and_false, false_and, entA, and_self, hf1, hf2, hf3, k1, k2, k3, k4, k5]

Note: This linter can be disabled with `set_option linter.unusedSimpArgs false`
warning: Frontier/CHD/DInsertB.lean:101:77: This simp argument is unused:
  State.storeW_va

Hint: Omit it from the simp argument list.
  [apply] simp only [wp_seq, storeA, wp, evalV_var', evalW_var, evalW_load', evalW_add', evalW_lit', State.charge_w,
    State.charge_v, State.charge_wa, State.charge_va, State.charge_wlen, State.charge_vlen, State.charge_cap,
    State.storeV_w, State.storeV_v, State.storeV_wa, State.storeV_wlen, State.storeV_vlen, State.storeV_cap,
    State.storeW_w, State.storeW_v, State.storeW_wa, State.storeW_wlen, State.storeW_vlen, State.storeW_cap, hq3id,
    hq3bid, hq3v, Option.bind_some, ↓reduceIte, i1, i2, i3, i4, i5, hkey, hnxt, hhd, htl, hcnt, hlv, true_and,
    String.reduceEq, and_false, false_and, entA, and_self, hf1, hf2, hf3, k1, k2, k3, k4, k5]

Note: This linter can be disabled with `set_option linter.unusedSimpArgs false`
warning: Frontier/CHD/DInsertB.lean:103:42: This simp argument is unused:
  and_false

Hint: Omit it from the simp argument list.
  [apply] simp only [wp_seq, storeA, wp, evalV_var', evalW_var, evalW_load', evalW_add', evalW_lit', State.charge_w,
    State.charge_v, State.charge_wa, State.charge_va, State.charge_wlen, State.charge_vlen, State.charge_cap,
    State.storeV_w, State.storeV_v, State.storeV_wa, State.storeV_wlen, State.storeV_vlen, State.storeV_cap,
    State.storeW_w, State.storeW_v, State.storeW_wa, State.storeW_wlen, State.storeW_vlen, State.storeW_cap,
    State.storeW_va, hq3id, hq3bid, hq3v, Option.bind_some, ↓reduceIte, i1, i2, i3, i4, i5, hkey, hnxt, hhd, htl, hcnt,
    hlv, true_and, String.reduceEq, false_and, entA, and_self, hf1, hf2, hf3, k1, k2, k3, k4, k5]

Note: This linter can be disabled with `set_option linter.unusedSimpArgs false`
warning: Frontier/CHD/DInsertB.lean:103:70: This simp argument is unused:
  and_self

Hint: Omit it from the simp argument list.
  [apply] simp only [wp_seq, storeA, wp, evalV_var', evalW_var, evalW_load', evalW_add', evalW_lit', State.charge_w,
    State.charge_v, State.charge_wa, State.charge_va, State.charge_wlen, State.charge_vlen, State.charge_cap,
    State.storeV_w, State.storeV_v, State.storeV_wa, State.storeV_wlen, State.storeV_vlen, State.storeV_cap,
    State.storeW_w, State.storeW_v, State.storeW_wa, State.storeW_wlen, State.storeW_vlen, State.storeW_cap,
    State.storeW_va, hq3id, hq3bid, hq3v, Option.bind_some, ↓reduceIte, i1, i2, i3, i4, i5, hkey, hnxt, hhd, htl, hcnt,
    hlv, true_and, String.reduceEq, and_false, false_and, entA, hf1, hf2, hf3, k1, k2, k3, k4, k5]

Note: This linter can be disabled with `set_option linter.unusedSimpArgs false`
warning: Frontier/CHD/DInsertB.lean:172:82: This simp argument is unused:
  hbt

Hint: Omit it from the simp argument list.
  [apply] simp [State.storeW, State.storeV, State.charge, hwa, hva, hbc]

Note: This linter can be disabled with `set_option linter.unusedSimpArgs false`
warning: Frontier/CHD/DInsertB.lean:192:82: This simp argument is unused:
  hbt

Hint: Omit it from the simp argument list.
  [apply] simp [State.storeW, State.storeV, State.charge, hwa, hva, hbc]

Note: This linter can be disabled with `set_option linter.unusedSimpArgs false`
warning: Frontier/CHD/DInsertB.lean:174:78: Unused tactic linter: `done` does nothing

Note: This linter can be disabled with `set_option linter.unusedTactic false`
warning: Frontier/CHD/DInsertB.lean:175:89: Unused tactic linter: `done` does nothing

Note: This linter can be disabled with `set_option linter.unusedTactic false`
warning: Frontier/CHD/DInsertB.lean:179:81: Unused tactic linter: `done` does nothing

Note: This linter can be disabled with `set_option linter.unusedTactic false`
warning: Frontier/CHD/DInsertB.lean:185:63: Unused tactic linter: `done` does nothing

Note: This linter can be disabled with `set_option linter.unusedTactic false`
warning: Frontier/CHD/DInsertB.lean:194:78: Unused tactic linter: `done` does nothing

Note: This linter can be disabled with `set_option linter.unusedTactic false`
warning: Frontier/CHD/DInsertB.lean:195:89: Unused tactic linter: `done` does nothing

Note: This linter can be disabled with `set_option linter.unusedTactic false`
warning: Frontier/CHD/DInsertB.lean:199:81: Unused tactic linter: `done` does nothing

Note: This linter can be disabled with `set_option linter.unusedTactic false`
warning: Frontier/CHD/DInsertB.lean:200:73: Unused tactic linter: `done` does nothing

Note: This linter can be disabled with `set_option linter.unusedTactic false`
warning: Frontier/CHD/DInsertB.lean:202:63: Unused tactic linter: `done` does nothing

Note: This linter can be disabled with `set_option linter.unusedTactic false`
warning: Frontier/CHD/DInsertB.lean:203:8: Unused tactic linter: `(simp [State.storeW, State.storeV, State.charge, hq3c]; done)` does nothing

Note: This linter can be disabled with `set_option linter.unusedTactic false`
warning: Frontier/CHD/DInsertB.lean:204:8: Unused tactic linter: `(funext j;
  simp only [State.storeW, State.storeV, State.charge, hwa, String.reduceEq, false_and, if_false];
  split_ifs with h <;> simp [h]; done)` does nothing

Note: This linter can be disabled with `set_option linter.unusedTactic false`
warning: Frontier/CHD/DInsertB.lean:203:8: this tactic is never executed

Note: This linter can be disabled with `set_option linter.unreachableTactic false`
warning: Frontier/CHD/DInsertB.lean:204:8: this tactic is never executed

Note: This linter can be disabled with `set_option linter.unreachableTactic false`
warning: Frontier/CHD/DInsertB.lean:301:12: `if_pos` has been deprecated: Use `ite_eq_left` instead
warning: Frontier/CHD/DInsertB.lean:301:24: `if_neg` has been deprecated: Use `ite_eq_right` instead
warning: Frontier/CHD/DInsertB.lean:304:12: `if_neg` has been deprecated: Use `ite_eq_right` instead
warning: Frontier/CHD/DInsertB.lean:304:24: `if_pos` has been deprecated: Use `ite_eq_left` instead
warning: Frontier/CHD/DInsertB.lean:528:48: `if_pos` has been deprecated: Use `ite_eq_left` instead
warning: Frontier/CHD/DInsertB.lean:546:10: `if_pos` has been deprecated: Use `ite_eq_left` instead
warning: Frontier/CHD/DInsertB.lean:549:48: `if_neg` has been deprecated: Use `ite_eq_right` instead
warning: Frontier/CHD/DInsertB.lean:650:53: `if_false` has been deprecated: Use `ite_false` instead
warning: Frontier/CHD/DInsertB.lean:665:10: `if_neg` has been deprecated: Use `ite_eq_right` instead
info: Frontier/CHD/DInsertB.lean:543:11: Try this:
  [apply] rwa [(wa_eq hU hw0 (by simp [dW, entA])).2]
info: Frontier/CHD/DInsertB.lean:543:11: Try this:
  [apply] rwa [(wa_eq hU hw0 (by simp [dW, entA])).2]
info: Frontier/CHD/DInsertB.lean:544:11: Try this:
  [apply] rwa [(va_eq hU hv0 (by simp [dV, entA])).2]
info: Frontier/CHD/DInsertB.lean:543:11: Try this:
  [apply] rwa [(wa_eq hU hw0 (by simp [dW, entA])).2]
info: Frontier/CHD/DInsertB.lean:543:11: Try this:
  [apply] rwa [(wa_eq hU hw0 (by simp [dW, entA])).2]
info: Frontier/CHD/DInsertB.lean:543:11: Try this:
  [apply] rwa [(wa_eq hU hw0 (by simp [dW, entA])).2]
info: Frontier/CHD/DInsertB.lean:543:11: Try this:
  [apply] rwa [(wa_eq hU hw0 (by simp [dW, entA])).2]
⚠ [2312/2421] Replayed Frontier.CHD.DInsertL
warning: Frontier/CHD/DInsertL.lean:40:19: `if_true` has been deprecated: Use `ite_true` instead
warning: Frontier/CHD/DInsertL.lean:41:39: `if_false` has been deprecated: Use `ite_false` instead
⚠ [2314/2421] Replayed Frontier.CHD.DPsi
warning: Frontier/CHD/DPsi.lean:164:8: `if_pos` has been deprecated: Use `ite_eq_left` instead
warning: Frontier/CHD/DPsi.lean:167:8: `if_neg` has been deprecated: Use `ite_eq_right` instead
warning: Frontier/CHD/DPsi.lean:167:8: `if_neg` has been deprecated: Use `ite_eq_right` instead
warning: Frontier/CHD/DPsi.lean:219:14: `dif_pos` has been deprecated: Use `dite_eq_left` instead
warning: Frontier/CHD/DPsi.lean:240:39: `dif_neg` has been deprecated: Use `dite_eq_right` instead
warning: Frontier/CHD/DPsi.lean:247:49: `if_pos` has been deprecated: Use `ite_eq_left` instead
warning: Frontier/CHD/DPsi.lean:251:18: `if_neg` has been deprecated: Use `ite_eq_right` instead
warning: Frontier/CHD/DPsi.lean:297:22: `if_neg` has been deprecated: Use `ite_eq_right` instead
warning: Frontier/CHD/DPsi.lean:305:12: `if_neg` has been deprecated: Use `ite_eq_right` instead
⚠ [2315/2421] Replayed Frontier.CHD.IHeapLab
warning: Frontier/CHD/IHeapLab.lean:157:12: `if_pos` has been deprecated: Use `ite_eq_left` instead
warning: Frontier/CHD/IHeapLab.lean:157:32: `if_pos` has been deprecated: Use `ite_eq_left` instead
warning: Frontier/CHD/IHeapLab.lean:158:12: `if_neg` has been deprecated: Use `ite_eq_right` instead
warning: Frontier/CHD/IHeapLab.lean:158:46: `if_neg` has been deprecated: Use `ite_eq_right` instead
warning: Frontier/CHD/IHeapLab.lean:100:31: This simp argument is unused:
  HX

Hint: Omit it from the simp argument list.
  [apply] simp [HY, LReg.ws]

Note: This linter can be disabled with `set_option linter.unusedSimpArgs false`
⚠ [2317/2421] Replayed Frontier.CHD.MarkLoop
warning: Frontier/CHD/MarkLoop.lean:29:25: Variable name `arrL` is not explicitly referenced.

Hint: The binding can be removed (if unused) or named `_` (if used implicitly). Alternatively, prefix the name with `_` to silence this warning:
  [apply] _arrL

Note: This linter can be disabled with `set_option linter.unusedVariables false`
warning: Frontier/CHD/MarkLoop.lean:84:12: `if_pos` has been deprecated: Use `ite_eq_left` instead
warning: Frontier/CHD/MarkLoop.lean:84:24: `if_pos` has been deprecated: Use `ite_eq_left` instead
warning: Frontier/CHD/MarkLoop.lean:85:12: `if_neg` has been deprecated: Use `ite_eq_right` instead
warning: Frontier/CHD/MarkLoop.lean:90:14: `if_pos` has been deprecated: Use `ite_eq_left` instead
warning: Frontier/CHD/MarkLoop.lean:90:25: `if_pos` has been deprecated: Use `ite_eq_left` instead
warning: Frontier/CHD/MarkLoop.lean:91:14: `if_neg` has been deprecated: Use `ite_eq_right` instead
warning: Frontier/CHD/MarkLoop.lean:91:25: `if_neg` has been deprecated: Use `ite_eq_right` instead
warning: Frontier/CHD/MarkLoop.lean:94:10: `if_neg` has been deprecated: Use `ite_eq_right` instead
warning: Frontier/CHD/MarkLoop.lean:97:63: `if_neg` has been deprecated: Use `ite_eq_right` instead
warning: Frontier/CHD/MarkLoop.lean:97:75: `if_neg` has been deprecated: Use `ite_eq_right` instead
⚠ [2318/2421] Replayed Frontier.CHD.PartitionRAM4
warning: Frontier/CHD/PartitionRAM4.lean:197:12: `if_neg` has been deprecated: Use `ite_eq_right` instead
warning: Frontier/CHD/PartitionRAM4.lean:201:10: `if_neg` has been deprecated: Use `ite_eq_right` instead
warning: Frontier/CHD/PartitionRAM4.lean:204:63: `if_neg` has been deprecated: Use `ite_eq_right` instead
warning: Frontier/CHD/PartitionRAM4.lean:204:75: `if_neg` has been deprecated: Use `ite_eq_right` instead
warning: Frontier/CHD/PartitionRAM4.lean:187:47: This simp argument is unused:
  State.storeW_w

Hint: Omit it from the simp argument list.
  [apply] simp only [State.charge_w, State.setW_w, ↓reduceIte]

Note: This linter can be disabled with `set_option linter.unusedSimpArgs false`
⚠ [2320/2421] Replayed Frontier.CHD.QWit
warning: Frontier/CHD/QWit.lean:190:8: `if_pos` has been deprecated: Use `ite_eq_left` instead
warning: Frontier/CHD/QWit.lean:193:8: `if_neg` has been deprecated: Use `ite_eq_right` instead
warning: Frontier/CHD/QWit.lean:202:63: Variable name `h2` is not explicitly referenced.

Hint: The binding can be removed (if unused) or named `_` (if used implicitly). Alternatively, prefix the name with `_` to silence this warning:
  [apply] _h2

Note: This linter can be disabled with `set_option linter.unusedVariables false`
warning: Frontier/CHD/QWit.lean:376:0: automatically included section variable(s) unused in theorem `Frontier.CHD.BM.wit0_exists`:
  hL
consider restructuring your `variable` declarations so that the variables are not in scope or explicitly omit them:
  omit hL in theorem ...

Note: This linter can be disabled with `set_option linter.unusedSectionVars false`
warning: Frontier/CHD/QWit.lean:458:20: `dif_pos` has been deprecated: Use `dite_eq_left` instead
⚠ [2321/2421] Replayed Frontier.CHD.QWitProv
warning: Frontier/CHD/QWitProv.lean:33:42: Variable name `hw` is not explicitly referenced.

Hint: The binding can be removed (if unused) or named `_` (if used implicitly). Alternatively, prefix the name with `_` to silence this warning:
  [apply] _hw

Note: This linter can be disabled with `set_option linter.unusedVariables false`
warning: Frontier/CHD/QWitProv.lean:230:10: `if_pos` has been deprecated: Use `ite_eq_left` instead
warning: Frontier/CHD/QWitProv.lean:445:8: `if_neg` has been deprecated: Use `ite_eq_right` instead
warning: Frontier/CHD/QWitProv.lean:492:12: `if_neg` has been deprecated: Use `ite_eq_right` instead
warning: Frontier/CHD/QWitProv.lean:516:6: Variable name `hL` is not explicitly referenced.

Hint: The binding can be removed (if unused) or named `_` (if used implicitly). Alternatively, prefix the name with `_` to silence this warning:
  [apply] _hL

Note: This linter can be disabled with `set_option linter.unusedVariables false`
⚠ [2324/2421] Replayed Frontier.CHD.TraceSize
warning: Frontier/CHD/TraceSize.lean:216:10: `if_neg` has been deprecated: Use `ite_eq_right` instead
warning: Frontier/CHD/TraceSize.lean:237:31: `if_true` has been deprecated: Use `ite_true` instead
⚠ [2327/2421] Replayed Frontier.CHD.L6.CSort
warning: Frontier/CHD/L6/CSort.lean:189:55: `if_false` has been deprecated: Use `ite_false` instead
warning: Frontier/CHD/L6/CSort.lean:192:37: `if_true` has been deprecated: Use `ite_true` instead
warning: Frontier/CHD/L6/CSort.lean:237:51: Variable name `hf` is not explicitly referenced.

Hint: The binding can be removed (if unused) or named `_` (if used implicitly). Alternatively, prefix the name with `_` to silence this warning:
  [apply] _hf

Note: This linter can be disabled with `set_option linter.unusedVariables false`
warning: Frontier/CHD/L6/CSort.lean:326:12: This simp argument is unused:
  List.filter_cons

Hint: Omit it from the simp argument list.
  [apply] simp [h1, h1.le, h1.ne, ih]

Note: This linter can be disabled with `set_option linter.unusedSimpArgs false`
warning: Frontier/CHD/L6/CSort.lean:328:14: This simp argument is unused:
  List.filter_cons

Hint: Omit it from the simp argument list.
  [apply] simp [h2, ih]

Note: This linter can be disabled with `set_option linter.unusedSimpArgs false`
warning: Frontier/CHD/L6/CSort.lean:330:14: This simp argument is unused:
  List.filter_cons

Hint: Omit it from the simp argument list.
  [apply] simp [h1, h2, h3, ih]

Note: This linter can be disabled with `set_option linter.unusedSimpArgs false`
warning: Frontier/CHD/L6/CSort.lean:339:31: This simp argument is unused:
  Nat.lt_succ_iff

Hint: Omit it from the simp argument list.
  [apply] simp

Note: This linter can be disabled with `set_option linter.unusedSimpArgs false`
warning: Frontier/CHD/L6/CSort.lean:484:16: `if_neg` has been deprecated: Use `ite_eq_right` instead
⚠ [2328/2421] Replayed Frontier.CHD.L6.Keep
warning: Frontier/CHD/L6/Keep.lean:51:19: `if_true` has been deprecated: Use `ite_true` instead
warning: Frontier/CHD/L6/Keep.lean:58:19: `if_false` has been deprecated: Use `ite_false` instead
warning: Frontier/CHD/L6/Keep.lean:108:28: `if_pos` has been deprecated: Use `ite_eq_left` instead
warning: Frontier/CHD/L6/Keep.lean:118:28: `if_neg` has been deprecated: Use `ite_eq_right` instead
warning: Frontier/CHD/L6/Keep.lean:112:16: This simp argument is unused:
  hy.1

Hint: Omit it from the simp argument list.
  [apply] simp [hy.2.1, hy.2.2]

Note: This linter can be disabled with `set_option linter.unusedSimpArgs false`
warning: Frontier/CHD/L6/Keep.lean:112:22: This simp argument is unused:
  hy.2.1

Hint: Omit it from the simp argument list.
  [apply] simp [hy.1, hy.2.2]

Note: This linter can be disabled with `set_option linter.unusedSimpArgs false`
warning: Frontier/CHD/L6/Keep.lean:112:30: This simp argument is unused:
  hy.2.2

Hint: Omit it from the simp argument list.
  [apply] simp [hy.1, hy.2.1]

Note: This linter can be disabled with `set_option linter.unusedSimpArgs false`
warning: Frontier/CHD/L6/Keep.lean:127:18: This simp argument is unused:
  ha

Hint: Omit it from the simp argument list.
  [apply] simp

Note: This linter can be disabled with `set_option linter.unusedSimpArgs false`
warning: Frontier/CHD/L6/Keep.lean:129:18: This simp argument is unused:
  hy.1

Hint: Omit it from the simp argument list.
  [apply] simp [hy.2.1, hy.2.2]

Note: This linter can be disabled with `set_option linter.unusedSimpArgs false`
warning: Frontier/CHD/L6/Keep.lean:129:24: This simp argument is unused:
  hy.2.1

Hint: Omit it from the simp argument list.
  [apply] simp [hy.1, hy.2.2]

Note: This linter can be disabled with `set_option linter.unusedSimpArgs false`
warning: Frontier/CHD/L6/Keep.lean:129:32: This simp argument is unused:
  hy.2.2

Hint: Omit it from the simp argument list.
  [apply] simp [hy.1, hy.2.1]

Note: This linter can be disabled with `set_option linter.unusedSimpArgs false`
⚠ [2329/2421] Replayed Frontier.CHD.L6.DedupModel
warning: Frontier/CHD/L6/DedupModel.lean:1:0: 'Mathlib.Data.NNReal.Basic' has been deprecated: please replace this import by

import Mathlib.Basic.NNReal.Basic
warning: Frontier/CHD/L6/DedupModel.lean:45:10: `if_pos` has been deprecated: Use `ite_eq_left` instead
warning: Frontier/CHD/L6/DedupModel.lean:48:10: `if_neg` has been deprecated: Use `ite_eq_right` instead
warning: Frontier/CHD/L6/DedupModel.lean:90:10: `if_pos` has been deprecated: Use `ite_eq_left` instead
warning: Frontier/CHD/L6/DedupModel.lean:93:10: `if_neg` has been deprecated: Use `ite_eq_right` instead
warning: Frontier/CHD/L6/DedupModel.lean:127:12: `if_pos` has been deprecated: Use `ite_eq_left` instead
warning: Frontier/CHD/L6/DedupModel.lean:128:12: `if_neg` has been deprecated: Use `ite_eq_right` instead
warning: Frontier/CHD/L6/DedupModel.lean:151:10: `if_neg` has been deprecated: Use `ite_eq_right` instead
⚠ [2330/2421] Replayed Frontier.CHD.L6.Dedup
warning: Frontier/CHD/L6/Dedup.lean:25:6: `List.take_succ` has been deprecated: Use `List.take_add_one` instead
warning: Frontier/CHD/L6/Dedup.lean:280:69: `if_true` has been deprecated: Use `ite_true` instead
⚠ [2331/2421] Replayed Frontier.CHD.L6.PassA
warning: Frontier/CHD/L6/PassA.lean:59:8: `if_pos` has been deprecated: Use `ite_eq_left` instead
warning: Frontier/CHD/L6/PassA.lean:59:18: `if_pos` has been deprecated: Use `ite_eq_left` instead
warning: Frontier/CHD/L6/PassA.lean:60:8: `if_neg` has been deprecated: Use `ite_eq_right` instead
warning: Frontier/CHD/L6/PassA.lean:60:18: `if_neg` has been deprecated: Use `ite_eq_right` instead
warning: Frontier/CHD/L6/PassA.lean:142:45: `if_neg` has been deprecated: Use `ite_eq_right` instead
warning: Frontier/CHD/L6/PassA.lean:288:6: This simp argument is unused:
  show u < t.cap by omega

Hint: Omit it from the simp argument list.
  [apply] simp [wp, hr2u, hdeg, hδ2, hdL2, fit, hr2cap, hr2x, hr2y, hc0, show I.deg u + (I.δ - 2) < t.cap by omega,
    show 2 < t.cap by omega, show 1 < t.cap by omega, show 0 < t.cap by omega, show t.w "g_x" + 1 < t.cap by omega,
    show I.deg u + 1 < t.cap by omega, show t.w "g_y" + (I.deg u + 1) < t.cap by omega, show (1 : ℕ) ≤ I.δ by omega,
    show I.δ - 1 ≠ 0 by omega]

Note: This linter can be disabled with `set_option linter.unusedSimpArgs false`
warning: Frontier/CHD/L6/PassA.lean:291:55: This simp argument is unused:
  show (1 : ℕ) ≤ I.δ by omega

Hint: Omit it from the simp argument list.
  [apply] simp [wp, hr2u, hdeg, hδ2, hdL2, fit, hr2cap, hr2x, hr2y, hc0, show u < t.cap by omega,
    show I.deg u + (I.δ - 2) < t.cap by omega, show 2 < t.cap by omega, show 1 < t.cap by omega,
    show 0 < t.cap by omega, show t.w "g_x" + 1 < t.cap by omega, show I.deg u + 1 < t.cap by omega,
    show t.w "g_y" + (I.deg u + 1) < t.cap by omega, show I.δ - 1 ≠ 0 by omega]

Note: This linter can be disabled with `set_option linter.unusedSimpArgs false`
warning: Frontier/CHD/L6/PassA.lean:306:6: This simp argument is unused:
  show u < t.cap by omega

Hint: Omit it from the simp argument list.
  [apply] simp [wp, hr2u, hdeg, hδ2, hdL2, fit, hr2cap, hr2x, hr2y, hc0, show I.deg u + (I.δ - 2) < t.cap by omega,
    show 2 < t.cap by omega, show 1 < t.cap by omega, show 0 < t.cap by omega,
    show t.w "g_x" + (I.deg u + (I.δ - 2)) / (I.δ - 1) < t.cap by omega,
    show I.deg u + (I.deg u + (I.δ - 2)) / (I.δ - 1) < t.cap by omega,
    show t.w "g_y" + (I.deg u + (I.deg u + (I.δ - 2)) / (I.δ - 1)) < t.cap by omega, show (1 : ℕ) ≤ I.δ by omega,
    show I.δ - 1 ≠ 0 by omega]

Note: This linter can be disabled with `set_option linter.unusedSimpArgs false`
warning: Frontier/CHD/L6/PassA.lean:311:6: This simp argument is unused:
  show (1 : ℕ) ≤ I.δ by omega

Hint: Omit it from the simp argument list.
  [apply] simp [wp, hr2u, hdeg, hδ2, hdL2, fit, hr2cap, hr2x, hr2y, hc0, show u < t.cap by omega,
    show I.deg u + (I.δ - 2) < t.cap by omega, show 2 < t.cap by omega, show 1 < t.cap by omega,
    show 0 < t.cap by omega, show t.w "g_x" + (I.deg u + (I.δ - 2)) / (I.δ - 1) < t.cap by omega,
    show I.deg u + (I.deg u + (I.δ - 2)) / (I.δ - 1) < t.cap by omega,
    show t.w "g_y" + (I.deg u + (I.deg u + (I.δ - 2)) / (I.δ - 1)) < t.cap by omega, show I.δ - 1 ≠ 0 by omega]

Note: This linter can be disabled with `set_option linter.unusedSimpArgs false`
warning: Frontier/CHD/L6/PassA.lean:293:60: this tactic is never executed

Note: This linter can be disabled with `set_option linter.unreachableTactic false`
warning: Frontier/CHD/L6/PassA.lean:312:58: Used `tac1 <;> tac2` where `(tac1; tac2)` would suffice

Note: This linter can be disabled with `set_option linter.unnecessarySeqFocus false`
warning: Frontier/CHD/L6/PassA.lean:293:60: Unused tactic linter: `omega` does nothing

Note: This linter can be disabled with `set_option linter.unusedTactic false`
warning: Frontier/CHD/L6/PassA.lean:427:52: `if_pos` has been deprecated: Use `ite_eq_left` instead
warning: Frontier/CHD/L6/PassA.lean:460:44: `if_neg` has been deprecated: Use `ite_eq_right` instead
warning: Frontier/CHD/L6/PassA.lean:586:8: This simp argument is unused:
  wp

Hint: Omit it from the simp argument list.
  [apply] simp [hI.gx, hI.gy, hI.E.n, hI.oL, hI.sL, fit, htcap, show I.off I.n < st.cap by omega,
    show I.sl I.n < st.cap by omega]

Note: This linter can be disabled with `set_option linter.unusedSimpArgs false`
warning: Frontier/CHD/L6/PassA.lean:586:48: This simp argument is unused:
  fit

Hint: Omit it from the simp argument list.
  [apply] simp [wp, hI.gx, hI.gy, hI.E.n, hI.oL, hI.sL, htcap, show I.off I.n < st.cap by omega,
    show I.sl I.n < st.cap by omega]

Note: This linter can be disabled with `set_option linter.unusedSimpArgs false`
warning: Frontier/CHD/L6/PassA.lean:586:53: This simp argument is unused:
  htcap

Hint: Omit it from the simp argument list.
  [apply] simp [wp, hI.gx, hI.gy, hI.E.n, hI.oL, hI.sL, fit, show I.off I.n < st.cap by omega,
    show I.sl I.n < st.cap by omega]

Note: This linter can be disabled with `set_option linter.unusedSimpArgs false`
warning: Frontier/CHD/L6/PassA.lean:586:60: This simp argument is unused:
  show I.off I.n < st.cap by omega

Hint: Omit it from the simp argument list.
  [apply] simp [wp, hI.gx, hI.gy, hI.E.n, hI.oL, hI.sL, fit, htcap, show I.sl I.n < st.cap by omega]

Note: This linter can be disabled with `set_option linter.unusedSimpArgs false`
warning: Frontier/CHD/L6/PassA.lean:587:4: This simp argument is unused:
  show I.sl I.n < st.cap by omega

Hint: Omit it from the simp argument list.
  [apply] simp [wp, hI.gx, hI.gy, hI.E.n, hI.oL, hI.sL, fit, htcap, show I.off I.n < st.cap by omega]

Note: This linter can be disabled with `set_option linter.unusedSimpArgs false`
⚠ [2332/2421] Replayed Frontier.CHD.L6.PassB
warning: Frontier/CHD/L6/PassB.lean:378:18: `if_neg` has been deprecated: Use `ite_eq_right` instead
warning: Frontier/CHD/L6/PassB.lean:378:29: `if_neg` has been deprecated: Use `ite_eq_right` instead
warning: Frontier/CHD/L6/PassB.lean:386:18: `if_neg` has been deprecated: Use `ite_eq_right` instead
warning: Frontier/CHD/L6/PassB.lean:386:29: `if_neg` has been deprecated: Use `ite_eq_right` instead
warning: Frontier/CHD/L6/PassB.lean:394:18: `if_neg` has been deprecated: Use `ite_eq_right` instead
warning: Frontier/CHD/L6/PassB.lean:394:29: `if_neg` has been deprecated: Use `ite_eq_right` instead
warning: Frontier/CHD/L6/PassB.lean:400:16: `if_neg` has been deprecated: Use `ite_eq_right` instead
warning: Frontier/CHD/L6/PassB.lean:401:16: `if_pos` has been deprecated: Use `ite_eq_left` instead
warning: Frontier/CHD/L6/PassB.lean:407:16: `if_neg` has been deprecated: Use `ite_eq_right` instead
warning: Frontier/CHD/L6/PassB.lean:407:35: `if_neg` has been deprecated: Use `ite_eq_right` instead
warning: Frontier/CHD/L6/PassB.lean:410:18: `if_pos` has been deprecated: Use `ite_eq_left` instead
warning: Frontier/CHD/L6/PassB.lean:410:37: `if_pos` has been deprecated: Use `ite_eq_left` instead
warning: Frontier/CHD/L6/PassB.lean:411:18: `if_neg` has been deprecated: Use `ite_eq_right` instead
warning: Frontier/CHD/L6/PassB.lean:411:37: `if_pos` has been deprecated: Use `ite_eq_left` instead
warning: Frontier/CHD/L6/PassB.lean:411:56: `if_neg` has been deprecated: Use `ite_eq_right` instead
warning: Frontier/CHD/L6/PassB.lean:424:30: `if_neg` has been deprecated: Use `ite_eq_right` instead
warning: Frontier/CHD/L6/PassB.lean:425:30: `if_neg` has been deprecated: Use `ite_eq_right` instead
warning: Frontier/CHD/L6/PassB.lean:425:49: `if_neg` has been deprecated: Use `ite_eq_right` instead
warning: Frontier/CHD/L6/PassB.lean:426:31: `if_neg` has been deprecated: Use `ite_eq_right` instead
warning: Frontier/CHD/L6/PassB.lean:427:28: `if_neg` has been deprecated: Use `ite_eq_right` instead
warning: Frontier/CHD/L6/PassB.lean:500:16: `if_neg` has been deprecated: Use `ite_eq_right` instead
warning: Frontier/CHD/L6/PassB.lean:501:16: `if_pos` has been deprecated: Use `ite_eq_left` instead
warning: Frontier/CHD/L6/PassB.lean:514:27: `if_false` has been deprecated: Use `ite_false` instead
warning: Frontier/CHD/L6/PassB.lean:516:18: `if_pos` has been deprecated: Use `ite_eq_left` instead
warning: Frontier/CHD/L6/PassB.lean:516:29: `if_pos` has been deprecated: Use `ite_eq_left` instead
warning: Frontier/CHD/L6/PassB.lean:517:18: `if_neg` has been deprecated: Use `ite_eq_right` instead
warning: Frontier/CHD/L6/PassB.lean:517:29: `if_neg` has been deprecated: Use `ite_eq_right` instead
warning: Frontier/CHD/L6/PassB.lean:524:27: `if_false` has been deprecated: Use `ite_false` instead
warning: Frontier/CHD/L6/PassB.lean:526:18: `if_pos` has been deprecated: Use `ite_eq_left` instead
warning: Frontier/CHD/L6/PassB.lean:526:29: `if_pos` has been deprecated: Use `ite_eq_left` instead
warning: Frontier/CHD/L6/PassB.lean:527:18: `if_neg` has been deprecated: Use `ite_eq_right` instead
warning: Frontier/CHD/L6/PassB.lean:527:29: `if_neg` has been deprecated: Use `ite_eq_right` instead
warning: Frontier/CHD/L6/PassB.lean:550:20: `if_neg` has been deprecated: Use `ite_eq_right` instead
warning: Frontier/CHD/L6/PassB.lean:550:31: `if_neg` has been deprecated: Use `ite_eq_right` instead
warning: Frontier/CHD/L6/PassB.lean:556:18: `if_neg` has been deprecated: Use `ite_eq_right` instead
warning: Frontier/CHD/L6/PassB.lean:562:32: `if_neg` has been deprecated: Use `ite_eq_right` instead
warning: Frontier/CHD/L6/PassB.lean:563:32: `if_neg` has been deprecated: Use `ite_eq_right` instead
warning: Frontier/CHD/L6/PassB.lean:587:20: `if_neg` has been deprecated: Use `ite_eq_right` instead
warning: Frontier/CHD/L6/PassB.lean:587:31: `if_neg` has been deprecated: Use `ite_eq_right` instead
warning: Frontier/CHD/L6/PassB.lean:593:18: `if_neg` has been deprecated: Use `ite_eq_right` instead
warning: Frontier/CHD/L6/PassB.lean:593:37: `if_neg` has been deprecated: Use `ite_eq_right` instead
warning: Frontier/CHD/L6/PassB.lean:596:20: `if_pos` has been deprecated: Use `ite_eq_left` instead
warning: Frontier/CHD/L6/PassB.lean:596:39: `if_pos` has been deprecated: Use `ite_eq_left` instead
warning: Frontier/CHD/L6/PassB.lean:597:20: `if_neg` has been deprecated: Use `ite_eq_right` instead
warning: Frontier/CHD/L6/PassB.lean:597:39: `if_pos` has been deprecated: Use `ite_eq_left` instead
warning: Frontier/CHD/L6/PassB.lean:597:58: `if_neg` has been deprecated: Use `ite_eq_right` instead
warning: Frontier/CHD/L6/PassB.lean:602:32: `if_neg` has been deprecated: Use `ite_eq_right` instead
warning: Frontier/CHD/L6/PassB.lean:603:32: `if_neg` has been deprecated: Use `ite_eq_right` instead
warning: Frontier/CHD/L6/PassB.lean:603:51: `if_neg` has been deprecated: Use `ite_eq_right` instead
warning: Frontier/CHD/L6/PassB.lean:313:33: This simp argument is unused:
  hxdef

Hint: Omit it from the simp argument list.
  [apply] simp [vertBody, wp, hI.gx, htu, htoff, htoffL, hoffv, hoffv1, htsl, htslL, hslv, htD, fit, htcap, lOwn, lSt,
    hPdef, hmid, show u < t0.wlen "g_off" by omega, hslL, show q * I.δ < t0.cap by omega,
    show I.sl u + q * I.δ < t0.cap by omega, show I.off u + q < t0.wlen "gOwn" by omega,
    show I.off u + q < t0.wlen "gSt" by omega, show I.off u + q + 1 < t0.cap by omega, show 1 < t0.cap by omega,
    show u + 1 < t0.cap by omega, show 0 < t0.cap by omega, show I.sl u + q * I.δ + I.δ < t0.cap by omega,
    show I.sl u + q * I.δ + I.δ - 1 < t.wlen "gHead" by omega,
    show I.sl u + q * I.δ + I.δ - 1 < t.vlen "gW" by rw [lW]; omega, hoffL,
    show I.off u + q + 1 < I.off u + I.cc u by omega]

Note: This linter can be disabled with `set_option linter.unusedSimpArgs false`
warning: Frontier/CHD/L6/PassB.lean:313:40: This simp argument is unused:
  hPdef

Hint: Omit it from the simp argument list.
  [apply] simp [vertBody, wp, hI.gx, htu, htoff, htoffL, hoffv, hoffv1, htsl, htslL, hslv, htD, fit, htcap, lOwn, lSt,
    hxdef, hmid, show u < t0.wlen "g_off" by omega, hslL, show q * I.δ < t0.cap by omega,
    show I.sl u + q * I.δ < t0.cap by omega, show I.off u + q < t0.wlen "gOwn" by omega,
    show I.off u + q < t0.wlen "gSt" by omega, show I.off u + q + 1 < t0.cap by omega, show 1 < t0.cap by omega,
    show u + 1 < t0.cap by omega, show 0 < t0.cap by omega, show I.sl u + q * I.δ + I.δ < t0.cap by omega,
    show I.sl u + q * I.δ + I.δ - 1 < t.wlen "gHead" by omega,
    show I.sl u + q * I.δ + I.δ - 1 < t.vlen "gW" by rw [lW]; omega, hoffL,
    show I.off u + q + 1 < I.off u + I.cc u by omega]

Note: This linter can be disabled with `set_option linter.unusedSimpArgs false`
warning: Frontier/CHD/L6/PassB.lean:313:47: This simp argument is unused:
  hmid

Hint: Omit it from the simp argument list.
  [apply] simp [vertBody, wp, hI.gx, htu, htoff, htoffL, hoffv, hoffv1, htsl, htslL, hslv, htD, fit, htcap, lOwn, lSt,
    hxdef, hPdef, show u < t0.wlen "g_off" by omega, hslL, show q * I.δ < t0.cap by omega,
    show I.sl u + q * I.δ < t0.cap by omega, show I.off u + q < t0.wlen "gOwn" by omega,
    show I.off u + q < t0.wlen "gSt" by omega, show I.off u + q + 1 < t0.cap by omega, show 1 < t0.cap by omega,
    show u + 1 < t0.cap by omega, show 0 < t0.cap by omega, show I.sl u + q * I.δ + I.δ < t0.cap by omega,
    show I.sl u + q * I.δ + I.δ - 1 < t.wlen "gHead" by omega,
    show I.sl u + q * I.δ + I.δ - 1 < t.vlen "gW" by rw [lW]; omega, hoffL,
    show I.off u + q + 1 < I.off u + I.cc u by omega]

Note: This linter can be disabled with `set_option linter.unusedSimpArgs false`
warning: Frontier/CHD/L6/PassB.lean:448:33: This simp argument is unused:
  hxdef

Hint: Omit it from the simp argument list.
  [apply] simp [vertBody, wp, hI.gx, htu, htoff, htoffL, hoffv, hoffv1, htsl, htslL, hslv, htD, fit, htcap, lOwn, lSt,
    hPdef, hmid, show u < t0.wlen "g_off" by omega, hslL, show q * I.δ < t0.cap by omega,
    show I.sl u + q * I.δ < t0.cap by omega, show I.off u + q < t0.wlen "gOwn" by omega,
    show I.off u + q < t0.wlen "gSt" by omega, show I.off u + q + 1 < t0.cap by omega, show 1 < t0.cap by omega,
    show u + 1 < t0.cap by omega, show 0 < t0.cap by omega, hoffL, show ¬I.off u + q + 1 < I.off u + I.cc u by omega,
    htdeg, hdegv, hdegL', show q * (I.δ - 1) < t0.cap by omega]

Note: This linter can be disabled with `set_option linter.unusedSimpArgs false`
warning: Frontier/CHD/L6/PassB.lean:448:40: This simp argument is unused:
  hPdef

Hint: Omit it from the simp argument list.
  [apply] simp [vertBody, wp, hI.gx, htu, htoff, htoffL, hoffv, hoffv1, htsl, htslL, hslv, htD, fit, htcap, lOwn, lSt,
    hxdef, hmid, show u < t0.wlen "g_off" by omega, hslL, show q * I.δ < t0.cap by omega,
    show I.sl u + q * I.δ < t0.cap by omega, show I.off u + q < t0.wlen "gOwn" by omega,
    show I.off u + q < t0.wlen "gSt" by omega, show I.off u + q + 1 < t0.cap by omega, show 1 < t0.cap by omega,
    show u + 1 < t0.cap by omega, show 0 < t0.cap by omega, hoffL, show ¬I.off u + q + 1 < I.off u + I.cc u by omega,
    htdeg, hdegv, hdegL', show q * (I.δ - 1) < t0.cap by omega]

Note: This linter can be disabled with `set_option linter.unusedSimpArgs false`
warning: Frontier/CHD/L6/PassB.lean:448:47: This simp argument is unused:
  hmid

Hint: Omit it from the simp argument list.
  [apply] simp [vertBody, wp, hI.gx, htu, htoff, htoffL, hoffv, hoffv1, htsl, htslL, hslv, htD, fit, htcap, lOwn, lSt,
    hxdef, hPdef, show u < t0.wlen "g_off" by omega, hslL, show q * I.δ < t0.cap by omega,
    show I.sl u + q * I.δ < t0.cap by omega, show I.off u + q < t0.wlen "gOwn" by omega,
    show I.off u + q < t0.wlen "gSt" by omega, show I.off u + q + 1 < t0.cap by omega, show 1 < t0.cap by omega,
    show u + 1 < t0.cap by omega, show 0 < t0.cap by omega, hoffL, show ¬I.off u + q + 1 < I.off u + I.cc u by omega,
    htdeg, hdegv, hdegL', show q * (I.δ - 1) < t0.cap by omega]

Note: This linter can be disabled with `set_option linter.unusedSimpArgs false`
warning: Frontier/CHD/L6/PassB.lean:471:68: This simp argument is unused:
  State.storeV_wa

Hint: Omit it from the simp argument list.
  [apply] simp only [State.charge_wa, State.setW_wa, State.storeW_wa] at hsrc' hnxt'

Note: This linter can be disabled with `set_option linter.unusedSimpArgs false`
warning: Frontier/CHD/L6/PassB.lean:487:74: This simp argument is unused:
  State.storeV_cost

Hint: Omit it from the simp argument list.
  [apply] simp only [State.charge_cost, State.setW_cost, State.storeW_cost] at hc'

Note: This linter can be disabled with `set_option linter.unusedSimpArgs false`
warning: Frontier/CHD/L6/PassB.lean:540:82: This simp argument is unused:
  true_and

Hint: Omit it from the simp argument list.
  [apply] simp only [State.charge_wa, State.setW_wa, State.storeW_wa]

Note: This linter can be disabled with `set_option linter.unusedSimpArgs false`
warning: Frontier/CHD/L6/PassB.lean:708:8: `if_pos` has been deprecated: Use `ite_eq_left` instead
warning: Frontier/CHD/L6/PassB.lean:708:77: `if_pos` has been deprecated: Use `ite_eq_left` instead
warning: Frontier/CHD/L6/PassB.lean:709:8: `if_neg` has been deprecated: Use `ite_eq_right` instead
warning: Frontier/CHD/L6/PassB.lean:709:68: `if_neg` has been deprecated: Use `ite_eq_right` instead
warning: Frontier/CHD/L6/PassB.lean:984:20: `if_false` has been deprecated: Use `ite_false` instead
warning: Frontier/CHD/L6/PassB.lean:1093:52: `if_pos` has been deprecated: Use `ite_eq_left` instead
warning: Frontier/CHD/L6/PassB.lean:1106:44: `if_neg` has been deprecated: Use `ite_eq_right` instead
warning: Frontier/CHD/L6/PassB.lean:1223:8: This simp argument is unused:
  wp

Hint: Omit it from the simp argument list.
  [apply] simp [htN, htM, hts, fit, htcap, hlSt, hlRep, hsn, hFs.rep, show I.off I.n < st.cap by omega,
    show I.sl I.n < st.cap by omega]

Note: This linter can be disabled with `set_option linter.unusedSimpArgs false`
warning: Frontier/CHD/L6/PassB.lean:1223:27: This simp argument is unused:
  fit

Hint: Omit it from the simp argument list.
  [apply] simp [wp, htN, htM, hts, htcap, hlSt, hlRep, hsn, hFs.rep, show I.off I.n < st.cap by omega,
    show I.sl I.n < st.cap by omega]

Note: This linter can be disabled with `set_option linter.unusedSimpArgs false`
warning: Frontier/CHD/L6/PassB.lean:1223:32: This simp argument is unused:
  htcap

Hint: Omit it from the simp argument list.
  [apply] simp [wp, htN, htM, hts, fit, hlSt, hlRep, hsn, hFs.rep, show I.off I.n < st.cap by omega,
    show I.sl I.n < st.cap by omega]

Note: This linter can be disabled with `set_option linter.unusedSimpArgs false`
warning: Frontier/CHD/L6/PassB.lean:1224:4: This simp argument is unused:
  show I.off I.n < st.cap by omega

Hint: Omit it from the simp argument list.
  [apply] simp [wp, htN, htM, hts, fit, htcap, hlSt, hlRep, hsn, hFs.rep, show I.sl I.n < st.cap by omega]

Note: This linter can be disabled with `set_option linter.unusedSimpArgs false`
warning: Frontier/CHD/L6/PassB.lean:1224:38: This simp argument is unused:
  show I.sl I.n < st.cap by omega

Hint: Omit it from the simp argument list.
  [apply] simp [wp, htN, htM, hts, fit, htcap, hlSt, hlRep, hsn, hFs.rep, show I.off I.n < st.cap by omega]

Note: This linter can be disabled with `set_option linter.unusedSimpArgs false`
⚠ [2336/2421] Replayed Frontier.CHD.L6.Final
warning: Frontier/CHD/L6/Final.lean:28:0: automatically included section variable(s) unused in theorem `Frontier.CHD.L6.st0_zero`:
  hδ
consider restructuring your `variable` declarations so that the variables are not in scope or explicitly omit them:
  omit hδ in theorem ...

Note: This linter can be disabled with `set_option linter.unusedSectionVars false`
warning: Frontier/CHD/L6/Final.lean:46:2: `push_neg` has been deprecated. Prefer using `push Not` instead.
If you'd rather continue using `push_neg` in your project, you can implement it as follows:
```
open Lean.Parser.Tactic in
macro "push_neg" cfg:optConfig loc:(location)? : tactic =>
  `(tactic| push $cfg:optConfig Not $[$loc]?)
```
warning: Frontier/CHD/L6/Final.lean:70:0: automatically included section variable(s) unused in theorem `Frontier.CHD.L6.post_pre`:
  hB
  hδ
consider restructuring your `variable` declarations so that the variables are not in scope or explicitly omit them:
  omit hB hδ in theorem ...

Note: This linter can be disabled with `set_option linter.unusedSectionVars false`
warning: Frontier/CHD/L6/Final.lean:79:0: automatically included section variable(s) unused in theorem `Frontier.CHD.L6.pre_post`:
  hB
  hδ
consider restructuring your `variable` declarations so that the variables are not in scope or explicitly omit them:
  omit hB hδ in theorem ...

Note: This linter can be disabled with `set_option linter.unusedSectionVars false`
warning: Frontier/CHD/L6/Final.lean:91:41: Variable name `hδ` is not explicitly referenced.

Hint: The binding can be removed (if unused) or named `_` (if used implicitly). Alternatively, prefix the name with `_` to silence this warning:
  [apply] _hδ

Note: This linter can be disabled with `set_option linter.unusedVariables false`
warning: Frontier/CHD/L6/Final.lean:450:0: automatically included section variable(s) unused in theorem `Frontier.CHD.L6.owner`:
  hδ
consider restructuring your `variable` declarations so that the variables are not in scope or explicitly omit them:
  omit hδ in theorem ...

Note: This linter can be disabled with `set_option linter.unusedSectionVars false`
warning: Frontier/CHD/L6/Final.lean:482:43: `if_true` has been deprecated: Use `ite_true` instead
warning: Frontier/CHD/L6/Final.lean:521:10: `if_pos` has been deprecated: Use `ite_eq_left` instead
warning: Frontier/CHD/L6/Final.lean:551:34: `if_pos` has been deprecated: Use `ite_eq_left` instead
warning: Frontier/CHD/L6/Final.lean:594:0: automatically included section variable(s) unused in theorem `Frontier.CHD.L6.st_post`:
  hB
  hδ
consider restructuring your `variable` declarations so that the variables are not in scope or explicitly omit them:
  omit hB hδ in theorem ...

Note: This linter can be disabled with `set_option linter.unusedSectionVars false`
warning: Frontier/CHD/L6/Final.lean:629:39: `dif_pos` has been deprecated: Use `dite_eq_left` instead
warning: Frontier/CHD/L6/Final.lean:634:39: `dif_pos` has been deprecated: Use `dite_eq_left` instead
⚠ [2337/2421] Replayed Frontier.CHD.L6.Out
warning: Frontier/CHD/L6/Out.lean:88:14: `if_false` has been deprecated: Use `ite_false` instead
warning: Frontier/CHD/L6/Out.lean:96:14: `if_false` has been deprecated: Use `ite_false` instead
warning: Frontier/CHD/L6/Out.lean:99:73: This simp argument is unused:
  hv

Hint: Omit it from the simp argument list.
  [apply] simp [outBody, inc, wp, hI.gv, htkeep, htkeepL, hkv, fit, htcap, show 0 < t0.cap by omega,
    show 1 < t0.cap by omega, show v < t0.wlen "gKeep" by omega, show v + 1 < t0.cap by omega]

Note: This linter can be disabled with `set_option linter.unusedSimpArgs false`
warning: Frontier/CHD/L6/Out.lean:137:34: `if_true` has been deprecated: Use `ite_true` instead
warning: Frontier/CHD/L6/Out.lean:140:30: `if_false` has been deprecated: Use `ite_false` instead
warning: Frontier/CHD/L6/Out.lean:140:40: `if_true` has been deprecated: Use `ite_true` instead
⚠ [2338/2421] Replayed Frontier.CHD.L6.TchdCn
warning: Frontier/CHD/L6/TchdCn.lean:24:4: `push_neg` has been deprecated. Prefer using `push Not` instead.
If you'd rather continue using `push_neg` in your project, you can implement it as follows:
```
open Lean.Parser.Tactic in
macro "push_neg" cfg:optConfig loc:(location)? : tactic =>
  `(tactic| push $cfg:optConfig Not $[$loc]?)
```
warning: Frontier/CHD/L6/TchdCn.lean:107:6: `push_neg` has been deprecated. Prefer using `push Not` instead.
If you'd rather continue using `push_neg` in your project, you can implement it as follows:
```
open Lean.Parser.Tactic in
macro "push_neg" cfg:optConfig loc:(location)? : tactic =>
  `(tactic| push $cfg:optConfig Not $[$loc]?)
```
⚠ [2339/2421] Replayed Frontier.CHD.BMTele
warning: Frontier/CHD/BMTele.lean:213:48: Variable name `hK` is not explicitly referenced.

Hint: The binding can be removed (if unused) or named `_` (if used implicitly). Alternatively, prefix the name with `_` to silence this warning:
  [apply] _hK

Note: This linter can be disabled with `set_option linter.unusedVariables false`
warning: Frontier/CHD/BMTele.lean:213:82: Variable name `hw` is not explicitly referenced.

Hint: The binding can be removed (if unused) or named `_` (if used implicitly). Alternatively, prefix the name with `_` to silence this warning:
  [apply] _hw

Note: This linter can be disabled with `set_option linter.unusedVariables false`
warning: Frontier/CHD/BMTele.lean:410:13: Variable name `τ` is not explicitly referenced.

Hint: The binding can be removed (if unused) or named `_` (if used implicitly). Alternatively, prefix the name with `_` to silence this warning:
  [apply] _τ

Note: This linter can be disabled with `set_option linter.unusedVariables false`
⚠ [2341/2421] Replayed Frontier.CHD.BMTeleStep
warning: Frontier/CHD/BMTeleStep.lean:213:47: `if_neg` has been deprecated: Use `ite_eq_right` instead
warning: Frontier/CHD/BMTeleStep.lean:223:55: `if_pos` has been deprecated: Use `ite_eq_left` instead
warning: Frontier/CHD/BMTeleStep.lean:231:34: `if_neg` has been deprecated: Use `ite_eq_right` instead
warning: Frontier/CHD/BMTeleStep.lean:236:77: `if_neg` has been deprecated: Use `ite_eq_right` instead
warning: Frontier/CHD/BMTeleStep.lean:259:32: `if_pos` has been deprecated: Use `ite_eq_left` instead
⚠ [2342/2421] Replayed Frontier.CHD.DList
warning: Frontier/CHD/DList.lean:160:47: `if_true` has been deprecated: Use `ite_true` instead
warning: Frontier/CHD/DList.lean:169:12: `if_neg` has been deprecated: Use `ite_eq_right` instead
warning: Frontier/CHD/DList.lean:175:10: `if_neg` has been deprecated: Use `ite_eq_right` instead
warning: Frontier/CHD/DList.lean:195:47: `if_true` has been deprecated: Use `ite_true` instead
warning: Frontier/CHD/DList.lean:129:82: This simp argument is unused:
  walkRegs

Hint: Omit it from the simp argument list.
  [apply] simp

Note: This linter can be disabled with `set_option linter.unusedSimpArgs false`
warning: Frontier/CHD/DList.lean:347:51: `if_true` has been deprecated: Use `ite_true` instead
warning: Frontier/CHD/DList.lean:350:80: `if_true` has been deprecated: Use `ite_true` instead
warning: Frontier/CHD/DList.lean:354:14: `if_neg` has been deprecated: Use `ite_eq_right` instead
warning: Frontier/CHD/DList.lean:359:14: `if_neg` has been deprecated: Use `ite_eq_right` instead
warning: Frontier/CHD/DList.lean:340:17: This simp argument is unused:
  buildLoop

Hint: Omit it from the simp argument list.
  [apply] simp only [buildBody, wp, evalW_sub', evalW_var, evalW_lit', evalW_load', evalW_add', Option.bind_some,
    State.setW_w, State.charge_w, State.charge_wa, State.setW_wa, State.charge_wlen, State.setW_wlen, State.charge_cap,
    State.setW_cap, State.storeW_w, State.storeW_wa, State.storeW_wlen, State.storeW_cap]

Note: This linter can be disabled with `set_option linter.unusedSimpArgs false`
warning: Frontier/CHD/DList.lean:343:24: This simp argument is unused:
  State.storeW_wa

Hint: Omit it from the simp argument list.
  [apply] simp only [buildLoop, buildBody, wp, evalW_sub', evalW_var, evalW_lit', evalW_load', evalW_add',
    Option.bind_some, State.setW_w, State.charge_w, State.charge_wa, State.setW_wa, State.charge_wlen, State.setW_wlen,
    State.charge_cap, State.setW_cap, State.storeW_w, State.storeW_wlen, State.storeW_cap]

Note: This linter can be disabled with `set_option linter.unusedSimpArgs false`
warning: Frontier/CHD/DList.lean:343:41: This simp argument is unused:
  State.storeW_wlen

Hint: Omit it from the simp argument list.
  [apply] simp only [buildLoop, buildBody, wp, evalW_sub', evalW_var, evalW_lit', evalW_load', evalW_add',
    Option.bind_some, State.setW_w, State.charge_w, State.charge_wa, State.setW_wa, State.charge_wlen, State.setW_wlen,
    State.charge_cap, State.setW_cap, State.storeW_w, State.storeW_wa, State.storeW_cap]

Note: This linter can be disabled with `set_option linter.unusedSimpArgs false`
warning: Frontier/CHD/DList.lean:344:31: This simp argument is unused:
  show 0 < q.cap by omega

Hint: Omit it from the simp argument list.
  [apply] simp [hjr, har, fit, h1, hajc, hajl, hxs, hxl, hx1]

Note: This linter can be disabled with `set_option linter.unusedSimpArgs false`
warning: Frontier/CHD/DList.lean:535:19: `if_false` has been deprecated: Use `ite_false` instead
warning: Frontier/CHD/DList.lean:538:19: `if_false` has been deprecated: Use `ite_false` instead
warning: Frontier/CHD/DList.lean:855:53: `if_false` has been deprecated: Use `ite_false` instead
warning: Frontier/CHD/DList.lean:867:8: `if_neg` has been deprecated: Use `ite_eq_right` instead
warning: Frontier/CHD/DList.lean:896:53: `if_false` has been deprecated: Use `ite_false` instead
warning: Frontier/CHD/DList.lean:925:8: `if_pos` has been deprecated: Use `ite_eq_left` instead
warning: Frontier/CHD/DList.lean:980:33: `if_true` has been deprecated: Use `ite_true` instead
warning: Frontier/CHD/DList.lean:1053:10: `if_neg` has been deprecated: Use `ite_eq_right` instead
warning: Frontier/CHD/DList.lean:1099:10: `if_pos` has been deprecated: Use `ite_eq_left` instead
warning: Frontier/CHD/DList.lean:983:21: This simp argument is unused:
  hc1

Hint: Omit it from the simp argument list.
  [apply] simp [hacc, fit, show 0 < q.cap by omega]

Note: This linter can be disabled with `set_option linter.unusedSimpArgs false`
warning: Frontier/CHD/DList.lean:994:54: This simp argument is unused:
  List.singleton_append

Hint: Omit it from the simp argument list.
  [apply] simp only [Option.toList_some, List.append_assoc, List.cons_append]

Note: This linter can be disabled with `set_option linter.unusedSimpArgs false`
warning: Frontier/CHD/DList.lean:1073:69: This simp argument is unused:
  hc1r

Hint: Omit it from the simp argument list.
  [apply] simp [hmc, hcr, hcntr, hmg, hlt, fit, show 0 < r.cap by omega]

Note: This linter can be disabled with `set_option linter.unusedSimpArgs false`
warning: Frontier/CHD/DList.lean:1126:12: This simp argument is unused:
  hr'

Hint: Omit it from the simp argument list.
  [apply] simp

Note: This linter can be disabled with `set_option linter.unusedSimpArgs false`
warning: Frontier/CHD/DList.lean:1165:61: This simp argument is unused:
  hc1

Hint: Omit it from the simp argument list.
  [apply] simp [hI.ireg, hI.ckr, fit, show 0 < q.cap by omega]

Note: This linter can be disabled with `set_option linter.unusedSimpArgs false`
warning: Frontier/CHD/DList.lean:1272:55: `if_false` has been deprecated: Use `ite_false` instead
warning: Frontier/CHD/DList.lean:1284:35: `if_true` has been deprecated: Use `ite_true` instead
warning: Frontier/CHD/DList.lean:1377:16: `if_neg` has been deprecated: Use `ite_eq_right` instead
warning: Frontier/CHD/DList.lean:1351:55: This simp argument is unused:
  hc1

Hint: Omit it from the simp argument list.
  [apply] simp [hI.jr, hw, fit, show q.cap ≠ 0 by omega]

Note: This linter can be disabled with `set_option linter.unusedSimpArgs false`
warning: Frontier/CHD/DList.lean:1656:10: `dif_pos` has been deprecated: Use `dite_eq_left` instead
warning: Frontier/CHD/DList.lean:1662:10: `dif_neg` has been deprecated: Use `dite_eq_right` instead
warning: Frontier/CHD/DList.lean:1569:53: This simp argument is unused:
  show kP - drop < st0.cap by omega

Hint: Omit it from the simp argument list.
  [apply] simp [hr4pk, hr4dr, hr4w, fit, hr4cap, hszv]

Note: This linter can be disabled with `set_option linter.unusedSimpArgs false`
⚠ [2345/2421] Replayed Frontier.CHD.RamMark
warning: Frontier/CHD/RamMark.lean:53:45: `if_neg` has been deprecated: Use `ite_eq_right` instead
warning: Frontier/CHD/RamMark.lean:58:57: try 'simp' instead of 'simpa'

Note: This linter can be disabled with `set_option linter.unnecessarySimpa false`
warning: Frontier/CHD/RamMark.lean:59:53: try 'simp' instead of 'simpa'

Note: This linter can be disabled with `set_option linter.unnecessarySimpa false`
warning: Frontier/CHD/RamMark.lean:82:71: `List.take_succ` has been deprecated: Use `List.take_add_one` instead
warning: Frontier/CHD/RamMark.lean:86:34: `if_false` has been deprecated: Use `ite_false` instead
warning: Frontier/CHD/RamMark.lean:92:88: `if_false` has been deprecated: Use `ite_false` instead
warning: Frontier/CHD/RamMark.lean:95:53: `if_false` has been deprecated: Use `ite_false` instead
warning: Frontier/CHD/RamMark.lean:99:45: `if_pos` has been deprecated: Use `ite_eq_left` instead
warning: Frontier/CHD/RamMark.lean:29:5: Variable name `hl2` is not explicitly referenced.

Hint: The binding can be removed (if unused) or named `_` (if used implicitly). Alternatively, prefix the name with `_` to silence this warning:
  [apply] _hl2

Note: This linter can be disabled with `set_option linter.unusedVariables false`
warning: Frontier/CHD/RamMark.lean:29:28: Variable name `hn2` is not explicitly referenced.

Hint: The binding can be removed (if unused) or named `_` (if used implicitly). Alternatively, prefix the name with `_` to silence this warning:
  [apply] _hn2

Note: This linter can be disabled with `set_option linter.unusedVariables false`
warning: Frontier/CHD/RamMark.lean:86:44: This simp argument is unused:
  false_or

Hint: Omit it from the simp argument list.
  [apply] simp only [hx, and_false, if_false, hw x]

Note: This linter can be disabled with `set_option linter.unusedSimpArgs false`
⚠ [2346/2421] Replayed Frontier.CHD.RelaxIns
warning: Frontier/CHD/RelaxIns.lean:66:6: `if_pos` has been deprecated: Use `ite_eq_left` instead
info: Frontier/CHD/RelaxIns.lean:77:7: Try this:
  [apply] rwa [(wa_eq hu hw (by simp [dW, entA])).2]
info: Frontier/CHD/RelaxIns.lean:77:7: Try this:
  [apply] rwa [(wa_eq hu hw (by simp [dW, entA])).2]
info: Frontier/CHD/RelaxIns.lean:78:7: Try this:
  [apply] rwa [(va_eq hu hv (by simp [dV, entA])).2]
info: Frontier/CHD/RelaxIns.lean:77:7: Try this:
  [apply] rwa [(wa_eq hu hw (by simp [dW, entA])).2]
info: Frontier/CHD/RelaxIns.lean:77:7: Try this:
  [apply] rwa [(wa_eq hu hw (by simp [dW, entA])).2]
info: Frontier/CHD/RelaxIns.lean:77:7: Try this:
  [apply] rwa [(wa_eq hu hw (by simp [dW, entA])).2]
info: Frontier/CHD/RelaxIns.lean:77:7: Try this:
  [apply] rwa [(wa_eq hu hw (by simp [dW, entA])).2]
warning: Frontier/CHD/RelaxIns.lean:97:66: This simp argument is unused:
  State.charge_v

Hint: Omit it from the simp argument list.
  [apply] simp only [copyCand, wp, evalV_var', evalW_var, State.charge_w, State.setV_w, State.setW_v, State.setV_v,
    State.setW_w]

Note: This linter can be disabled with `set_option linter.unusedSimpArgs false`
warning: Frontier/CHD/RelaxIns.lean:98:4: This simp argument is unused:
  State.setW_v

Hint: Omit it from the simp argument list.
  [apply] simp only [copyCand, wp, evalV_var', evalW_var, State.charge_w, State.charge_v, State.setV_w, State.setV_v,
    State.setW_w]

Note: This linter can be disabled with `set_option linter.unusedSimpArgs false`
warning: Frontier/CHD/RelaxIns.lean:98:18: This simp argument is unused:
  State.setV_v

Hint: Omit it from the simp argument list.
  [apply] simp only [copyCand, wp, evalV_var', evalW_var, State.charge_w, State.charge_v, State.setV_w, State.setW_v,
    State.setW_w]

Note: This linter can be disabled with `set_option linter.unusedSimpArgs false`
warning: Frontier/CHD/RelaxIns.lean:102:59: This simp argument is unused:
  x1

Hint: Omit it from the simp argument list.
  [apply] simp [State.setW, State.setV, State.charge, KB, X0, x2, x3, x4, x5]

Note: This linter can be disabled with `set_option linter.unusedSimpArgs false`
warning: Frontier/CHD/RelaxIns.lean:102:63: This simp argument is unused:
  x2

Hint: Omit it from the simp argument list.
  [apply] simp [State.setW, State.setV, State.charge, KB, X0, x1, x3, x4, x5]

Note: This linter can be disabled with `set_option linter.unusedSimpArgs false`
warning: Frontier/CHD/RelaxIns.lean:102:67: This simp argument is unused:
  x3

Hint: Omit it from the simp argument list.
  [apply] simp [State.setW, State.setV, State.charge, KB, X0, x1, x2, x4, x5]

Note: This linter can be disabled with `set_option linter.unusedSimpArgs false`
warning: Frontier/CHD/RelaxIns.lean:102:71: This simp argument is unused:
  x4

Hint: Omit it from the simp argument list.
  [apply] simp [State.setW, State.setV, State.charge, KB, X0, x1, x2, x3, x5]

Note: This linter can be disabled with `set_option linter.unusedSimpArgs false`
warning: Frontier/CHD/RelaxIns.lean:102:75: This simp argument is unused:
  x5

Hint: Omit it from the simp argument list.
  [apply] simp [State.setW, State.setV, State.charge, KB, X0, x1, x2, x3, x4]

Note: This linter can be disabled with `set_option linter.unusedSimpArgs false`
warning: Frontier/CHD/RelaxIns.lean:170:45: `if_pos` has been deprecated: Use `ite_eq_left` instead
warning: Frontier/CHD/RelaxIns.lean:171:8: `if_pos` has been deprecated: Use `ite_eq_left` instead
warning: Frontier/CHD/RelaxIns.lean:200:12: `if_pos` has been deprecated: Use `ite_eq_left` instead
warning: Frontier/CHD/RelaxIns.lean:201:52: `if_pos` has been deprecated: Use `ite_eq_left` instead
warning: Frontier/CHD/RelaxIns.lean:257:12: `if_neg` has been deprecated: Use `ite_eq_right` instead
warning: Frontier/CHD/RelaxIns.lean:258:52: `if_neg` has been deprecated: Use `ite_eq_right` instead
warning: Frontier/CHD/RelaxIns.lean:319:12: `if_neg` has been deprecated: Use `ite_eq_right` instead
warning: Frontier/CHD/RelaxIns.lean:319:37: `if_pos` has been deprecated: Use `ite_eq_left` instead
warning: Frontier/CHD/RelaxIns.lean:319:49: `if_pos` has been deprecated: Use `ite_eq_left` instead
warning: Frontier/CHD/RelaxIns.lean:320:12: `if_pos` has been deprecated: Use `ite_eq_left` instead
warning: Frontier/CHD/RelaxIns.lean:320:39: `if_neg` has been deprecated: Use `ite_eq_right` instead
warning: Frontier/CHD/RelaxIns.lean:320:59: `if_neg` has been deprecated: Use `ite_eq_right` instead
warning: Frontier/CHD/RelaxIns.lean:322:45: `if_neg` has been deprecated: Use `ite_eq_right` instead
warning: Frontier/CHD/RelaxIns.lean:327:32: `if_neg` has been deprecated: Use `ite_eq_right` instead
warning: Frontier/CHD/RelaxIns.lean:328:8: `if_neg` has been deprecated: Use `ite_eq_right` instead
warning: Frontier/CHD/RelaxIns.lean:137:5: Variable name `hLod` is not explicitly referenced.

Hint: The binding can be removed (if unused) or named `_` (if used implicitly). Alternatively, prefix the name with `_` to silence this warning:
  [apply] _hLod

Note: This linter can be disabled with `set_option linter.unusedVariables false`
warning: Frontier/CHD/RelaxIns.lean:137:54: Variable name `hlofd` is not explicitly referenced.

Hint: The binding can be removed (if unused) or named `_` (if used implicitly). Alternatively, prefix the name with `_` to silence this warning:
  [apply] _hlofd

Note: This linter can be disabled with `set_option linter.unusedVariables false`
⚠ [2347/2421] Replayed Frontier.CHD.SelectRAM
warning: Frontier/CHD/SelectRAM.lean:51:27: `if_neg` has been deprecated: Use `ite_eq_right` instead
warning: Frontier/CHD/SelectRAM.lean:56:27: `if_neg` has been deprecated: Use `ite_eq_right` instead
warning: Frontier/CHD/SelectRAM.lean:154:0: automatically included section variable(s) unused in theorem `Frontier.RAM.SelectRAM.map_seg`:
  [LinearOrder α]
consider restructuring your `variable` declarations so that the variables are not in scope or explicitly omit them:
  omit [LinearOrder α] in theorem ...

Note: This linter can be disabled with `set_option linter.unusedSectionVars false`
warning: Frontier/CHD/SelectRAM.lean:369:44: `if_pos` has been deprecated: Use `ite_eq_left` instead
warning: Frontier/CHD/SelectRAM.lean:392:53: `if_neg` has been deprecated: Use `ite_eq_right` instead
warning: Frontier/CHD/SelectRAM.lean:415:73: This simp argument is unused:
  fit_of_lt h0

Hint: Omit it from the simp argument list.
  [apply] simp (config := { contextual := true }) [csB2, wp, ha, fit_of_lt hi, fit_one' h1, RegOnly, State.setW,
    Nat.add_assoc]

Note: This linter can be disabled with `set_option linter.unusedSimpArgs false`
warning: Frontier/CHD/SelectRAM.lean:495:45: `if_pos` has been deprecated: Use `ite_eq_left` instead
warning: Frontier/CHD/SelectRAM.lean:552:14: `if_pos` has been deprecated: Use `ite_eq_left` instead
warning: Frontier/CHD/SelectRAM.lean:559:14: `if_neg` has been deprecated: Use `ite_eq_right` instead
warning: Frontier/CHD/SelectRAM.lean:568:54: `if_neg` has been deprecated: Use `ite_eq_right` instead
warning: Frontier/CHD/SelectRAM.lean:660:26: This simp argument is unused:
  hjc

Hint: Omit it from the simp argument list.
  [apply] simp (config := { contextual := true }) [fB, wp, hc, fit_of_lt hj, fit_one' h1, State.setW, Nat.add_assoc,
    hcj]

Note: This linter can be disabled with `set_option linter.unusedSimpArgs false`
warning: Frontier/CHD/SelectRAM.lean:683:26: This simp argument is unused:
  hjc

Hint: Omit it from the simp argument list.
  [apply] simp (config := { contextual := true }) [fBGe, wp, hc, fit_of_lt hj, fit_one' h1, State.setW, Nat.add_assoc,
    hcj]

Note: This linter can be disabled with `set_option linter.unusedSimpArgs false`
warning: Frontier/CHD/SelectRAM.lean:690:5: Variable name `hcnt` is not explicitly referenced.

Hint: The binding can be removed (if unused) or named `_` (if used implicitly). Alternatively, prefix the name with `_` to silence this warning:
  [apply] _hcnt

Note: This linter can be disabled with `set_option linter.unusedVariables false`
warning: Frontier/CHD/SelectRAM.lean:779:45: `if_pos` has been deprecated: Use `ite_eq_left` instead
warning: Frontier/CHD/SelectRAM.lean:790:27: `if_neg` has been deprecated: Use `ite_eq_right` instead
warning: Frontier/CHD/SelectRAM.lean:850:26: `if_true` has been deprecated: Use `ite_true` instead
warning: Frontier/CHD/SelectRAM.lean:850:48: `if_false` has been deprecated: Use `ite_false` instead
warning: Frontier/CHD/SelectRAM.lean:851:26: `if_false` has been deprecated: Use `ite_false` instead
warning: Frontier/CHD/SelectRAM.lean:851:36: `if_true` has been deprecated: Use `ite_true` instead
warning: Frontier/CHD/SelectRAM.lean:854:26: `if_true` has been deprecated: Use `ite_true` instead
warning: Frontier/CHD/SelectRAM.lean:857:16: `if_pos` has been deprecated: Use `ite_eq_left` instead
warning: Frontier/CHD/SelectRAM.lean:857:27: `if_pos` has been deprecated: Use `ite_eq_left` instead
warning: Frontier/CHD/SelectRAM.lean:859:16: `if_neg` has been deprecated: Use `ite_eq_right` instead
warning: Frontier/CHD/SelectRAM.lean:861:18: `if_pos` has been deprecated: Use `ite_eq_left` instead
warning: Frontier/CHD/SelectRAM.lean:861:30: `if_pos` has been deprecated: Use `ite_eq_left` instead
warning: Frontier/CHD/SelectRAM.lean:862:18: `if_neg` has been deprecated: Use `ite_eq_right` instead
warning: Frontier/CHD/SelectRAM.lean:862:30: `if_neg` has been deprecated: Use `ite_eq_right` instead
warning: Frontier/CHD/SelectRAM.lean:863:26: `if_false` has been deprecated: Use `ite_false` instead
warning: Frontier/CHD/SelectRAM.lean:892:54: `if_neg` has been deprecated: Use `ite_eq_right` instead
warning: Frontier/CHD/SelectRAM.lean:903:26: `if_pos` has been deprecated: Use `ite_eq_left` instead
warning: Frontier/CHD/SelectRAM.lean:908:18: `if_neg` has been deprecated: Use `ite_eq_right` instead
warning: Frontier/CHD/SelectRAM.lean:909:30: This simp argument is unused:
  hcj

Hint: Omit it from the simp argument list.
  [apply] simp [hs0]

Note: This linter can be disabled with `set_option linter.unusedSimpArgs false`
warning: Frontier/CHD/SelectRAM.lean:981:45: `if_pos` has been deprecated: Use `ite_eq_left` instead
warning: Frontier/CHD/SelectRAM.lean:992:27: `if_neg` has been deprecated: Use `ite_eq_right` instead
warning: Frontier/CHD/SelectRAM.lean:1032:26: `if_true` has been deprecated: Use `ite_true` instead
warning: Frontier/CHD/SelectRAM.lean:1032:59: `if_false` has been deprecated: Use `ite_false` instead
warning: Frontier/CHD/SelectRAM.lean:1034:26: `if_false` has been deprecated: Use `ite_false` instead
warning: Frontier/CHD/SelectRAM.lean:1034:51: `if_true` has been deprecated: Use `ite_true` instead
warning: Frontier/CHD/SelectRAM.lean:1036:16: `if_pos` has been deprecated: Use `ite_eq_left` instead
warning: Frontier/CHD/SelectRAM.lean:1036:27: `if_pos` has been deprecated: Use `ite_eq_left` instead
warning: Frontier/CHD/SelectRAM.lean:1038:16: `if_neg` has been deprecated: Use `ite_eq_right` instead
warning: Frontier/CHD/SelectRAM.lean:1040:18: `if_pos` has been deprecated: Use `ite_eq_left` instead
warning: Frontier/CHD/SelectRAM.lean:1040:30: `if_pos` has been deprecated: Use `ite_eq_left` instead
warning: Frontier/CHD/SelectRAM.lean:1041:18: `if_neg` has been deprecated: Use `ite_eq_right` instead
warning: Frontier/CHD/SelectRAM.lean:1041:30: `if_neg` has been deprecated: Use `ite_eq_right` instead
warning: Frontier/CHD/SelectRAM.lean:1070:54: `if_neg` has been deprecated: Use `ite_eq_right` instead
warning: Frontier/CHD/SelectRAM.lean:1081:26: `if_pos` has been deprecated: Use `ite_eq_left` instead
warning: Frontier/CHD/SelectRAM.lean:1086:18: `if_neg` has been deprecated: Use `ite_eq_right` instead
warning: Frontier/CHD/SelectRAM.lean:938:69: This simp argument is unused:
  List.filter_cons

Hint: Omit it from the simp argument list.
  [apply] simp [F, List.range_succ, List.map_append, List.filter_append, h]

Note: This linter can be disabled with `set_option linter.unusedSimpArgs false`
warning: Frontier/CHD/SelectRAM.lean:1087:30: This simp argument is unused:
  hcj

Hint: Omit it from the simp argument list.
  [apply] simp [hs0]

Note: This linter can be disabled with `set_option linter.unusedSimpArgs false`
warning: Frontier/CHD/SelectRAM.lean:1094:0: automatically included section variable(s) unused in theorem `Frontier.RAM.SelectRAM.chunk5_getElem?`:
  [LinearOrder α]
consider restructuring your `variable` declarations so that the variables are not in scope or explicitly omit them:
  omit [LinearOrder α] in theorem ...

Note: This linter can be disabled with `set_option linter.unusedSectionVars false`
warning: Frontier/CHD/SelectRAM.lean:1119:23: `if_pos` has been deprecated: Use `ite_eq_left` instead
warning: Frontier/CHD/SelectRAM.lean:1198:6: This simp argument is unused:
  fit_of_lt h0

Hint: Omit it from the simp argument list.
  [apply] simp (config := { contextual := true }) [mA, wp, h5, h1, h2, fit_of_lt hc, fit_of_lt hg, fit_of_lt h1', hm,
    hmin, RegOnly, State.setW, Nat.add_assoc]

Note: This linter can be disabled with `set_option linter.unusedSimpArgs false`
warning: Frontier/CHD/SelectRAM.lean:1198:20: This simp argument is unused:
  fit_of_lt h1'

Hint: Omit it from the simp argument list.
  [apply] simp (config := { contextual := true }) [mA, wp, h5, h1, h2, fit_of_lt hc, fit_of_lt hg, fit_of_lt h0, hm,
    hmin, RegOnly, State.setW, Nat.add_assoc]

Note: This linter can be disabled with `set_option linter.unusedSimpArgs false`
warning: Frontier/CHD/SelectRAM.lean:1201:20: This simp argument is unused:
  fit_of_lt h1'

Hint: Omit it from the simp argument list.
  [apply] simp (config := { contextual := true }) [mA, wp, h5, h1, h2, fit_of_lt hc, fit_of_lt hg, fit_of_lt h0, hm,
    hmin, RegOnly, State.setW, Nat.add_assoc]

Note: This linter can be disabled with `set_option linter.unusedSimpArgs false`
warning: Frontier/CHD/SelectRAM.lean:1292:39: `if_pos` has been deprecated: Use `ite_eq_left` instead
warning: Frontier/CHD/SelectRAM.lean:1348:25: `if_pos` has been deprecated: Use `ite_eq_left` instead
warning: Frontier/CHD/SelectRAM.lean:1349:14: `if_neg` has been deprecated: Use `ite_eq_right` instead
warning: Frontier/CHD/SelectRAM.lean:1350:30: `if_neg` has been deprecated: Use `ite_eq_right` instead
warning: Frontier/CHD/SelectRAM.lean:1382:39: `if_neg` has been deprecated: Use `ite_eq_right` instead
warning: Frontier/CHD/SelectRAM.lean:1827:39: `if_false` has been deprecated: Use `ite_false` instead
warning: Frontier/CHD/SelectRAM.lean:1834:19: `if_true` has been deprecated: Use `ite_true` instead
warning: Frontier/CHD/SelectRAM.lean:1832:14: This simp argument is unused:
  List.filter_cons

Hint: Omit it from the simp argument list.
  [apply] simp [h, ih]

Note: This linter can be disabled with `set_option linter.unusedSimpArgs false`
warning: Frontier/CHD/SelectRAM.lean:1833:14: This simp argument is unused:
  List.filter_cons

Hint: Omit it from the simp argument list.
  [apply] simp [h, ih]

Note: This linter can be disabled with `set_option linter.unusedSimpArgs false`
warning: Frontier/CHD/SelectRAM.lean:1839:14: This simp argument is unused:
  List.filter_cons

Hint: Omit it from the simp argument list.
  [apply] simp [h, ih]

Note: This linter can be disabled with `set_option linter.unusedSimpArgs false`
warning: Frontier/CHD/SelectRAM.lean:1840:14: This simp argument is unused:
  List.filter_cons

Hint: Omit it from the simp argument list.
  [apply] simp [h, ih]

Note: This linter can be disabled with `set_option linter.unusedSimpArgs false`
warning: Frontier/CHD/SelectRAM.lean:1978:57: This simp argument is unused:
  State.charge_wa

Hint: Omit it from the simp argument list.
  [apply] simp only [restoreState, State.charge_w, State.setW_w, State.setW_wa]

Note: This linter can be disabled with `set_option linter.unusedSimpArgs false`
warning: Frontier/CHD/SelectRAM.lean:1978:74: This simp argument is unused:
  State.setW_wa

Hint: Omit it from the simp argument list.
  [apply] simp only [restoreState, State.charge_w, State.setW_w, State.charge_wa]

Note: This linter can be disabled with `set_option linter.unusedSimpArgs false`
warning: Frontier/CHD/SelectRAM.lean:2089:13: `if_neg` has been deprecated: Use `ite_eq_right` instead
warning: Frontier/CHD/SelectRAM.lean:2089:32: `if_neg` has been deprecated: Use `ite_eq_right` instead
warning: Frontier/CHD/SelectRAM.lean:2089:51: `if_neg` has been deprecated: Use `ite_eq_right` instead
warning: Frontier/CHD/SelectRAM.lean:2089:70: `if_neg` has been deprecated: Use `ite_eq_right` instead
warning: Frontier/CHD/SelectRAM.lean:2090:6: `if_neg` has been deprecated: Use `ite_eq_right` instead
warning: Frontier/CHD/SelectRAM.lean:2145:41: `if_neg` has been deprecated: Use `ite_eq_right` instead
warning: Frontier/CHD/SelectRAM.lean:2145:60: `if_neg` has been deprecated: Use `ite_eq_right` instead
warning: Frontier/CHD/SelectRAM.lean:2145:79: `if_neg` has been deprecated: Use `ite_eq_right` instead
warning: Frontier/CHD/SelectRAM.lean:2146:6: `if_neg` has been deprecated: Use `ite_eq_right` instead
warning: Frontier/CHD/SelectRAM.lean:2146:25: `if_neg` has been deprecated: Use `ite_eq_right` instead
⚠ [2348/2421] Replayed Frontier.CHD.SpineLab
warning: Frontier/CHD/SpineLab.lean:76:15: This simp argument is unused:
  i.isLt

Hint: Omit it from the simp argument list.
  [apply] simp

Note: This linter can be disabled with `set_option linter.unusedSimpArgs false`
warning: Frontier/CHD/SpineLab.lean:141:46: `if_pos` has been deprecated: Use `ite_eq_left` instead
warning: Frontier/CHD/SpineLab.lean:166:46: `if_neg` has been deprecated: Use `ite_eq_right` instead
⚠ [2349/2421] Replayed Frontier.CHD.TreeRAM
warning: Frontier/CHD/TreeRAM.lean:107:10: `if_neg` has been deprecated: Use `ite_eq_right` instead
warning: Frontier/CHD/TreeRAM.lean:110:12: `if_neg` has been deprecated: Use `ite_eq_right` instead
warning: Frontier/CHD/TreeRAM.lean:113:14: `if_neg` has been deprecated: Use `ite_eq_right` instead
warning: Frontier/CHD/TreeRAM.lean:114:21: `if_neg` has been deprecated: Use `ite_eq_right` instead
warning: Frontier/CHD/TreeRAM.lean:114:32: `if_neg` has been deprecated: Use `ite_eq_right` instead
warning: Frontier/CHD/TreeRAM.lean:114:43: `if_neg` has been deprecated: Use `ite_eq_right` instead
warning: Frontier/CHD/TreeRAM.lean:199:75: `if_false` has been deprecated: Use `ite_false` instead
warning: Frontier/CHD/TreeRAM.lean:245:80: `if_false` has been deprecated: Use `ite_false` instead
warning: Frontier/CHD/TreeRAM.lean:248:80: `if_false` has been deprecated: Use `ite_false` instead
warning: Frontier/CHD/TreeRAM.lean:248:90: `if_true` has been deprecated: Use `ite_true` instead
warning: Frontier/CHD/TreeRAM.lean:253:94: `if_false` has been deprecated: Use `ite_false` instead
warning: Frontier/CHD/TreeRAM.lean:255:55: `if_false` has been deprecated: Use `ite_false` instead
warning: Frontier/CHD/TreeRAM.lean:261:94: `if_false` has been deprecated: Use `ite_false` instead
warning: Frontier/CHD/TreeRAM.lean:263:55: `if_false` has been deprecated: Use `ite_false` instead
warning: Frontier/CHD/TreeRAM.lean:269:94: `if_false` has been deprecated: Use `ite_false` instead
warning: Frontier/CHD/TreeRAM.lean:271:55: `if_false` has been deprecated: Use `ite_false` instead
warning: Frontier/CHD/TreeRAM.lean:280:12: `if_neg` has been deprecated: Use `ite_eq_right` instead
warning: Frontier/CHD/TreeRAM.lean:282:47: `if_false` has been deprecated: Use `ite_false` instead
warning: Frontier/CHD/TreeRAM.lean:289:10: `if_neg` has been deprecated: Use `ite_eq_right` instead
warning: Frontier/CHD/TreeRAM.lean:291:45: `if_false` has been deprecated: Use `ite_false` instead
warning: Frontier/CHD/TreeRAM.lean:294:94: `if_false` has been deprecated: Use `ite_false` instead
warning: Frontier/CHD/TreeRAM.lean:296:45: `if_false` has been deprecated: Use `ite_false` instead
warning: Frontier/CHD/TreeRAM.lean:299:94: `if_false` has been deprecated: Use `ite_false` instead
warning: Frontier/CHD/TreeRAM.lean:301:45: `if_false` has been deprecated: Use `ite_false` instead
warning: Frontier/CHD/TreeRAM.lean:305:10: `if_neg` has been deprecated: Use `ite_eq_right` instead
warning: Frontier/CHD/TreeRAM.lean:305:55: `if_neg` has been deprecated: Use `ite_eq_right` instead
warning: Frontier/CHD/TreeRAM.lean:306:8: `if_neg` has been deprecated: Use `ite_eq_right` instead
warning: Frontier/CHD/TreeRAM.lean:306:46: `if_neg` has been deprecated: Use `ite_eq_right` instead
warning: Frontier/CHD/TreeRAM.lean:314:63: `if_neg` has been deprecated: Use `ite_eq_right` instead
warning: Frontier/CHD/TreeRAM.lean:314:75: `if_neg` has been deprecated: Use `ite_eq_right` instead
warning: Frontier/CHD/TreeRAM.lean:315:16: `if_neg` has been deprecated: Use `ite_eq_right` instead
warning: Frontier/CHD/TreeRAM.lean:316:47: `if_neg` has been deprecated: Use `ite_eq_right` instead
⚠ [2350/2421] Replayed Frontier.CHD.TreeRAM2
warning: Frontier/CHD/TreeRAM2.lean:138:42: `if_false` has been deprecated: Use `ite_false` instead
warning: Frontier/CHD/TreeRAM2.lean:138:52: `if_true` has been deprecated: Use `ite_true` instead
warning: Frontier/CHD/TreeRAM2.lean:141:63: `if_false` has been deprecated: Use `ite_false` instead
warning: Frontier/CHD/TreeRAM2.lean:143:63: `if_false` has been deprecated: Use `ite_false` instead
warning: Frontier/CHD/TreeRAM2.lean:146:63: `if_false` has been deprecated: Use `ite_false` instead
warning: Frontier/CHD/TreeRAM2.lean:150:43: `if_false` has been deprecated: Use `ite_false` instead
warning: Frontier/CHD/TreeRAM2.lean:151:36: `if_true` has been deprecated: Use `ite_true` instead
warning: Frontier/CHD/TreeRAM2.lean:152:14: `if_neg` has been deprecated: Use `ite_eq_right` instead
warning: Frontier/CHD/TreeRAM2.lean:153:43: `if_false` has been deprecated: Use `ite_false` instead
warning: Frontier/CHD/TreeRAM2.lean:154:14: `if_neg` has been deprecated: Use `ite_eq_right` instead
warning: Frontier/CHD/TreeRAM2.lean:154:60: `if_neg` has been deprecated: Use `ite_eq_right` instead
warning: Frontier/CHD/TreeRAM2.lean:155:6: `if_neg` has been deprecated: Use `ite_eq_right` instead
warning: Frontier/CHD/TreeRAM2.lean:155:44: `if_neg` has been deprecated: Use `ite_eq_right` instead
warning: Frontier/CHD/TreeRAM2.lean:161:13: `if_neg` has been deprecated: Use `ite_eq_right` instead
warning: Frontier/CHD/TreeRAM2.lean:161:25: `if_neg` has been deprecated: Use `ite_eq_right` instead
warning: Frontier/CHD/TreeRAM2.lean:161:43: `if_neg` has been deprecated: Use `ite_eq_right` instead
warning: Frontier/CHD/TreeRAM2.lean:161:60: `if_neg` has been deprecated: Use `ite_eq_right` instead
warning: Frontier/CHD/TreeRAM2.lean:161:72: `if_neg` has been deprecated: Use `ite_eq_right` instead
warning: Frontier/CHD/TreeRAM2.lean:200:66: `if_false` has been deprecated: Use `ite_false` instead
warning: Frontier/CHD/TreeRAM2.lean:202:66: `if_false` has been deprecated: Use `ite_false` instead
warning: Frontier/CHD/TreeRAM2.lean:204:66: `if_false` has been deprecated: Use `ite_false` instead
warning: Frontier/CHD/TreeRAM2.lean:206:66: `if_false` has been deprecated: Use `ite_false` instead
warning: Frontier/CHD/TreeRAM2.lean:219:19: `if_neg` has been deprecated: Use `ite_eq_right` instead
warning: Frontier/CHD/TreeRAM2.lean:220:10: `if_neg` has been deprecated: Use `ite_eq_right` instead
warning: Frontier/CHD/TreeRAM2.lean:225:47: `if_false` has been deprecated: Use `ite_false` instead
warning: Frontier/CHD/TreeRAM2.lean:231:19: `if_neg` has been deprecated: Use `ite_eq_right` instead
warning: Frontier/CHD/TreeRAM2.lean:231:54: `if_neg` has been deprecated: Use `ite_eq_right` instead
warning: Frontier/CHD/TreeRAM2.lean:237:47: `if_false` has been deprecated: Use `ite_false` instead
warning: Frontier/CHD/TreeRAM2.lean:237:67: `if_true` has been deprecated: Use `ite_true` instead
warning: Frontier/CHD/TreeRAM2.lean:238:12: `List.getLast?_eq_getLast` has been deprecated: Use `List.getLast?_eq_some_getLast` instead
warning: Frontier/CHD/TreeRAM2.lean:241:19: `if_neg` has been deprecated: Use `ite_eq_right` instead
warning: Frontier/CHD/TreeRAM2.lean:257:20: `if_neg` has been deprecated: Use `ite_eq_right` instead
warning: Frontier/CHD/TreeRAM2.lean:260:20: `if_pos` has been deprecated: Use `ite_eq_left` instead
warning: Frontier/CHD/TreeRAM2.lean:264:20: `if_neg` has been deprecated: Use `ite_eq_right` instead
warning: Frontier/CHD/TreeRAM2.lean:268:20: `if_pos` has been deprecated: Use `ite_eq_left` instead
warning: Frontier/CHD/TreeRAM2.lean:272:12: `if_pos` has been deprecated: Use `ite_eq_left` instead
warning: Frontier/CHD/TreeRAM2.lean:272:40: `if_pos` has been deprecated: Use `ite_eq_left` instead
warning: Frontier/CHD/TreeRAM2.lean:273:12: `if_neg` has been deprecated: Use `ite_eq_right` instead
warning: Frontier/CHD/TreeRAM2.lean:283:45: `if_false` has been deprecated: Use `ite_false` instead
warning: Frontier/CHD/TreeRAM2.lean:304:17: `if_neg` has been deprecated: Use `ite_eq_right` instead
warning: Frontier/CHD/TreeRAM2.lean:304:56: `if_neg` has been deprecated: Use `ite_eq_right` instead
warning: Frontier/CHD/TreeRAM2.lean:307:16: `if_neg` has been deprecated: Use `ite_eq_right` instead
warning: Frontier/CHD/TreeRAM2.lean:144:9: Unused tactic linter: `by_cases hi : i = k0.val` does nothing

Note: This linter can be disabled with `set_option linter.unusedTactic false`
warning: Frontier/CHD/TreeRAM2.lean:144:38: Unused tactic linter: `simp [hi]` does nothing

Note: This linter can be disabled with `set_option linter.unusedTactic false`
warning: Frontier/CHD/TreeRAM2.lean:144:9: this tactic is never executed

Note: This linter can be disabled with `set_option linter.unreachableTactic false`
warning: Frontier/CHD/TreeRAM2.lean:144:38: this tactic is never executed

Note: This linter can be disabled with `set_option linter.unreachableTactic false`
⚠ [2351/2421] Replayed Frontier.CHD.TreeRAM3
warning: Frontier/CHD/TreeRAM3.lean:69:10: `List.getLast?_eq_getLast` has been deprecated: Use `List.getLast?_eq_some_getLast` instead
warning: Frontier/CHD/TreeRAM3.lean:200:92: `if_false` has been deprecated: Use `ite_false` instead
warning: Frontier/CHD/TreeRAM3.lean:205:92: `if_false` has been deprecated: Use `ite_false` instead
warning: Frontier/CHD/TreeRAM3.lean:210:92: `if_false` has been deprecated: Use `ite_false` instead
warning: Frontier/CHD/TreeRAM3.lean:215:92: `if_false` has been deprecated: Use `ite_false` instead
warning: Frontier/CHD/TreeRAM3.lean:220:10: `if_neg` has been deprecated: Use `ite_eq_right` instead
warning: Frontier/CHD/TreeRAM3.lean:225:92: `if_false` has been deprecated: Use `ite_false` instead
warning: Frontier/CHD/TreeRAM3.lean:228:8: `if_neg` has been deprecated: Use `ite_eq_right` instead
warning: Frontier/CHD/TreeRAM3.lean:233:94: `if_false` has been deprecated: Use `ite_false` instead
warning: Frontier/CHD/TreeRAM3.lean:238:10: `if_neg` has been deprecated: Use `ite_eq_right` instead
warning: Frontier/CHD/TreeRAM3.lean:242:92: `if_false` has been deprecated: Use `ite_false` instead
warning: Frontier/CHD/TreeRAM3.lean:249:8: `if_neg` has been deprecated: Use `ite_eq_right` instead
warning: Frontier/CHD/TreeRAM3.lean:251:62: `if_false` has been deprecated: Use `ite_false` instead
warning: Frontier/CHD/TreeRAM3.lean:251:72: `if_true` has been deprecated: Use `ite_true` instead
warning: Frontier/CHD/TreeRAM3.lean:253:45: `if_true` has been deprecated: Use `ite_true` instead
warning: Frontier/CHD/TreeRAM3.lean:256:8: `if_neg` has been deprecated: Use `ite_eq_right` instead
warning: Frontier/CHD/TreeRAM3.lean:256:48: `if_neg` has been deprecated: Use `ite_eq_right` instead
warning: Frontier/CHD/TreeRAM3.lean:257:6: `if_neg` has been deprecated: Use `ite_eq_right` instead
warning: Frontier/CHD/TreeRAM3.lean:257:47: `if_neg` has been deprecated: Use `ite_eq_right` instead
warning: Frontier/CHD/TreeRAM3.lean:258:6: `if_neg` has been deprecated: Use `ite_eq_right` instead
warning: Frontier/CHD/TreeRAM3.lean:260:61: `if_neg` has been deprecated: Use `ite_eq_right` instead
warning: Frontier/CHD/TreeRAM3.lean:260:71: `if_neg` has been deprecated: Use `ite_eq_right` instead
⚠ [2352/2421] Replayed Frontier.CHD.TreeRAM4
warning: Frontier/CHD/TreeRAM4.lean:169:92: `if_false` has been deprecated: Use `ite_false` instead
warning: Frontier/CHD/TreeRAM4.lean:171:92: `if_false` has been deprecated: Use `ite_false` instead
warning: Frontier/CHD/TreeRAM4.lean:176:92: `if_false` has been deprecated: Use `ite_false` instead
warning: Frontier/CHD/TreeRAM4.lean:181:92: `if_false` has been deprecated: Use `ite_false` instead
warning: Frontier/CHD/TreeRAM4.lean:183:8: `if_neg` has been deprecated: Use `ite_eq_right` instead
warning: Frontier/CHD/TreeRAM4.lean:185:92: `if_false` has been deprecated: Use `ite_false` instead
warning: Frontier/CHD/TreeRAM4.lean:188:10: `if_neg` has been deprecated: Use `ite_eq_right` instead
warning: Frontier/CHD/TreeRAM4.lean:193:92: `if_false` has been deprecated: Use `ite_false` instead
warning: Frontier/CHD/TreeRAM4.lean:196:8: `if_neg` has been deprecated: Use `ite_eq_right` instead
warning: Frontier/CHD/TreeRAM4.lean:200:94: `if_false` has been deprecated: Use `ite_false` instead
warning: Frontier/CHD/TreeRAM4.lean:201:10: `if_neg` has been deprecated: Use `ite_eq_right` instead
warning: Frontier/CHD/TreeRAM4.lean:202:94: `if_false` has been deprecated: Use `ite_false` instead
warning: Frontier/CHD/TreeRAM4.lean:206:92: `if_false` has been deprecated: Use `ite_false` instead
warning: Frontier/CHD/TreeRAM4.lean:213:8: `if_neg` has been deprecated: Use `ite_eq_right` instead
warning: Frontier/CHD/TreeRAM4.lean:215:78: `if_false` has been deprecated: Use `ite_false` instead
warning: Frontier/CHD/TreeRAM4.lean:215:88: `if_true` has been deprecated: Use `ite_true` instead
warning: Frontier/CHD/TreeRAM4.lean:217:78: `if_false` has been deprecated: Use `ite_false` instead
warning: Frontier/CHD/TreeRAM4.lean:220:8: `if_neg` has been deprecated: Use `ite_eq_right` instead
warning: Frontier/CHD/TreeRAM4.lean:220:48: `if_neg` has been deprecated: Use `ite_eq_right` instead
warning: Frontier/CHD/TreeRAM4.lean:221:6: `if_neg` has been deprecated: Use `ite_eq_right` instead
warning: Frontier/CHD/TreeRAM4.lean:221:46: `if_neg` has been deprecated: Use `ite_eq_right` instead
warning: Frontier/CHD/TreeRAM4.lean:225:61: `if_neg` has been deprecated: Use `ite_eq_right` instead
warning: Frontier/CHD/TreeRAM4.lean:225:73: `if_neg` has been deprecated: Use `ite_eq_right` instead
warning: Frontier/CHD/TreeRAM4.lean:276:12: `if_pos` has been deprecated: Use `ite_eq_left` instead
warning: Frontier/CHD/TreeRAM4.lean:276:46: `if_pos` has been deprecated: Use `ite_eq_left` instead
warning: Frontier/CHD/TreeRAM4.lean:277:12: `if_neg` has been deprecated: Use `ite_eq_right` instead
warning: Frontier/CHD/TreeRAM4.lean:278:10: `if_neg` has been deprecated: Use `ite_eq_right` instead
warning: Frontier/CHD/TreeRAM4.lean:316:24: `if_pos` has been deprecated: Use `ite_eq_left` instead
warning: Frontier/CHD/TreeRAM4.lean:340:24: `if_neg` has been deprecated: Use `ite_eq_right` instead
⚠ [2353/2421] Replayed Frontier.CHD.TreeRAM5
warning: Frontier/CHD/TreeRAM5.lean:70:32: `if_neg` has been deprecated: Use `ite_eq_right` instead
warning: Frontier/CHD/TreeRAM5.lean:105:20: `if_neg` has been deprecated: Use `ite_eq_right` instead
⚠ [2354/2421] Replayed Frontier.CHD.L6.LevelTab
warning: Frontier/CHD/L6/LevelTab.lean:168:84: This simp argument is unused:
  ← hP

Hint: Omit it from the simp argument list.
  [apply] simp

Note: Simp arguments with `←` have the additional effect of removing the other direction from the simp set, even if the simp argument itself is unused. If the hint above does not work, try replacing `←` with `-` to only get that effect and silence this warning.

Note: This linter can be disabled with `set_option linter.unusedSimpArgs false`
info: Frontier/CHD/L6/LevelTab.lean:198:0: 'Frontier.CHD.L6.levelTab_runs' depends on axioms: [propext, Classical.choice, Quot.sound]
⚠ [2355/2421] Replayed Frontier.CHD.EntLess
warning: Frontier/CHD/EntLess.lean:102:12: `if_pos` has been deprecated: Use `ite_eq_left` instead
warning: Frontier/CHD/EntLess.lean:102:22: `if_pos` has been deprecated: Use `ite_eq_left` instead
warning: Frontier/CHD/EntLess.lean:104:12: `if_neg` has been deprecated: Use `ite_eq_right` instead
warning: Frontier/CHD/EntLess.lean:104:22: `if_neg` has been deprecated: Use `ite_eq_right` instead
⚠ [2356/2421] Replayed Frontier.CHD.FGroup
warning: Frontier/CHD/FGroup.lean:195:6: `List.getLast?_eq_getLast` has been deprecated: Use `List.getLast?_eq_some_getLast` instead
warning: Frontier/CHD/FGroup.lean:249:18: `if_pos` has been deprecated: Use `ite_eq_left` instead
warning: Frontier/CHD/FGroup.lean:249:70: `if_pos` has been deprecated: Use `ite_eq_left` instead
warning: Frontier/CHD/FGroup.lean:249:95: `if_pos` has been deprecated: Use `ite_eq_left` instead
warning: Frontier/CHD/FGroup.lean:250:68: `if_neg` has been deprecated: Use `ite_eq_right` instead
warning: Frontier/CHD/FGroup.lean:250:92: `if_neg` has been deprecated: Use `ite_eq_right` instead
warning: Frontier/CHD/FGroup.lean:251:18: `if_neg` has been deprecated: Use `ite_eq_right` instead
warning: Frontier/CHD/FGroup.lean:283:79: `if_false` has been deprecated: Use `ite_false` instead
warning: Frontier/CHD/FGroup.lean:305:103: `if_true` has been deprecated: Use `ite_true` instead
warning: Frontier/CHD/FGroup.lean:330:8: `if_true` has been deprecated: Use `ite_true` instead
warning: Frontier/CHD/FGroup.lean:511:56: `if_pos` has been deprecated: Use `ite_eq_left` instead
warning: Frontier/CHD/FGroup.lean:526:21: This simp argument is unused:
  htj

Hint: Omit it from the simp argument list.
  [apply] simp

Note: This linter can be disabled with `set_option linter.unusedSimpArgs false`
warning: Frontier/CHD/FGroup.lean:582:45: `if_pos` has been deprecated: Use `ite_eq_left` instead
warning: Frontier/CHD/FGroup.lean:768:32: `if_neg` has been deprecated: Use `ite_eq_right` instead
warning: Frontier/CHD/FGroup.lean:816:32: `if_pos` has been deprecated: Use `ite_eq_left` instead
warning: Frontier/CHD/FGroup.lean:904:73: `if_pos` has been deprecated: Use `ite_eq_left` instead
warning: Frontier/CHD/FGroup.lean:919:32: `if_neg` has been deprecated: Use `ite_eq_right` instead
warning: Frontier/CHD/FGroup.lean:947:73: `if_neg` has been deprecated: Use `ite_eq_right` instead
warning: Frontier/CHD/FGroup.lean:974:32: `if_pos` has been deprecated: Use `ite_eq_left` instead
warning: Frontier/CHD/FGroup.lean:779:19: This simp argument is unused:
  curIds

Hint: Omit it from the simp argument list.
  [apply] simp only [Option.toList_none, List.map_nil, List.append_nil] at hnd

Note: This linter can be disabled with `set_option linter.unusedSimpArgs false`
⚠ [2357/2421] Replayed Frontier.CHD.TreeRAM6
warning: Frontier/CHD/TreeRAM6.lean:67:79: Unused tactic linter: `omega` does nothing

Note: This linter can be disabled with `set_option linter.unusedTactic false`
warning: Frontier/CHD/TreeRAM6.lean:67:79: this tactic is never executed

Note: This linter can be disabled with `set_option linter.unreachableTactic false`
warning: Frontier/CHD/TreeRAM6.lean:99:93: Unused tactic linter: `omega` does nothing

Note: This linter can be disabled with `set_option linter.unusedTactic false`
warning: Frontier/CHD/TreeRAM6.lean:99:93: this tactic is never executed

Note: This linter can be disabled with `set_option linter.unreachableTactic false`
warning: Frontier/CHD/TreeRAM6.lean:121:21: `List.getLast?_eq_getLast` has been deprecated: Use `List.getLast?_eq_some_getLast` instead
warning: Frontier/CHD/TreeRAM6.lean:176:8: `List.getLast?_eq_getLast` has been deprecated: Use `List.getLast?_eq_some_getLast` instead
warning: Frontier/CHD/TreeRAM6.lean:347:8: `List.getLast?_eq_getLast` has been deprecated: Use `List.getLast?_eq_some_getLast` instead
warning: Frontier/CHD/TreeRAM6.lean:353:10: `if_pos` has been deprecated: Use `ite_eq_left` instead
warning: Frontier/CHD/TreeRAM6.lean:354:10: `if_neg` has been deprecated: Use `ite_eq_right` instead
warning: Frontier/CHD/TreeRAM6.lean:387:10: `if_pos` has been deprecated: Use `ite_eq_left` instead
warning: Frontier/CHD/TreeRAM6.lean:387:21: `if_pos` has been deprecated: Use `ite_eq_left` instead
warning: Frontier/CHD/TreeRAM6.lean:387:79: `List.getLast?_eq_getLast` has been deprecated: Use `List.getLast?_eq_some_getLast` instead
warning: Frontier/CHD/TreeRAM6.lean:391:10: `if_neg` has been deprecated: Use `ite_eq_right` instead
warning: Frontier/CHD/TreeRAM6.lean:391:21: `if_neg` has been deprecated: Use `ite_eq_right` instead
warning: Frontier/CHD/TreeRAM6.lean:399:10: `if_pos` has been deprecated: Use `ite_eq_left` instead
warning: Frontier/CHD/TreeRAM6.lean:399:21: `if_pos` has been deprecated: Use `ite_eq_left` instead
warning: Frontier/CHD/TreeRAM6.lean:401:10: `if_neg` has been deprecated: Use `ite_eq_right` instead
warning: Frontier/CHD/TreeRAM6.lean:401:21: `if_neg` has been deprecated: Use `ite_eq_right` instead
warning: Frontier/CHD/TreeRAM6.lean:409:10: `if_pos` has been deprecated: Use `ite_eq_left` instead
warning: Frontier/CHD/TreeRAM6.lean:413:12: `List.getLast?_eq_getLast` has been deprecated: Use `List.getLast?_eq_some_getLast` instead
warning: Frontier/CHD/TreeRAM6.lean:424:10: `if_neg` has been deprecated: Use `ite_eq_right` instead
warning: Frontier/CHD/TreeRAM6.lean:439:10: `if_pos` has been deprecated: Use `ite_eq_left` instead
warning: Frontier/CHD/TreeRAM6.lean:441:12: `if_pos` has been deprecated: Use `ite_eq_left` instead
warning: Frontier/CHD/TreeRAM6.lean:442:12: `if_neg` has been deprecated: Use `ite_eq_right` instead
warning: Frontier/CHD/TreeRAM6.lean:446:10: `if_neg` has been deprecated: Use `ite_eq_right` instead
warning: Frontier/CHD/TreeRAM6.lean:447:10: `if_neg` has been deprecated: Use `ite_eq_right` instead
warning: Frontier/CHD/TreeRAM6.lean:455:10: `if_pos` has been deprecated: Use `ite_eq_left` instead
warning: Frontier/CHD/TreeRAM6.lean:455:10: `if_pos` has been deprecated: Use `ite_eq_left` instead
warning: Frontier/CHD/TreeRAM6.lean:463:77: `if_neg` has been deprecated: Use `ite_eq_right` instead
warning: Frontier/CHD/TreeRAM6.lean:467:52: `if_pos` has been deprecated: Use `ite_eq_left` instead
warning: Frontier/CHD/TreeRAM6.lean:468:10: `if_neg` has been deprecated: Use `ite_eq_right` instead
warning: Frontier/CHD/TreeRAM6.lean:468:10: `if_neg` has been deprecated: Use `ite_eq_right` instead
warning: Frontier/CHD/TreeRAM6.lean:489:10: `if_pos` has been deprecated: Use `ite_eq_left` instead
warning: Frontier/CHD/TreeRAM6.lean:489:40: `if_pos` has been deprecated: Use `ite_eq_left` instead
warning: Frontier/CHD/TreeRAM6.lean:490:10: `if_neg` has been deprecated: Use `ite_eq_right` instead
warning: Frontier/CHD/TreeRAM6.lean:492:12: `if_pos` has been deprecated: Use `ite_eq_left` instead
warning: Frontier/CHD/TreeRAM6.lean:492:24: `if_pos` has been deprecated: Use `ite_eq_left` instead
warning: Frontier/CHD/TreeRAM6.lean:493:12: `if_neg` has been deprecated: Use `ite_eq_right` instead
warning: Frontier/CHD/TreeRAM6.lean:493:24: `if_neg` has been deprecated: Use `ite_eq_right` instead
⚠ [2358/2421] Replayed Frontier.CHD.WinScanA
warning: Frontier/CHD/WinScanA.lean:103:8: `if_pos` has been deprecated: Use `ite_eq_left` instead
warning: Frontier/CHD/WinScanA.lean:114:19: `if_pos` has been deprecated: Use `ite_eq_left` instead
warning: Frontier/CHD/WinScanA.lean:115:19: `if_neg` has been deprecated: Use `ite_eq_right` instead
warning: Frontier/CHD/WinScanA.lean:116:8: `if_neg` has been deprecated: Use `ite_eq_right` instead
warning: Frontier/CHD/WinScanA.lean:126:8: `if_pos` has been deprecated: Use `ite_eq_left` instead
warning: Frontier/CHD/WinScanA.lean:126:19: `if_pos` has been deprecated: Use `ite_eq_left` instead
warning: Frontier/CHD/WinScanA.lean:130:8: `if_neg` has been deprecated: Use `ite_eq_right` instead
warning: Frontier/CHD/WinScanA.lean:130:19: `if_neg` has been deprecated: Use `ite_eq_right` instead
warning: Frontier/CHD/WinScanA.lean:140:8: `if_pos` has been deprecated: Use `ite_eq_left` instead
warning: Frontier/CHD/WinScanA.lean:147:8: `if_neg` has been deprecated: Use `ite_eq_right` instead
warning: Frontier/CHD/WinScanA.lean:196:8: This simp argument is unused:
  List.range'

Hint: Omit it from the simp argument list.
  [apply] simp [show a + (b - a) = b by omega, hb]

Note: This linter can be disabled with `set_option linter.unusedSimpArgs false`
⚠ [2359/2421] Replayed Frontier.CHD.RamInit
warning: Frontier/CHD/RamInit.lean:189:45: `if_neg` has been deprecated: Use `ite_eq_right` instead
warning: Frontier/CHD/RamInit.lean:261:51: `if_pos` has been deprecated: Use `ite_eq_left` instead
warning: Frontier/CHD/RamInit.lean:281:27: `if_pos` has been deprecated: Use `ite_eq_left` instead
warning: Frontier/CHD/RamInit.lean:284:17: `if_pos` has been deprecated: Use `ite_eq_left` instead
warning: Frontier/CHD/RamInit.lean:286:51: `if_neg` has been deprecated: Use `ite_eq_right` instead
warning: Frontier/CHD/RamInit.lean:306:27: `if_neg` has been deprecated: Use `ite_eq_right` instead
warning: Frontier/CHD/RamInit.lean:309:17: `if_neg` has been deprecated: Use `ite_eq_right` instead
warning: Frontier/CHD/RamInit.lean:312:45: `if_pos` has been deprecated: Use `ite_eq_left` instead
warning: Frontier/CHD/RamInit.lean:157:38: Used `tac1 <;> tac2` where `(tac1; tac2)` would suffice

Note: This linter can be disabled with `set_option linter.unnecessarySeqFocus false`
warning: Frontier/CHD/RamInit.lean:207:93: Used `tac1 <;> tac2` where `(tac1; tac2)` would suffice

Note: This linter can be disabled with `set_option linter.unnecessarySeqFocus false`
warning: Frontier/CHD/RamInit.lean:279:93: Used `tac1 <;> tac2` where `(tac1; tac2)` would suffice

Note: This linter can be disabled with `set_option linter.unnecessarySeqFocus false`
warning: Frontier/CHD/RamInit.lean:304:93: Used `tac1 <;> tac2` where `(tac1; tac2)` would suffice

Note: This linter can be disabled with `set_option linter.unnecessarySeqFocus false`
warning: Frontier/CHD/RamInit.lean:355:27: Variable name `a` is not explicitly referenced.

Hint: The binding can be removed (if unused) or named `_` (if used implicitly). Alternatively, prefix the name with `_` to silence this warning:
  [apply] _a

Note: This linter can be disabled with `set_option linter.unusedVariables false`
warning: Frontier/CHD/RamInit.lean:355:44: Variable name `a` is not explicitly referenced.

Hint: The binding can be removed (if unused) or named `_` (if used implicitly). Alternatively, prefix the name with `_` to silence this warning:
  [apply] _a

Note: This linter can be disabled with `set_option linter.unusedVariables false`
warning: Frontier/CHD/RamInit.lean:428:45: `if_neg` has been deprecated: Use `ite_eq_right` instead
warning: Frontier/CHD/RamInit.lean:492:40: `if_true` has been deprecated: Use `ite_true` instead
warning: Frontier/CHD/RamInit.lean:495:47: `if_false` has been deprecated: Use `ite_false` instead
warning: Frontier/CHD/RamInit.lean:503:34: `if_false` has been deprecated: Use `ite_false` instead
warning: Frontier/CHD/RamInit.lean:512:45: `if_pos` has been deprecated: Use `ite_eq_left` instead
warning: Frontier/CHD/RamInit.lean:410:97: this tactic is never executed

Note: This linter can be disabled with `set_option linter.unreachableTactic false`
warning: Frontier/CHD/RamInit.lean:498:28: Used `tac1 <;> tac2` where `(tac1; tac2)` would suffice

Note: This linter can be disabled with `set_option linter.unnecessarySeqFocus false`
warning: Frontier/CHD/RamInit.lean:410:97: Unused tactic linter: `omega` does nothing

Note: This linter can be disabled with `set_option linter.unusedTactic false`
⚠ [2360/2421] Replayed Frontier.CHD.RamFin
warning: Frontier/CHD/RamFin.lean:60:51: `if_neg` has been deprecated: Use `ite_eq_right` instead
warning: Frontier/CHD/RamFin.lean:86:12: `List.take_succ` has been deprecated: Use `List.take_add_one` instead
warning: Frontier/CHD/RamFin.lean:91:34: `if_false` has been deprecated: Use `ite_false` instead
warning: Frontier/CHD/RamFin.lean:102:51: `if_pos` has been deprecated: Use `ite_eq_left` instead
⚠ [2361/2421] Replayed Frontier.CHD.RamCopy
warning: Frontier/CHD/RamCopy.lean:27:6: `List.take_succ` has been deprecated: Use `List.take_add_one` instead
warning: Frontier/CHD/RamCopy.lean:91:13: Variable name `h` is not explicitly referenced.

Hint: The binding can be removed (if unused) or named `_` (if used implicitly). Alternatively, prefix the name with `_` to silence this warning:
  [apply] _h

Note: This linter can be disabled with `set_option linter.unusedVariables false`
warning: Frontier/CHD/RamCopy.lean:303:55: `if_neg` has been deprecated: Use `ite_eq_right` instead
warning: Frontier/CHD/RamCopy.lean:309:55: `if_pos` has been deprecated: Use `ite_eq_left` instead
warning: Frontier/CHD/RamCopy.lean:459:52: `if_neg` has been deprecated: Use `ite_eq_right` instead
warning: Frontier/CHD/RamCopy.lean:464:52: `if_pos` has been deprecated: Use `ite_eq_left` instead
warning: Frontier/CHD/RamCopy.lean:486:23: `dif_pos` has been deprecated: Use `dite_eq_left` instead
warning: Frontier/CHD/RamCopy.lean:498:25: `dif_pos` has been deprecated: Use `dite_eq_left` instead
⚠ [2362/2421] Replayed Frontier.CHD.PartitionMap
warning: Frontier/CHD/PartitionMap.lean:126:8: `if_pos` has been deprecated: Use `ite_eq_left` instead
warning: Frontier/CHD/PartitionMap.lean:126:34: `if_pos` has been deprecated: Use `ite_eq_left` instead
warning: Frontier/CHD/PartitionMap.lean:127:8: `if_neg` has been deprecated: Use `ite_eq_right` instead
warning: Frontier/CHD/PartitionMap.lean:127:57: `if_neg` has been deprecated: Use `ite_eq_right` instead
warning: Frontier/CHD/PartitionMap.lean:150:0: automatically included section variable(s) unused in theorem `Frontier.CHD.Partition.parentFirst_map`:
  [DecidableEq α]
  [DecidableEq β]
consider restructuring your `variable` declarations so that the variables are not in scope or explicitly omit them:
  omit [DecidableEq α] [DecidableEq β] in theorem ...

Note: This linter can be disabled with `set_option linter.unusedSectionVars false`
ℹ [2364/2421] Replayed Frontier.Counterexamples
info: Frontier/Counterexamples.lean:40:0: 'Frontier.Counterexamples.not_valid_of_Q_vertex_without_inedge' depends on axioms: [propext,
 Classical.choice,
 Quot.sound]
ℹ [2373/2548] Replayed Frontier.GateC
info: Frontier/GateC.lean:69:0: 'Frontier.GateCTarget.chdTarget_imp_gateC' depends on axioms: [propext, Classical.choice, Quot.sound]
info: Frontier/GateC.lean:70:0: 'Frontier.GateCTarget.chdTarget_F_imp_gateC' depends on axioms: [propext, Classical.choice, Quot.sound]
info: Frontier/GateC.lean:71:0: 'Frontier.GateCTarget.chdTargetU_imp_gateC' depends on axioms: [propext, Classical.choice, Quot.sound]
info: Frontier/GateC.lean:72:0: 'Frontier.GateCCalc.tendsto_Tchd_mu' depends on axioms: [propext, Classical.choice, Quot.sound]
info: Frontier/GateC.lean:73:0: 'Frontier.GateCCalc.mu_window' depends on axioms: [propext, Classical.choice, Quot.sound]
ℹ [2374/2548] Replayed Frontier.AuditGateC
info: Frontier/AuditGateC.lean:263:0: 'Frontier.AuditGateC.chdTarget_imp_auditGateC' depends on axioms: [propext, Classical.choice, Quot.sound]
ℹ [2375/2548] Replayed Frontier.CHD.Dispatch
info: Frontier/CHD/Dispatch.lean:592:0: 'Frontier.CHD.Dispatch.dispatch_runs' depends on axioms: [propext, Classical.choice, Quot.sound]
info: Frontier/CHD/Dispatch.lean:593:0: 'Frontier.CHD.Dispatch.chdTarget_of_body' depends on axioms: [propext, Classical.choice, Quot.sound]
⚠ [2376/2548] Replayed Frontier.CostSkeleton
warning: Frontier/CostSkeleton.lean:283:4: `push_neg` has been deprecated. Prefer using `push Not` instead.
If you'd rather continue using `push_neg` in your project, you can implement it as follows:
```
open Lean.Parser.Tactic in
macro "push_neg" cfg:optConfig loc:(location)? : tactic =>
  `(tactic| push $cfg:optConfig Not $[$loc]?)
```
warning: Frontier/CostSkeleton.lean:524:2: `push_neg` has been deprecated. Prefer using `push Not` instead.
If you'd rather continue using `push_neg` in your project, you can implement it as follows:
```
open Lean.Parser.Tactic in
macro "push_neg" cfg:optConfig loc:(location)? : tactic =>
  `(tactic| push $cfg:optConfig Not $[$loc]?)
```
warning: Frontier/CostSkeleton.lean:736:4: `push_neg` has been deprecated. Prefer using `push Not` instead.
If you'd rather continue using `push_neg` in your project, you can implement it as follows:
```
open Lean.Parser.Tactic in
macro "push_neg" cfg:optConfig loc:(location)? : tactic =>
  `(tactic| push $cfg:optConfig Not $[$loc]?)
```
⚠ [2378/2548] Replayed Frontier.CHD.CrBe
warning: Frontier/CHD/CrBe.lean:267:8: `dif_pos` has been deprecated: Use `dite_eq_left` instead
warning: Frontier/CHD/CrBe.lean:290:10: `if_pos` has been deprecated: Use `ite_eq_left` instead
⚠ [2380/2548] Replayed Frontier.CHD.MergeTotal
warning: Frontier/CHD/MergeTotal.lean:31:0: automatically included section variable(s) unused in theorem `Frontier.CHD.MergeTotal.card_level_le`:
  [DecidableEq ι]
consider restructuring your `variable` declarations so that the variables are not in scope or explicitly omit them:
  omit [DecidableEq ι] in theorem ...

Note: This linter can be disabled with `set_option linter.unusedSectionVars false`
warning: Frontier/CHD/MergeTotal.lean:54:0: automatically included section variable(s) unused in theorem `Frontier.CHD.MergeTotal.sum_children_le`:
  [Fintype V]
  [DecidableEq V]
consider restructuring your `variable` declarations so that the variables are not in scope or explicitly omit them:
  omit [Fintype V] [DecidableEq V] in theorem ...

Note: This linter can be disabled with `set_option linter.unusedSectionVars false`
warning: Frontier/CHD/MergeTotal.lean:79:0: automatically included section variable(s) unused in theorem `Frontier.CHD.MergeTotal.hM0_of_children`:
  [DecidableEq V]
consider restructuring your `variable` declarations so that the variables are not in scope or explicitly omit them:
  omit [DecidableEq V] in theorem ...

Note: This linter can be disabled with `set_option linter.unusedSectionVars false`
⚠ [2383/2548] Replayed Frontier.CHD.BL2StepB
warning: Frontier/CHD/BL2StepB.lean:61:32: This simp argument is unused:
  not_or

Hint: Omit it from the simp argument list.
  [apply] simp only [List.mem_cons, List.not_mem_nil, or_false] at hx

Note: This linter can be disabled with `set_option linter.unusedSimpArgs false`
warning: Frontier/CHD/BL2StepB.lean:112:8: `if_pos` has been deprecated: Use `ite_eq_left` instead
warning: Frontier/CHD/BL2StepB.lean:133:19: `if_pos` has been deprecated: Use `ite_eq_left` instead
warning: Frontier/CHD/BL2StepB.lean:140:8: `if_neg` has been deprecated: Use `ite_eq_right` instead
warning: Frontier/CHD/BL2StepB.lean:142:15: `if_neg` has been deprecated: Use `ite_eq_right` instead
⚠ [2384/2548] Replayed Frontier.CHD.BL2StepC
warning: Frontier/CHD/BL2StepC.lean:65:60: this tactic is never executed

Note: This linter can be disabled with `set_option linter.unreachableTactic false`
warning: Frontier/CHD/BL2StepC.lean:65:60: Unused tactic linter: `tauto` does nothing

Note: This linter can be disabled with `set_option linter.unusedTactic false`
⚠ [2386/2548] Replayed Frontier.CHD.BL2Extract
warning: Frontier/CHD/BL2Extract.lean:101:8: `List.take_succ` has been deprecated: Use `List.take_add_one` instead
warning: Frontier/CHD/BL2Extract.lean:135:8: `if_pos` has been deprecated: Use `ite_eq_left` instead
warning: Frontier/CHD/BL2Extract.lean:152:8: `if_neg` has been deprecated: Use `ite_eq_right` instead
warning: Frontier/CHD/BL2Extract.lean:151:8: This simp argument is unused:
  List.nil_append

Hint: Omit it from the simp argument list.
  [apply] simp only [List.mem_append, List.mem_cons, List.not_mem_nil, or_false, List.append_nil] at hx ⊢

Note: This linter can be disabled with `set_option linter.unusedSimpArgs false`
warning: Frontier/CHD/BL2Extract.lean:166:8: This simp argument is unused:
  List.nil_append

Hint: Omit it from the simp argument list.
  [apply] simp only [List.mem_append, List.mem_cons, List.not_mem_nil, or_false, List.append_nil] at hx ⊢

Note: This linter can be disabled with `set_option linter.unusedSimpArgs false`
warning: Frontier/CHD/BL2Extract.lean:285:73: `if_true` has been deprecated: Use `ite_true` instead
warning: Frontier/CHD/BL2Extract.lean:295:75: `if_true` has been deprecated: Use `ite_true` instead
warning: Frontier/CHD/BL2Extract.lean:305:85: `if_true` has been deprecated: Use `ite_true` instead
warning: Frontier/CHD/BL2Extract.lean:379:22: `if_false` has been deprecated: Use `ite_false` instead
warning: Frontier/CHD/BL2Extract.lean:386:22: `if_true` has been deprecated: Use `ite_true` instead
warning: Frontier/CHD/BL2Extract.lean:391:22: `if_false` has been deprecated: Use `ite_false` instead
warning: Frontier/CHD/BL2Extract.lean:392:18: `if_neg` has been deprecated: Use `ite_eq_right` instead
warning: Frontier/CHD/BL2Extract.lean:398:10: `if_neg` has been deprecated: Use `ite_eq_right` instead
warning: Frontier/CHD/BL2Extract.lean:265:8: This simp argument is unused:
  List.nil_append

Hint: Omit it from the simp argument list.
  [apply] simp only [List.mem_append, List.mem_cons, List.not_mem_nil, or_false, not_or]

Note: This linter can be disabled with `set_option linter.unusedSimpArgs false`
warning: Frontier/CHD/BL2Extract.lean:409:19: This simp argument is unused:
  List.nil_append

Hint: Omit it from the simp argument list.
  [apply] simp only [List.mem_append, List.mem_cons, List.not_mem_nil, or_false] at h

Note: This linter can be disabled with `set_option linter.unusedSimpArgs false`
⚠ [2387/2548] Replayed Frontier.CHD.BL2StepF
warning: Frontier/CHD/BL2StepF.lean:101:17: This simp argument is unused:
  List.nil_append

Hint: Omit it from the simp argument list.
  [apply] simp only [List.append_nil, List.append_subset]

Note: This linter can be disabled with `set_option linter.unusedSimpArgs false`
warning: Frontier/CHD/BL2StepF.lean:103:17: This simp argument is unused:
  List.nil_append

Hint: Omit it from the simp argument list.
  [apply] simp only [List.append_nil, List.append_subset]

Note: This linter can be disabled with `set_option linter.unusedSimpArgs false`
⚠ [2389/2548] Replayed Frontier.CHD.BL2StepE
warning: Frontier/CHD/BL2StepE.lean:30:8: `if_neg` has been deprecated: Use `ite_eq_right` instead
warning: Frontier/CHD/BL2StepE.lean:49:8: `if_pos` has been deprecated: Use `ite_eq_left` instead
warning: Frontier/CHD/BL2StepE.lean:78:10: `if_pos` has been deprecated: Use `ite_eq_left` instead
warning: Frontier/CHD/BL2StepE.lean:109:10: `if_neg` has been deprecated: Use `ite_eq_right` instead
warning: Frontier/CHD/BL2StepE.lean:139:8: `if_neg` has been deprecated: Use `ite_eq_right` instead
warning: Frontier/CHD/BL2StepE.lean:158:19: This simp argument is unused:
  List.append_nil

Hint: Omit it from the simp argument list.
  [apply] simp only [List.mem_append, List.mem_cons, List.not_mem_nil, or_false] at hx

Note: This linter can be disabled with `set_option linter.unusedSimpArgs false`
⚠ [2390/2548] Replayed Frontier.CHD.BL2ScanSpec
warning: Frontier/CHD/BL2ScanSpec.lean:104:26: `if_pos` has been deprecated: Use `ite_eq_left` instead
warning: Frontier/CHD/BL2ScanSpec.lean:56:4: This simp argument is unused:
  State.charge_wa

Hint: Omit it from the simp argument list.
  [apply] simp only [wp, evalW_var, evalW_load', evalW_lit', evalW_lt', State.charge_w, State.setW_w, State.setW_wa,
    State.charge_wlen, State.setW_wlen, State.charge_cap, State.setW_cap, Option.bind_some, hu, huL, ite_true, hgM, fit,
    show (0 : ℕ) < st₀.cap by omega]

Note: This linter can be disabled with `set_option linter.unusedSimpArgs false`
warning: Frontier/CHD/BL2ScanSpec.lean:56:21: This simp argument is unused:
  State.setW_wa

Hint: Omit it from the simp argument list.
  [apply] simp only [wp, evalW_var, evalW_load', evalW_lit', evalW_lt', State.charge_w, State.setW_w, State.charge_wa,
    State.charge_wlen, State.setW_wlen, State.charge_cap, State.setW_cap, Option.bind_some, hu, huL, ite_true, hgM, fit,
    show (0 : ℕ) < st₀.cap by omega]

Note: This linter can be disabled with `set_option linter.unusedSimpArgs false`
warning: Frontier/CHD/BL2ScanSpec.lean:56:36: This simp argument is unused:
  State.charge_wlen

Hint: Omit it from the simp argument list.
  [apply] simp only [wp, evalW_var, evalW_load', evalW_lit', evalW_lt', State.charge_w, State.setW_w, State.charge_wa,
    State.setW_wa, State.setW_wlen, State.charge_cap, State.setW_cap, Option.bind_some, hu, huL, ite_true, hgM, fit,
    show (0 : ℕ) < st₀.cap by omega]

Note: This linter can be disabled with `set_option linter.unusedSimpArgs false`
warning: Frontier/CHD/BL2ScanSpec.lean:56:55: This simp argument is unused:
  State.setW_wlen

Hint: Omit it from the simp argument list.
  [apply] simp only [wp, evalW_var, evalW_load', evalW_lit', evalW_lt', State.charge_w, State.setW_w, State.charge_wa,
    State.setW_wa, State.charge_wlen, State.charge_cap, State.setW_cap, Option.bind_some, hu, huL, ite_true, hgM, fit,
    show (0 : ℕ) < st₀.cap by omega]

Note: This linter can be disabled with `set_option linter.unusedSimpArgs false`
warning: Frontier/CHD/BL2ScanSpec.lean:61:46: This simp argument is unused:
  show ("fp.u" = "fp.p") = False by decide

Hint: Omit it from the simp argument list.
  [apply] simp only [show ("fp.p" = "fp.pp") = False by decide, show ("fp.p" = "fp.res") = False by decide,
    show ("gM" = "fp.p") = False by decide, show ("gM" = "fp.pp") = False by decide,
    show ("gM" = "fp.res") = False by decide, ite_false, ite_true, hgM,
    show (if st₀.wa "gHd" ↑u < G.m then 1 else 0) < st₀.cap by split_ifs <;> omega]

Note: This linter can be disabled with `set_option linter.unusedSimpArgs false`
warning: Frontier/CHD/BL2ScanSpec.lean:62:14: This simp argument is unused:
  hgM

Hint: Omit it from the simp argument list.
  [apply] simp only [show ("fp.p" = "fp.pp") = False by decide, show ("fp.p" = "fp.res") = False by decide,
    show ("gM" = "fp.p") = False by decide, show ("gM" = "fp.pp") = False by decide,
    show ("gM" = "fp.res") = False by decide, show ("fp.u" = "fp.p") = False by decide, ite_false, ite_true,
    show (if st₀.wa "gHd" ↑u < G.m then 1 else 0) < st₀.cap by split_ifs <;> omega]

Note: This linter can be disabled with `set_option linter.unusedSimpArgs false`
⚠ [2391/2548] Replayed Frontier.CHD.CostLe
warning: Frontier/CHD/CostLe.lean:356:10: `if_pos` has been deprecated: Use `ite_eq_left` instead
warning: Frontier/CHD/CostLe.lean:357:10: `if_neg` has been deprecated: Use `ite_eq_right` instead
⚠ [2394/2548] Replayed Frontier.CHD.L6.Sizes
warning: Frontier/CHD/L6/Sizes.lean:48:27: Variable name `hsn` is not explicitly referenced.

Hint: The binding can be removed (if unused) or named `_` (if used implicitly). Alternatively, prefix the name with `_` to silence this warning:
  [apply] _hsn

Note: This linter can be disabled with `set_option linter.unusedVariables false`
warning: Frontier/CHD/L6/Sizes.lean:125:34: `if_neg` has been deprecated: Use `ite_eq_right` instead
⚠ [2396/2548] Replayed Frontier.CHD.L6.Body
warning: Frontier/CHD/L6/Body.lean:53:8: `if_pos` has been deprecated: Use `ite_eq_left` instead
warning: Frontier/CHD/L6/Body.lean:53:19: `if_pos` has been deprecated: Use `ite_eq_left` instead
warning: Frontier/CHD/L6/Body.lean:54:8: `if_neg` has been deprecated: Use `ite_eq_right` instead
warning: Frontier/CHD/L6/Body.lean:54:19: `if_neg` has been deprecated: Use `ite_eq_right` instead
warning: Frontier/CHD/L6/Body.lean:117:6: `if_false` has been deprecated: Use `ite_false` instead
warning: Frontier/CHD/L6/Body.lean:117:16: `if_true` has been deprecated: Use `ite_true` instead
warning: Frontier/CHD/L6/Body.lean:166:58: Variable name `hn` is not explicitly referenced.

Hint: The binding can be removed (if unused) or named `_` (if used implicitly). Alternatively, prefix the name with `_` to silence this warning:
  [apply] _hn

Note: This linter can be disabled with `set_option linter.unusedVariables false`
warning: Frontier/CHD/L6/Body.lean:203:48: `if_pos` has been deprecated: Use `ite_eq_left` instead
warning: Frontier/CHD/L6/Body.lean:215:40: `if_neg` has been deprecated: Use `ite_eq_right` instead
warning: Frontier/CHD/L6/Body.lean:249:12: `if_pos` has been deprecated: Use `ite_eq_left` instead
warning: Frontier/CHD/L6/Body.lean:319:10: `if_pos` has been deprecated: Use `ite_eq_left` instead
warning: Frontier/CHD/L6/Body.lean:273:58: This simp argument is unused:
  sortWR

Hint: Omit it from the simp argument list.
  [apply] simp [MergeSort.msRegs]

Note: This linter can be disabled with `set_option linter.unusedSimpArgs false`
warning: Frontier/CHD/L6/Body.lean:273:66: This simp argument is unused:
  MergeSort.msRegs

Hint: Omit it from the simp argument list.
  [apply] simp [sortWR]

Note: This linter can be disabled with `set_option linter.unusedSimpArgs false`
warning: Frontier/CHD/L6/Body.lean:276:59: This simp argument is unused:
  sortWR

Hint: Omit it from the simp argument list.
  [apply] simp [MergeSort.msRegs]

Note: This linter can be disabled with `set_option linter.unusedSimpArgs false`
warning: Frontier/CHD/L6/Body.lean:276:67: This simp argument is unused:
  MergeSort.msRegs

Hint: Omit it from the simp argument list.
  [apply] simp [sortWR]

Note: This linter can be disabled with `set_option linter.unusedSimpArgs false`
info: Frontier/CHD/L6/Body.lean:376:0: 'Frontier.CHD.L6.body_spec' depends on axioms: [propext, Classical.choice, Quot.sound]
info: Frontier/CHD/L6/Body.lean:377:0: 'Frontier.CHD.L6.chdTarget_of_core' depends on axioms: [propext, Classical.choice, Quot.sound]
⚠ [2397/2548] Replayed Frontier.CHD.L6.Params
warning: Frontier/CHD/L6/Params.lean:176:53: This simp argument is unused:
  show 1 < st.cap by omega

Hint: Omit it from the simp argument list.
  [apply] simp [cpTCond, htt, htlg, htdd, fit, htcap, hge, show 0 < st.cap by omega,
    show tpar cn cm * tpar cn cm < st.cap by omega, show tpar cn cm * tpar cn cm * tpar cn cm < st.cap by omega,
    show dd cn cm * dd cn cm < st.cap by omega,
    show tpar cn cm * tpar cn cm * tpar cn cm * (dd cn cm * dd cn cm) < st.cap by omega,
    show lgN cn * lgN cn < st.cap by omega]

Note: This linter can be disabled with `set_option linter.unusedSimpArgs false`
warning: Frontier/CHD/L6/Params.lean:223:43: This simp argument is unused:
  hgt

Hint: Omit it from the simp argument list.
  [apply] simp [cpSqCond, hI.r, htt, fit, htcap, hlt', not_le.mpr hlt', show 1 < st.cap by nlinarith,
    show 0 < st.cap by nlinarith, show Nat.sqrt T + 1 < st.cap by nlinarith,
    show (Nat.sqrt T + 1) * (Nat.sqrt T + 1) < st.cap by omega, show T + 1 < st.cap by nlinarith]

Note: This linter can be disabled with `set_option linter.unusedSimpArgs false`
warning: Frontier/CHD/L6/Params.lean:223:48: This simp argument is unused:
  hlt'

Hint: Omit it from the simp argument list.
  [apply] simp [cpSqCond, hI.r, htt, fit, htcap, hgt, not_le.mpr hlt', show 1 < st.cap by nlinarith,
    show 0 < st.cap by nlinarith, show Nat.sqrt T + 1 < st.cap by nlinarith,
    show (Nat.sqrt T + 1) * (Nat.sqrt T + 1) < st.cap by omega, show T + 1 < st.cap by nlinarith]

Note: This linter can be disabled with `set_option linter.unusedSimpArgs false`
warning: Frontier/CHD/L6/Params.lean:247:61: This simp argument is unused:
  show Nat.sqrt T * Nat.sqrt T < u.cap by nlinarith

Hint: Omit it from the simp argument list.
  [apply] simp [wp, h1.r, ht1t, ht1lg, fit, ht1cap, hsq, hT0, hTc, show 1 < u.cap by nlinarith,
    show 0 < u.cap by nlinarith, show lgv / T + 1 < u.cap by have := Nat.div_le_self lgv T; omega]

Note: This linter can be disabled with `set_option linter.unusedSimpArgs false`
warning: Frontier/CHD/L6/Params.lean:248:35: This simp argument is unused:
  show 0 < u.cap by nlinarith

Hint: Omit it from the simp argument list.
  [apply] simp [wp, h1.r, ht1t, ht1lg, fit, ht1cap, hsq, hT0, hTc, show Nat.sqrt T * Nat.sqrt T < u.cap by nlinarith,
    show 1 < u.cap by nlinarith, show lgv / T + 1 < u.cap by have := Nat.div_le_self lgv T; omega]

Note: This linter can be disabled with `set_option linter.unusedSimpArgs false`
warning: Frontier/CHD/L6/Params.lean:256:56: This simp argument is unused:
  hTc

Hint: Omit it from the simp argument list.
  [apply] simp [wp, h1.r, ht1t, ht1lg, fit, ht1cap, hsq, hT0, show Nat.sqrt T * Nat.sqrt T < u.cap by nlinarith,
    show 1 < u.cap by nlinarith, show 0 < u.cap by nlinarith, show Nat.sqrt T + 1 < u.cap by nlinarith,
    show lgv / T + 1 < u.cap by have := Nat.div_le_self lgv T; omega]

Note: This linter can be disabled with `set_option linter.unusedSimpArgs false`
info: Frontier/CHD/L6/Params.lean:414:0: 'Frontier.CHD.L6.paramsProg_runs' depends on axioms: [propext, Classical.choice, Quot.sound]
⚠ [2399/2548] Replayed Frontier.CHD.BMTeleLoop
warning: Frontier/CHD/BMTeleLoop.lean:343:38: `if_pos` has been deprecated: Use `ite_eq_left` instead
warning: Frontier/CHD/BMTeleLoop.lean:562:26: `if_neg` has been deprecated: Use `ite_eq_right` instead
⚠ [2400/2548] Replayed Frontier.CHD.TraceFits
warning: Frontier/CHD/TraceFits.lean:81:10: `if_neg` has been deprecated: Use `ite_eq_right` instead
warning: Frontier/CHD/TraceFits.lean:102:31: `if_true` has been deprecated: Use `ite_true` instead
⚠ [2401/2548] Replayed Frontier.CHD.L6.CoreTop
warning: Frontier/CHD/L6/CoreTop.lean:35:10: `if_neg` has been deprecated: Use `ite_eq_right` instead
warning: Frontier/CHD/L6/CoreTop.lean:39:10: `if_pos` has been deprecated: Use `ite_eq_left` instead
info: Frontier/CHD/L6/CoreTop.lean:98:0: 'Frontier.CHD.L6.complete_of_topRun' depends on axioms: [propext, Classical.choice, Quot.sound]
info: Frontier/CHD/L6/CoreTop.lean:100:0: 'Frontier.CHD.L6.coreOut_of_labAt' depends on axioms: [propext, Classical.choice, Quot.sound]
⚠ [2406/2548] Replayed Frontier.CHD.L6.CoreSpecProof
warning: Frontier/CHD/L6/CoreSpecProof.lean:307:8: `if_neg` has been deprecated: Use `ite_eq_right` instead
warning: Frontier/CHD/L6/CoreSpecProof.lean:354:57: `if_pos` has been deprecated: Use `ite_eq_left` instead
warning: Frontier/CHD/L6/CoreSpecProof.lean:373:49: `if_neg` has been deprecated: Use `ite_eq_right` instead
info: Frontier/CHD/L6/CoreSpecProof.lean:493:0: 'Frontier.CHD.L6.coreSpec_of_spine' depends on axioms: [propext, Classical.choice, Quot.sound]
info: Frontier/CHD/L6/CoreSpecProof.lean:494:0: 'Frontier.CHD.L6.chdTarget_of_spine' depends on axioms: [propext, Classical.choice, Quot.sound]
⚠ [2409/2548] Replayed Frontier.CHD.L6.SpineTop
warning: Frontier/CHD/L6/SpineTop.lean:31:32: Variable name `src` is not explicitly referenced.

Hint: The binding can be removed (if unused) or named `_` (if used implicitly). Alternatively, prefix the name with `_` to silence this warning:
  [apply] _src

Note: This linter can be disabled with `set_option linter.unusedVariables false`
warning: Frontier/CHD/L6/SpineTop.lean:31:48: Variable name `cn` is not explicitly referenced.

Hint: The binding can be removed (if unused) or named `_` (if used implicitly). Alternatively, prefix the name with `_` to silence this warning:
  [apply] _cn

Note: This linter can be disabled with `set_option linter.unusedVariables false`
warning: Frontier/CHD/L6/SpineTop.lean:31:51: Variable name `cm` is not explicitly referenced.

Hint: The binding can be removed (if unused) or named `_` (if used implicitly). Alternatively, prefix the name with `_` to silence this warning:
  [apply] _cm

Note: This linter can be disabled with `set_option linter.unusedVariables false`
warning: Frontier/CHD/L6/SpineTop.lean:31:54: Variable name `c0` is not explicitly referenced.

Hint: The binding can be removed (if unused) or named `_` (if used implicitly). Alternatively, prefix the name with `_` to silence this warning:
  [apply] _c0

Note: This linter can be disabled with `set_option linter.unusedVariables false`
info: Frontier/CHD/L6/SpineTop.lean:101:0: 'Frontier.CHD.L6.spineSpec_of_parts' depends on axioms: [propext, Classical.choice, Quot.sound]
ℹ [2410/2548] Replayed Frontier.CHD.L6.Tnat
info: Frontier/CHD/L6/Tnat.lean:168:0: 'Frontier.CostSkeleton.Tchd_le_Tnat' depends on axioms: [propext, Classical.choice, Quot.sound]
info: Frontier/CHD/L6/Tnat.lean:169:0: 'Frontier.CostSkeleton.Tnat_le_Tchd' depends on axioms: [propext, Classical.choice, Quot.sound]
⚠ [2413/2548] Replayed Frontier.CHD.DGlobal
info: Frontier/CHD/DGlobal.lean:178:21: Try this:
  [apply] rwa [hl]
info: Frontier/CHD/DGlobal.lean:178:21: Try this:
  [apply] rwa [hl]
info: Frontier/CHD/DGlobal.lean:178:45: Try this:
  [apply] rwa [hvl]
info: Frontier/CHD/DGlobal.lean:178:21: Try this:
  [apply] rwa [hl]
info: Frontier/CHD/DGlobal.lean:178:21: Try this:
  [apply] rwa [hl]
info: Frontier/CHD/DGlobal.lean:178:21: Try this:
  [apply] rwa [hl]
info: Frontier/CHD/DGlobal.lean:178:21: Try this:
  [apply] rwa [hl]
info: Frontier/CHD/DGlobal.lean:184:21: Try this:
  [apply] rwa [hl]
info: Frontier/CHD/DGlobal.lean:184:21: Try this:
  [apply] rwa [hl]
info: Frontier/CHD/DGlobal.lean:184:21: Try this:
  [apply] rwa [hl]
info: Frontier/CHD/DGlobal.lean:184:21: Try this:
  [apply] rwa [hl]
info: Frontier/CHD/DGlobal.lean:184:45: Try this:
  [apply] rwa [hvl]
info: Frontier/CHD/DGlobal.lean:184:21: Try this:
  [apply] rwa [hl]
info: Frontier/CHD/DGlobal.lean:184:21: Try this:
  [apply] rwa [hl]
info: Frontier/CHD/DGlobal.lean:184:21: Try this:
  [apply] rwa [hl]
info: Frontier/CHD/DGlobal.lean:184:21: Try this:
  [apply] rwa [hl]
warning: Frontier/CHD/DGlobal.lean:328:77: `if_false` has been deprecated: Use `ite_false` instead
warning: Frontier/CHD/DGlobal.lean:336:75: `if_false` has been deprecated: Use `ite_false` instead
warning: Frontier/CHD/DGlobal.lean:308:23: This simp argument is unused:
  Function.update_apply

Hint: Omit it from the simp argument list.
  [apply] simp [show l ≠ lo + 1 by omega]

Note: This linter can be disabled with `set_option linter.unusedSimpArgs false`
warning: Frontier/CHD/DGlobal.lean:499:85: `if_false` has been deprecated: Use `ite_false` instead
warning: Frontier/CHD/DGlobal.lean:501:79: `if_false` has been deprecated: Use `ite_false` instead
warning: Frontier/CHD/DGlobal.lean:517:75: `if_false` has been deprecated: Use `ite_false` instead
warning: Frontier/CHD/DGlobal.lean:474:21: This simp argument is unused:
  Function.update_apply

Hint: Omit it from the simp argument list.
  [apply] simp [show l ≠ lo - 1 by omega]

Note: This linter can be disabled with `set_option linter.unusedSimpArgs false`
warning: Frontier/CHD/DGlobal.lean:601:82: `if_true` has been deprecated: Use `ite_true` instead
warning: Frontier/CHD/DGlobal.lean:602:16: `if_pos` has been deprecated: Use `ite_eq_left` instead
warning: Frontier/CHD/DGlobal.lean:605:16: `if_neg` has been deprecated: Use `ite_eq_right` instead
warning: Frontier/CHD/DGlobal.lean:578:56: This simp argument is unused:
  hc1

Hint: Omit it from the simp argument list.
  [apply] simp [hI.jr, hlq, fit, show q.cap ≠ 0 by omega]

Note: This linter can be disabled with `set_option linter.unusedSimpArgs false`
warning: Frontier/CHD/DGlobal.lean:713:49: This simp argument is unused:
  hcap

Hint: Omit it from the simp argument list.
  [apply] simp [allocD, wp, hn, hec, hbc, hsc, hlc, fit, show 0 < st0.cap by omega]

Note: This linter can be disabled with `set_option linter.unusedSimpArgs false`
⚠ [2414/2548] Replayed Frontier.CHD.RamSpine
warning: Frontier/CHD/RamSpine.lean:279:6: `List.take_succ` has been deprecated: Use `List.take_add_one` instead
warning: Frontier/CHD/RamSpine.lean:286:6: `if_pos` has been deprecated: Use `ite_eq_left` instead
warning: Frontier/CHD/RamSpine.lean:374:54: `if_neg` has been deprecated: Use `ite_eq_right` instead
warning: Frontier/CHD/RamSpine.lean:501:53: `if_pos` has been deprecated: Use `ite_eq_left` instead
warning: Frontier/CHD/RamSpine.lean:507:58: `if_pos` has been deprecated: Use `ite_eq_left` instead
warning: Frontier/CHD/RamSpine.lean:524:58: `if_neg` has been deprecated: Use `ite_eq_right` instead
warning: Frontier/CHD/RamSpine.lean:601:53: `if_neg` has been deprecated: Use `ite_eq_right` instead
warning: Frontier/CHD/RamSpine.lean:619:23: `if_pos` has been deprecated: Use `ite_eq_left` instead
warning: Frontier/CHD/RamSpine.lean:644:82: Variable name `x` is not explicitly referenced.

Hint: The binding can be removed (if unused) or named `_` (if used implicitly). Alternatively, prefix the name with `_` to silence this warning:
  [apply] _x

Note: This linter can be disabled with `set_option linter.unusedVariables false`
warning: Frontier/CHD/RamSpine.lean:663:6: `List.take_succ` has been deprecated: Use `List.take_add_one` instead
warning: Frontier/CHD/RamSpine.lean:668:6: `List.take_succ` has been deprecated: Use `List.take_add_one` instead
warning: Frontier/CHD/RamSpine.lean:762:23: `if_neg` has been deprecated: Use `ite_eq_right` instead
warning: Frontier/CHD/RamSpine.lean:916:50: `if_pos` has been deprecated: Use `ite_eq_left` instead
warning: Frontier/CHD/RamSpine.lean:923:28: `if_pos` has been deprecated: Use `ite_eq_left` instead
warning: Frontier/CHD/RamSpine.lean:943:28: `if_pos` has been deprecated: Use `ite_eq_left` instead
warning: Frontier/CHD/RamSpine.lean:955:42: `if_neg` has been deprecated: Use `ite_eq_right` instead
warning: Frontier/CHD/RamSpine.lean:967:23: `if_pos` has been deprecated: Use `ite_eq_left` instead
warning: Frontier/CHD/RamSpine.lean:855:77: this tactic is never executed

Note: This linter can be disabled with `set_option linter.unreachableTactic false`
warning: Frontier/CHD/RamSpine.lean:855:77: Unused tactic linter: `omega` does nothing

Note: This linter can be disabled with `set_option linter.unusedTactic false`
warning: Frontier/CHD/RamSpine.lean:998:8: `if_pos` has been deprecated: Use `ite_eq_left` instead
warning: Frontier/CHD/RamSpine.lean:998:30: `if_pos` has been deprecated: Use `ite_eq_left` instead
warning: Frontier/CHD/RamSpine.lean:999:8: `if_neg` has been deprecated: Use `ite_eq_right` instead
warning: Frontier/CHD/RamSpine.lean:999:43: `if_neg` has been deprecated: Use `ite_eq_right` instead
warning: Frontier/CHD/RamSpine.lean:1011:8: `if_pos` has been deprecated: Use `ite_eq_left` instead
warning: Frontier/CHD/RamSpine.lean:1011:30: `if_pos` has been deprecated: Use `ite_eq_left` instead
warning: Frontier/CHD/RamSpine.lean:1012:8: `if_neg` has been deprecated: Use `ite_eq_right` instead
warning: Frontier/CHD/RamSpine.lean:1012:43: `if_neg` has been deprecated: Use `ite_eq_right` instead
warning: Frontier/CHD/RamSpine.lean:1185:10: `if_pos` has been deprecated: Use `ite_eq_left` instead
warning: Frontier/CHD/RamSpine.lean:1186:10: `if_neg` has been deprecated: Use `ite_eq_right` instead
warning: Frontier/CHD/RamSpine.lean:1186:21: `if_neg` has been deprecated: Use `ite_eq_right` instead
warning: Frontier/CHD/RamSpine.lean:1110:71: Used `tac1 <;> tac2` where `(tac1; tac2)` would suffice

Note: This linter can be disabled with `set_option linter.unnecessarySeqFocus false`
⚠ [2416/2548] Replayed Frontier.CHD.RamPiv
warning: Frontier/CHD/RamPiv.lean:185:8: `List.take_succ` has been deprecated: Use `List.take_add_one` instead
warning: Frontier/CHD/RamPiv.lean:208:44: `if_neg` has been deprecated: Use `ite_eq_right` instead
warning: Frontier/CHD/RamPiv.lean:261:44: `if_pos` has been deprecated: Use `ite_eq_left` instead
warning: Frontier/CHD/RamPiv.lean:218:88: Used `tac1 <;> tac2` where `(tac1; tac2)` would suffice

Note: This linter can be disabled with `set_option linter.unnecessarySeqFocus false`
⚠ [2417/2548] Replayed Frontier.CHD.RamT6
warning: Frontier/CHD/RamT6.lean:103:8: `List.take_succ` has been deprecated: Use `List.take_add_one` instead
warning: Frontier/CHD/RamT6.lean:132:52: `if_neg` has been deprecated: Use `ite_eq_right` instead
warning: Frontier/CHD/RamT6.lean:173:47: `if_pos` has been deprecated: Use `ite_eq_left` instead
warning: Frontier/CHD/RamT6.lean:180:24: `if_pos` has been deprecated: Use `ite_eq_left` instead
warning: Frontier/CHD/RamT6.lean:216:47: `if_neg` has been deprecated: Use `ite_eq_right` instead
warning: Frontier/CHD/RamT6.lean:225:41: `if_neg` has been deprecated: Use `ite_eq_right` instead
warning: Frontier/CHD/RamT6.lean:244:52: `if_pos` has been deprecated: Use `ite_eq_left` instead
warning: Frontier/CHD/RamT6.lean:148:21: Used `tac1 <;> tac2` where `(tac1; tac2)` would suffice

Note: This linter can be disabled with `set_option linter.unnecessarySeqFocus false`
warning: Frontier/CHD/RamT6.lean:236:30: Used `tac1 <;> tac2` where `(tac1; tac2)` would suffice

Note: This linter can be disabled with `set_option linter.unnecessarySeqFocus false`
⚠ [2418/2548] Replayed Frontier.CHD.WinScanB
warning: Frontier/CHD/WinScanB.lean:125:8: `if_pos` has been deprecated: Use `ite_eq_left` instead
warning: Frontier/CHD/WinScanB.lean:130:19: `if_pos` has been deprecated: Use `ite_eq_left` instead
warning: Frontier/CHD/WinScanB.lean:131:19: `if_neg` has been deprecated: Use `ite_eq_right` instead
warning: Frontier/CHD/WinScanB.lean:132:8: `if_neg` has been deprecated: Use `ite_eq_right` instead
warning: Frontier/CHD/WinScanB.lean:140:8: `if_pos` has been deprecated: Use `ite_eq_left` instead
warning: Frontier/CHD/WinScanB.lean:145:19: `if_pos` has been deprecated: Use `ite_eq_left` instead
warning: Frontier/CHD/WinScanB.lean:146:19: `if_neg` has been deprecated: Use `ite_eq_right` instead
warning: Frontier/CHD/WinScanB.lean:147:15: `if_neg` has been deprecated: Use `ite_eq_right` instead
warning: Frontier/CHD/WinScanB.lean:265:15: `if_neg` has been deprecated: Use `ite_eq_right` instead
warning: Frontier/CHD/WinScanB.lean:307:61: `if_pos` has been deprecated: Use `ite_eq_left` instead
warning: Frontier/CHD/WinScanB.lean:329:12: `if_pos` has been deprecated: Use `ite_eq_left` instead
warning: Frontier/CHD/WinScanB.lean:393:20: `if_neg` has been deprecated: Use `ite_eq_right` instead
warning: Frontier/CHD/WinScanB.lean:397:20: `if_neg` has been deprecated: Use `ite_eq_right` instead
warning: Frontier/CHD/WinScanB.lean:405:12: `if_neg` has been deprecated: Use `ite_eq_right` instead
warning: Frontier/CHD/WinScanB.lean:425:20: `if_pos` has been deprecated: Use `ite_eq_left` instead
warning: Frontier/CHD/WinScanB.lean:428:20: `if_pos` has been deprecated: Use `ite_eq_left` instead
warning: Frontier/CHD/WinScanB.lean:437:61: `if_neg` has been deprecated: Use `ite_eq_right` instead
warning: Frontier/CHD/WinScanB.lean:458:18: `if_pos` has been deprecated: Use `ite_eq_left` instead
warning: Frontier/CHD/WinScanB.lean:459:18: `if_pos` has been deprecated: Use `ite_eq_left` instead
warning: Frontier/CHD/WinScanB.lean:464:14: `if_pos` has been deprecated: Use `ite_eq_left` instead
warning: Frontier/CHD/WinScanB.lean:466:14: `if_pos` has been deprecated: Use `ite_eq_left` instead
⚠ [2419/2548] Replayed Frontier.CHD.RemoveU
warning: Frontier/CHD/RemoveU.lean:264:4: `if_true` has been deprecated: Use `ite_true` instead
warning: Frontier/CHD/RemoveU.lean:264:62: This simp argument is unused:
  ite_true

Hint: Omit it from the simp argument list.
  [apply] simp (config := { decide := true }) only [wp, gDel, rb, evalW_var, evalW_add', evalW_mul', evalW_sub',
    evalW_load', evalW_lit', State.charge_w, State.setW_w, State.charge_wa, State.setW_wa, State.storeW_wa,
    State.charge_wlen, State.setW_wlen, State.storeW_wlen, State.charge_cap, State.setW_cap, State.storeW_cap,
    State.storeW_w, hl, hn, hpx, Option.bind_some, fit_of_lt hln, fit_of_lt c1, fit_of_lt c0, fit_of_lt f1,
    fit_of_lt f2, fit_of_lt f3, fit_of_lt f4, fit_of_lt f5, fit_of_lt hadd, i1, i2, i3, i4, i5, i6, i7, if_true, hgx,
    Nat.add_sub_cancel, hgsj, hglj, hq0, hymem, ite_false]

Note: This linter can be disabled with `set_option linter.unusedSimpArgs false`
warning: Frontier/CHD/RemoveU.lean:328:6: `if_pos` has been deprecated: Use `ite_eq_left` instead
warning: Frontier/CHD/RemoveU.lean:339:6: `if_pos` has been deprecated: Use `ite_eq_left` instead
warning: Frontier/CHD/RemoveU.lean:352:6: `if_pos` has been deprecated: Use `ite_eq_left` instead
warning: Frontier/CHD/RemoveU.lean:419:50: `if_pos` has been deprecated: Use `ite_eq_left` instead
warning: Frontier/CHD/RemoveU.lean:425:45: `if_pos` has been deprecated: Use `ite_eq_left` instead
warning: Frontier/CHD/RemoveU.lean:441:51: `if_neg` has been deprecated: Use `ite_eq_right` instead
warning: Frontier/CHD/RemoveU.lean:443:10: `if_neg` has been deprecated: Use `ite_eq_right` instead
warning: Frontier/CHD/RemoveU.lean:548:12: `if_pos` has been deprecated: Use `ite_eq_left` instead
warning: Frontier/CHD/RemoveU.lean:550:12: `if_neg` has been deprecated: Use `ite_eq_right` instead
warning: Frontier/CHD/RemoveU.lean:552:12: `if_pos` has been deprecated: Use `ite_eq_left` instead
warning: Frontier/CHD/RemoveU.lean:553:12: `if_neg` has been deprecated: Use `ite_eq_right` instead
warning: Frontier/CHD/RemoveU.lean:556:12: `if_pos` has been deprecated: Use `ite_eq_left` instead
warning: Frontier/CHD/RemoveU.lean:564:12: `if_neg` has been deprecated: Use `ite_eq_right` instead
warning: Frontier/CHD/RemoveU.lean:589:47: `if_neg` has been deprecated: Use `ite_eq_right` instead
warning: Frontier/CHD/RemoveU.lean:609:6: `if_pos` has been deprecated: Use `ite_eq_left` instead
warning: Frontier/CHD/RemoveU.lean:604:76: Variable name `hl1` is not explicitly referenced.

Hint: The binding can be removed (if unused) or named `_` (if used implicitly). Alternatively, prefix the name with `_` to silence this warning:
  [apply] _hl1

Note: This linter can be disabled with `set_option linter.unusedVariables false`
warning: Frontier/CHD/RemoveU.lean:636:101: `if_pos` has been deprecated: Use `ite_eq_left` instead
warning: Frontier/CHD/RemoveU.lean:714:62: `if_neg` has been deprecated: Use `ite_eq_right` instead
⚠ [2420/2548] Replayed Frontier.CHD.DInsDL
warning: Frontier/CHD/DInsDL.lean:52:13: `if_pos` has been deprecated: Use `ite_eq_left` instead
warning: Frontier/CHD/DInsDL.lean:93:47: `if_true` has been deprecated: Use `ite_true` instead
warning: Frontier/CHD/DInsDL.lean:199:14: `if_neg` has been deprecated: Use `ite_eq_right` instead
warning: Frontier/CHD/DInsDL.lean:201:71: `if_false` has been deprecated: Use `ite_false` instead
warning: Frontier/CHD/DInsDL.lean:206:69: `if_false` has been deprecated: Use `ite_false` instead
warning: Frontier/CHD/DInsDL.lean:94:96: This simp argument is unused:
  YB

Hint: Omit it from the simp argument list.
  [apply] simp

Note: This linter can be disabled with `set_option linter.unusedSimpArgs false`
warning: Frontier/CHD/DInsDL.lean:95:72: This simp argument is unused:
  YB

Hint: Omit it from the simp argument list.
  [apply] simp

Note: This linter can be disabled with `set_option linter.unusedSimpArgs false`
warning: Frontier/CHD/DInsDL.lean:140:22: This simp argument is unused:
  Function.update_apply

Hint: Omit it from the simp argument list.
  [apply] simp [show l ≠ lo by omega]

Note: This linter can be disabled with `set_option linter.unusedSimpArgs false`
⚠ [2421/2548] Replayed Frontier.CHD.WinScanC
warning: Frontier/CHD/WinScanC.lean:267:79: `if_pos` has been deprecated: Use `ite_eq_left` instead
warning: Frontier/CHD/WinScanC.lean:383:45: `if_neg` has been deprecated: Use `ite_eq_right` instead
warning: Frontier/CHD/WinScanC.lean:386:40: `if_pos` has been deprecated: Use `ite_eq_left` instead
warning: Frontier/CHD/WinScanC.lean:394:16: `if_neg` has been deprecated: Use `ite_eq_right` instead
warning: Frontier/CHD/WinScanC.lean:409:8: `if_neg` has been deprecated: Use `ite_eq_right` instead
warning: Frontier/CHD/WinScanC.lean:451:6: `push_neg` has been deprecated. Prefer using `push Not` instead.
If you'd rather continue using `push_neg` in your project, you can implement it as follows:
```
open Lean.Parser.Tactic in
macro "push_neg" cfg:optConfig loc:(location)? : tactic =>
  `(tactic| push $cfg:optConfig Not $[$loc]?)
```
warning: Frontier/CHD/WinScanC.lean:454:6: `push_neg` has been deprecated. Prefer using `push Not` instead.
If you'd rather continue using `push_neg` in your project, you can implement it as follows:
```
open Lean.Parser.Tactic in
macro "push_neg" cfg:optConfig loc:(location)? : tactic =>
  `(tactic| push $cfg:optConfig Not $[$loc]?)
```
⚠ [2422/2548] Replayed Frontier.CHD.SynFrame
warning: Frontier/CHD/SynFrame.lean:166:23: This simp argument is unused:
  Option.bind_some

Hint: Omit it from the simp argument list.
  [apply] simp only [h1] at h

Note: This linter can be disabled with `set_option linter.unusedSimpArgs false`
info: Frontier/CHD/SynFrame.lean:257:0: 'Frontier.RAM.exec_frame' depends on axioms: [propext, Classical.choice, Quot.sound]
⚠ [2424/2548] Replayed Frontier.CHD.SpineIter
warning: Frontier/CHD/SpineIter.lean:130:79: This simp argument is unused:
  KC

Hint: Omit it from the simp argument list.
  [apply] simp

Note: This linter can be disabled with `set_option linter.unusedSimpArgs false`
warning: Frontier/CHD/SpineIter.lean:190:79: This simp argument is unused:
  KC

Hint: Omit it from the simp argument list.
  [apply] simp

Note: This linter can be disabled with `set_option linter.unusedSimpArgs false`
⚠ [2425/2548] Replayed Frontier.CHD.SpineA
warning: Frontier/CHD/SpineA.lean:24:5: Variable name `τ` is not explicitly referenced.

Hint: The binding can be removed (if unused) or named `_` (if used implicitly). Alternatively, prefix the name with `_` to silence this warning:
  [apply] _τ

Note: This linter can be disabled with `set_option linter.unusedVariables false`
⚠ [2426/2548] Replayed Frontier.CHD.AppendU
warning: Frontier/CHD/AppendU.lean:140:12: `if_pos` has been deprecated: Use `ite_eq_left` instead
warning: Frontier/CHD/AppendU.lean:141:12: `if_neg` has been deprecated: Use `ite_eq_right` instead
warning: Frontier/CHD/AppendU.lean:144:74: `if_neg` has been deprecated: Use `ite_eq_right` instead
warning: Frontier/CHD/AppendU.lean:150:8: `if_neg` has been deprecated: Use `ite_eq_right` instead
warning: Frontier/CHD/AppendU.lean:153:8: `if_neg` has been deprecated: Use `ite_eq_right` instead
warning: Frontier/CHD/AppendU.lean:159:80: `if_false` has been deprecated: Use `ite_false` instead
warning: Frontier/CHD/AppendU.lean:173:61: `if_neg` has been deprecated: Use `ite_eq_right` instead
warning: Frontier/CHD/AppendU.lean:207:6: `if_pos` has been deprecated: Use `ite_eq_left` instead
⚠ [2427/2548] Replayed Frontier.CHD.PtrScan
warning: Frontier/CHD/PtrScan.lean:95:15: `if_neg` has been deprecated: Use `ite_eq_right` instead
warning: Frontier/CHD/PtrScan.lean:107:61: `if_pos` has been deprecated: Use `ite_eq_left` instead
warning: Frontier/CHD/PtrScan.lean:128:12: `if_pos` has been deprecated: Use `ite_eq_left` instead
warning: Frontier/CHD/PtrScan.lean:150:20: `if_neg` has been deprecated: Use `ite_eq_right` instead
warning: Frontier/CHD/PtrScan.lean:156:12: `if_neg` has been deprecated: Use `ite_eq_right` instead
warning: Frontier/CHD/PtrScan.lean:165:20: `if_pos` has been deprecated: Use `ite_eq_left` instead
warning: Frontier/CHD/PtrScan.lean:172:61: `if_neg` has been deprecated: Use `ite_eq_right` instead
warning: Frontier/CHD/PtrScan.lean:187:18: `if_pos` has been deprecated: Use `ite_eq_left` instead
warning: Frontier/CHD/PtrScan.lean:191:14: `if_pos` has been deprecated: Use `ite_eq_left` instead
warning: Frontier/CHD/PtrScan.lean:274:19: `if_pos` has been deprecated: Use `ite_eq_left` instead
warning: Frontier/CHD/PtrScan.lean:278:14: `if_neg` has been deprecated: Use `ite_eq_right` instead
⚠ [2428/2548] Replayed Frontier.CHD.BMFresh
warning: Frontier/CHD/BMFresh.lean:33:38: `if_false` has been deprecated: Use `ite_false` instead
⚠ [2432/2548] Replayed Frontier.CHD.InsSeg
warning: Frontier/CHD/InsSeg.lean:89:8: `List.take_succ` has been deprecated: Use `List.take_add_one` instead
warning: Frontier/CHD/InsSeg.lean:113:51: `if_neg` has been deprecated: Use `ite_eq_right` instead
warning: Frontier/CHD/InsSeg.lean:171:51: `if_pos` has been deprecated: Use `ite_eq_left` instead
warning: Frontier/CHD/InsSeg.lean:122:88: Used `tac1 <;> tac2` where `(tac1; tac2)` would suffice

Note: This linter can be disabled with `set_option linter.unnecessarySeqFocus false`
⚠ [2433/2548] Replayed Frontier.CHD.BaseConv
warning: Frontier/CHD/BaseConv.lean:36:60: This simp argument is unused:
  Set.mem_range

Hint: Omit it from the simp argument list.
  [apply] simp only [IHeap.T, Finset.mem_image, Finset.mem_range]

Note: This linter can be disabled with `set_option linter.unusedSimpArgs false`
⚠ [2436/2548] Replayed Frontier.CHD.BaseConvDL
warning: Frontier/CHD/BaseConvDL.lean:156:8: `List.take_succ` has been deprecated: Use `List.take_add_one` instead
warning: Frontier/CHD/BaseConvDL.lean:186:52: `if_neg` has been deprecated: Use `ite_eq_right` instead
warning: Frontier/CHD/BaseConvDL.lean:263:52: `if_pos` has been deprecated: Use `ite_eq_left` instead
⚠ [2439/2548] Replayed Frontier.CHD.RamWp
warning: Frontier/CHD/RamWp.lean:84:6: `List.take_succ` has been deprecated: Use `List.take_add_one` instead
warning: Frontier/CHD/RamWp.lean:187:52: `if_neg` has been deprecated: Use `ite_eq_right` instead
warning: Frontier/CHD/RamWp.lean:275:49: `if_pos` has been deprecated: Use `ite_eq_left` instead
warning: Frontier/CHD/RamWp.lean:355:41: `if_false` has been deprecated: Use `ite_false` instead
warning: Frontier/CHD/RamWp.lean:373:16: `if_neg` has been deprecated: Use `ite_eq_right` instead
warning: Frontier/CHD/RamWp.lean:387:43: `if_false` has been deprecated: Use `ite_false` instead
warning: Frontier/CHD/RamWp.lean:396:49: `if_neg` has been deprecated: Use `ite_eq_right` instead
warning: Frontier/CHD/RamWp.lean:424:52: `if_pos` has been deprecated: Use `ite_eq_left` instead
warning: Frontier/CHD/RamWp.lean:174:88: Used `tac1 <;> tac2` where `(tac1; tac2)` would suffice

Note: This linter can be disabled with `set_option linter.unnecessarySeqFocus false`
warning: Frontier/CHD/RamWp.lean:243:49: Used `tac1 <;> tac2` where `(tac1; tac2)` would suffice

Note: This linter can be disabled with `set_option linter.unnecessarySeqFocus false`
⚠ [2441/2548] Replayed Frontier.CHD.WinScanD
warning: Frontier/CHD/WinScanD.lean:43:8: `if_pos` has been deprecated: Use `ite_eq_left` instead
warning: Frontier/CHD/WinScanD.lean:43:19: `if_pos` has been deprecated: Use `ite_eq_left` instead
warning: Frontier/CHD/WinScanD.lean:48:19: `if_pos` has been deprecated: Use `ite_eq_left` instead
warning: Frontier/CHD/WinScanD.lean:49:19: `if_neg` has been deprecated: Use `ite_eq_right` instead
warning: Frontier/CHD/WinScanD.lean:50:8: `if_neg` has been deprecated: Use `ite_eq_right` instead
warning: Frontier/CHD/WinScanD.lean:50:19: `if_neg` has been deprecated: Use `ite_eq_right` instead
warning: Frontier/CHD/WinScanD.lean:45:52: Used `tac1 <;> tac2` where `(tac1; tac2)` would suffice

Note: This linter can be disabled with `set_option linter.unnecessarySeqFocus false`
warning: Frontier/CHD/WinScanD.lean:48:57: Used `tac1 <;> tac2` where `(tac1; tac2)` would suffice

Note: This linter can be disabled with `set_option linter.unnecessarySeqFocus false`
warning: Frontier/CHD/WinScanD.lean:49:57: Used `tac1 <;> tac2` where `(tac1; tac2)` would suffice

Note: This linter can be disabled with `set_option linter.unnecessarySeqFocus false`
warning: Frontier/CHD/WinScanD.lean:51:42: Used `tac1 <;> tac2` where `(tac1; tac2)` would suffice

Note: This linter can be disabled with `set_option linter.unnecessarySeqFocus false`
warning: Frontier/CHD/WinScanD.lean:75:32: `if_neg` has been deprecated: Use `ite_eq_right` instead
warning: Frontier/CHD/WinScanD.lean:77:60: Used `tac1 <;> tac2` where `(tac1; tac2)` would suffice

Note: This linter can be disabled with `set_option linter.unnecessarySeqFocus false`
warning: Frontier/CHD/WinScanD.lean:130:42: Used `tac1 <;> tac2` where `(tac1; tac2)` would suffice

Note: This linter can be disabled with `set_option linter.unnecessarySeqFocus false`
⚠ [2443/2548] Replayed Frontier.CHD.WinScanE
warning: Frontier/CHD/WinScanE.lean:108:8: `if_neg` has been deprecated: Use `ite_eq_right` instead
warning: Frontier/CHD/WinScanE.lean:108:33: `if_pos` has been deprecated: Use `ite_eq_left` instead
warning: Frontier/CHD/WinScanE.lean:108:45: `if_pos` has been deprecated: Use `ite_eq_left` instead
warning: Frontier/CHD/WinScanE.lean:109:8: `if_pos` has been deprecated: Use `ite_eq_left` instead
warning: Frontier/CHD/WinScanE.lean:109:35: `if_neg` has been deprecated: Use `ite_eq_right` instead
warning: Frontier/CHD/WinScanE.lean:109:55: `if_neg` has been deprecated: Use `ite_eq_right` instead
warning: Frontier/CHD/WinScanE.lean:162:8: `if_pos` has been deprecated: Use `ite_eq_left` instead
warning: Frontier/CHD/WinScanE.lean:168:19: `if_pos` has been deprecated: Use `ite_eq_left` instead
warning: Frontier/CHD/WinScanE.lean:169:19: `if_neg` has been deprecated: Use `ite_eq_right` instead
warning: Frontier/CHD/WinScanE.lean:170:8: `if_neg` has been deprecated: Use `ite_eq_right` instead
warning: Frontier/CHD/WinScanE.lean:318:45: `if_pos` has been deprecated: Use `ite_eq_left` instead
warning: Frontier/CHD/WinScanE.lean:319:15: `if_pos` has been deprecated: Use `ite_eq_left` instead
warning: Frontier/CHD/WinScanE.lean:320:8: `if_pos` has been deprecated: Use `ite_eq_left` instead
warning: Frontier/CHD/WinScanE.lean:320:8: `if_pos` has been deprecated: Use `ite_eq_left` instead
warning: Frontier/CHD/WinScanE.lean:340:10: `if_pos` has been deprecated: Use `ite_eq_left` instead
warning: Frontier/CHD/WinScanE.lean:341:58: `if_pos` has been deprecated: Use `ite_eq_left` instead
warning: Frontier/CHD/WinScanE.lean:398:10: `if_neg` has been deprecated: Use `ite_eq_right` instead
warning: Frontier/CHD/WinScanE.lean:399:58: `if_neg` has been deprecated: Use `ite_eq_right` instead
warning: Frontier/CHD/WinScanE.lean:415:45: `if_neg` has been deprecated: Use `ite_eq_right` instead
warning: Frontier/CHD/WinScanE.lean:416:15: `if_neg` has been deprecated: Use `ite_eq_right` instead
warning: Frontier/CHD/WinScanE.lean:420:32: `if_neg` has been deprecated: Use `ite_eq_right` instead
warning: Frontier/CHD/WinScanE.lean:551:15: `if_neg` has been deprecated: Use `ite_eq_right` instead
warning: Frontier/CHD/WinScanE.lean:570:61: `if_pos` has been deprecated: Use `ite_eq_left` instead
warning: Frontier/CHD/WinScanE.lean:592:12: `if_pos` has been deprecated: Use `ite_eq_left` instead
warning: Frontier/CHD/WinScanE.lean:673:20: `if_neg` has been deprecated: Use `ite_eq_right` instead
warning: Frontier/CHD/WinScanE.lean:677:20: `if_neg` has been deprecated: Use `ite_eq_right` instead
warning: Frontier/CHD/WinScanE.lean:691:12: `if_neg` has been deprecated: Use `ite_eq_right` instead
warning: Frontier/CHD/WinScanE.lean:715:20: `if_pos` has been deprecated: Use `ite_eq_left` instead
warning: Frontier/CHD/WinScanE.lean:718:20: `if_pos` has been deprecated: Use `ite_eq_left` instead
warning: Frontier/CHD/WinScanE.lean:727:61: `if_neg` has been deprecated: Use `ite_eq_right` instead
warning: Frontier/CHD/WinScanE.lean:751:18: `if_pos` has been deprecated: Use `ite_eq_left` instead
warning: Frontier/CHD/WinScanE.lean:752:18: `if_pos` has been deprecated: Use `ite_eq_left` instead
warning: Frontier/CHD/WinScanE.lean:757:14: `if_pos` has been deprecated: Use `ite_eq_left` instead
warning: Frontier/CHD/WinScanE.lean:759:14: `if_pos` has been deprecated: Use `ite_eq_left` instead
warning: Frontier/CHD/WinScanE.lean:787:5: Variable name `hm` is not explicitly referenced.

Hint: The binding can be removed (if unused) or named `_` (if used implicitly). Alternatively, prefix the name with `_` to silence this warning:
  [apply] _hm

Note: This linter can be disabled with `set_option linter.unusedVariables false`
warning: Frontier/CHD/WinScanE.lean:815:6: `dif_pos` has been deprecated: Use `dite_eq_left` instead
warning: Frontier/CHD/WinScanE.lean:985:79: `if_pos` has been deprecated: Use `ite_eq_left` instead
warning: Frontier/CHD/WinScanE.lean:1064:26: `if_pos` has been deprecated: Use `ite_eq_left` instead
warning: Frontier/CHD/WinScanE.lean:1065:26: `if_neg` has been deprecated: Use `ite_eq_right` instead
warning: Frontier/CHD/WinScanE.lean:1067:24: `if_neg` has been deprecated: Use `ite_eq_right` instead
warning: Frontier/CHD/WinScanE.lean:1070:8: `push_neg` has been deprecated. Prefer using `push Not` instead.
If you'd rather continue using `push_neg` in your project, you can implement it as follows:
```
open Lean.Parser.Tactic in
macro "push_neg" cfg:optConfig loc:(location)? : tactic =>
  `(tactic| push $cfg:optConfig Not $[$loc]?)
```
warning: Frontier/CHD/WinScanE.lean:1077:61: `if_pos` has been deprecated: Use `ite_eq_left` instead
warning: Frontier/CHD/WinScanE.lean:1161:45: `if_neg` has been deprecated: Use `ite_eq_right` instead
warning: Frontier/CHD/WinScanE.lean:1164:40: `if_pos` has been deprecated: Use `ite_eq_left` instead
warning: Frontier/CHD/WinScanE.lean:1172:16: `if_neg` has been deprecated: Use `ite_eq_right` instead
warning: Frontier/CHD/WinScanE.lean:1195:8: `if_neg` has been deprecated: Use `ite_eq_right` instead
warning: Frontier/CHD/WinScanE.lean:1388:42: Used `tac1 <;> tac2` where `(tac1; tac2)` would suffice

Note: This linter can be disabled with `set_option linter.unnecessarySeqFocus false`
⚠ [2445/2548] Replayed Frontier.CHD.L6.TopGlue
warning: Frontier/CHD/L6/TopGlue.lean:29:50: Variable name `cn` is not explicitly referenced.

Hint: The binding can be removed (if unused) or named `_` (if used implicitly). Alternatively, prefix the name with `_` to silence this warning:
  [apply] _cn

Note: This linter can be disabled with `set_option linter.unusedVariables false`
warning: Frontier/CHD/L6/TopGlue.lean:29:53: Variable name `cm` is not explicitly referenced.

Hint: The binding can be removed (if unused) or named `_` (if used implicitly). Alternatively, prefix the name with `_` to silence this warning:
  [apply] _cm

Note: This linter can be disabled with `set_option linter.unusedVariables false`
warning: Frontier/CHD/L6/TopGlue.lean:30:26: Variable name `src` is not explicitly referenced.

Hint: The binding can be removed (if unused) or named `_` (if used implicitly). Alternatively, prefix the name with `_` to silence this warning:
  [apply] _src

Note: This linter can be disabled with `set_option linter.unusedVariables false`
warning: Frontier/CHD/L6/TopGlue.lean:30:42: Variable name `cn` is not explicitly referenced.

Hint: The binding can be removed (if unused) or named `_` (if used implicitly). Alternatively, prefix the name with `_` to silence this warning:
  [apply] _cn

Note: This linter can be disabled with `set_option linter.unusedVariables false`
warning: Frontier/CHD/L6/TopGlue.lean:30:45: Variable name `cm` is not explicitly referenced.

Hint: The binding can be removed (if unused) or named `_` (if used implicitly). Alternatively, prefix the name with `_` to silence this warning:
  [apply] _cm

Note: This linter can be disabled with `set_option linter.unusedVariables false`
warning: Frontier/CHD/L6/TopGlue.lean:48:42: Variable name `cn` is not explicitly referenced.

Hint: The binding can be removed (if unused) or named `_` (if used implicitly). Alternatively, prefix the name with `_` to silence this warning:
  [apply] _cn

Note: This linter can be disabled with `set_option linter.unusedVariables false`
warning: Frontier/CHD/L6/TopGlue.lean:48:45: Variable name `cm` is not explicitly referenced.

Hint: The binding can be removed (if unused) or named `_` (if used implicitly). Alternatively, prefix the name with `_` to silence this warning:
  [apply] _cm

Note: This linter can be disabled with `set_option linter.unusedVariables false`
warning: Frontier/CHD/L6/TopGlue.lean:49:26: Variable name `src` is not explicitly referenced.

Hint: The binding can be removed (if unused) or named `_` (if used implicitly). Alternatively, prefix the name with `_` to silence this warning:
  [apply] _src

Note: This linter can be disabled with `set_option linter.unusedVariables false`
warning: Frontier/CHD/L6/TopGlue.lean:49:42: Variable name `cn` is not explicitly referenced.

Hint: The binding can be removed (if unused) or named `_` (if used implicitly). Alternatively, prefix the name with `_` to silence this warning:
  [apply] _cn

Note: This linter can be disabled with `set_option linter.unusedVariables false`
warning: Frontier/CHD/L6/TopGlue.lean:49:45: Variable name `cm` is not explicitly referenced.

Hint: The binding can be removed (if unused) or named `_` (if used implicitly). Alternatively, prefix the name with `_` to silence this warning:
  [apply] _cm

Note: This linter can be disabled with `set_option linter.unusedVariables false`
info: Frontier/CHD/L6/TopGlue.lean:110:0: 'Frontier.CHD.L6.callSpec_of_ramSpine' depends on axioms: [propext, Classical.choice, Quot.sound]
⚠ [2447/2548] Replayed Frontier.CHD.L6.ProBlow
warning: Frontier/CHD/L6/ProBlow.lean:37:6: `if_pos` has been deprecated: Use `ite_eq_left` instead
info: Frontier/CHD/L6/ProBlow.lean:125:0: 'Frontier.CHD.L6.blowProg_runs' depends on axioms: [propext, Classical.choice, Quot.sound]
ℹ [2448/2548] Replayed Frontier.CHD.L6.ProMain
info: Frontier/CHD/L6/ProMain.lean:190:0: 'Frontier.CHD.L6.partA_runs' depends on axioms: [propext, Classical.choice, Quot.sound]
⚠ [2449/2548] Replayed Frontier.CHD.PtrLoop
warning: Frontier/CHD/PtrLoop.lean:121:52: `if_neg` has been deprecated: Use `ite_eq_right` instead
warning: Frontier/CHD/PtrLoop.lean:146:10: `List.take_succ` has been deprecated: Use `List.take_add_one` instead
warning: Frontier/CHD/PtrLoop.lean:213:52: `if_pos` has been deprecated: Use `ite_eq_left` instead
warning: Frontier/CHD/PtrLoop.lean:157:17: This simp argument is unused:
  Fin.val_mk

Hint: Omit it from the simp argument list.
  [apply] simp only

Note: This linter can be disabled with `set_option linter.unusedSimpArgs false`
warning: Frontier/CHD/PtrLoop.lean:187:56: This simp argument is unused:
  Fin.val_mk

Hint: Omit it from the simp argument list.
  [apply] simp only [hr4, State.charge_wa, State.setW_wa]

Note: This linter can be disabled with `set_option linter.unusedSimpArgs false`
warning: Frontier/CHD/PtrLoop.lean:211:17: This simp argument is unused:
  Fin.val_mk

Hint: Omit it from the simp argument list.
  [apply] simp only at hc3b

Note: This linter can be disabled with `set_option linter.unusedSimpArgs false`
⚠ [2450/2548] Replayed Frontier.CHD.RamBodyA
warning: Frontier/CHD/RamBodyA.lean:70:8: `if_pos` has been deprecated: Use `ite_eq_left` instead
warning: Frontier/CHD/RamBodyA.lean:70:19: `if_pos` has been deprecated: Use `ite_eq_left` instead
warning: Frontier/CHD/RamBodyA.lean:74:8: `if_neg` has been deprecated: Use `ite_eq_right` instead
warning: Frontier/CHD/RamBodyA.lean:74:19: `if_neg` has been deprecated: Use `ite_eq_right` instead
warning: Frontier/CHD/RamBodyA.lean:83:8: `if_pos` has been deprecated: Use `ite_eq_left` instead
warning: Frontier/CHD/RamBodyA.lean:90:8: `if_neg` has been deprecated: Use `ite_eq_right` instead
warning: Frontier/CHD/RamBodyA.lean:154:38: `if_pos` has been deprecated: Use `ite_eq_left` instead
warning: Frontier/CHD/RamBodyA.lean:232:79: `if_pos` has been deprecated: Use `ite_eq_left` instead
warning: Frontier/CHD/RamBodyA.lean:233:85: `if_neg` has been deprecated: Use `ite_eq_right` instead
warning: Frontier/CHD/RamBodyA.lean:299:21: Variable name `hpre` is not explicitly referenced.

Hint: The binding can be removed (if unused) or named `_` (if used implicitly). Alternatively, prefix the name with `_` to silence this warning:
  [apply] _hpre

Note: This linter can be disabled with `set_option linter.unusedVariables false`
⚠ [2452/2548] Replayed Frontier.CHD.CmpTTI
warning: Frontier/CHD/CmpTTI.lean:60:23: `dif_pos` has been deprecated: Use `dite_eq_left` instead
warning: Frontier/CHD/CmpTTI.lean:60:36: `dif_pos` has been deprecated: Use `dite_eq_left` instead
⚠ [2453/2548] Replayed Frontier.CHD.ReselectRAM
warning: Frontier/CHD/ReselectRAM.lean:140:29: This simp argument is unused:
  List.filterMap_cons

Hint: Omit it from the simp argument list.
  [apply] simp [h]

Note: This linter can be disabled with `set_option linter.unusedSimpArgs false`
warning: Frontier/CHD/ReselectRAM.lean:153:20: `if_true` has been deprecated: Use `ite_true` instead
warning: Frontier/CHD/ReselectRAM.lean:155:20: `if_false` has been deprecated: Use `ite_false` instead
warning: Frontier/CHD/ReselectRAM.lean:155:30: `dif_pos` has been deprecated: Use `dite_eq_left` instead
warning: Frontier/CHD/ReselectRAM.lean:218:6: `if_pos` has been deprecated: Use `ite_eq_left` instead
warning: Frontier/CHD/ReselectRAM.lean:230:6: `if_pos` has been deprecated: Use `ite_eq_left` instead
warning: Frontier/CHD/ReselectRAM.lean:456:12: `if_pos` has been deprecated: Use `ite_eq_left` instead
warning: Frontier/CHD/ReselectRAM.lean:459:12: `if_neg` has been deprecated: Use `ite_eq_right` instead
warning: Frontier/CHD/ReselectRAM.lean:518:10: `if_neg` has been deprecated: Use `ite_eq_right` instead
warning: Frontier/CHD/ReselectRAM.lean:520:10: `if_neg` has been deprecated: Use `ite_eq_right` instead
warning: Frontier/CHD/ReselectRAM.lean:527:33: `if_neg` has been deprecated: Use `ite_eq_right` instead
warning: Frontier/CHD/ReselectRAM.lean:535:14: `if_neg` has been deprecated: Use `ite_eq_right` instead
warning: Frontier/CHD/ReselectRAM.lean:586:78: `if_neg` has been deprecated: Use `ite_eq_right` instead
warning: Frontier/CHD/ReselectRAM.lean:587:77: `if_neg` has been deprecated: Use `ite_eq_right` instead
warning: Frontier/CHD/ReselectRAM.lean:604:31: `if_neg` has been deprecated: Use `ite_eq_right` instead
warning: Frontier/CHD/ReselectRAM.lean:575:69: This simp argument is unused:
  List.mem_singleton

Hint: Omit it from the simp argument list.
  [apply] simp only [List.cons_append, List.mem_cons, List.mem_append, List.not_mem_nil, or_false] at ha

Note: This linter can be disabled with `set_option linter.unusedSimpArgs false`
warning: Frontier/CHD/ReselectRAM.lean:597:69: This simp argument is unused:
  List.mem_singleton

Hint: Omit it from the simp argument list.
  [apply] simp only [List.cons_append, List.mem_cons, List.mem_append, List.not_mem_nil, or_false] at ha

Note: This linter can be disabled with `set_option linter.unusedSimpArgs false`
warning: Frontier/CHD/ReselectRAM.lean:711:97: `if_pos` has been deprecated: Use `ite_eq_left` instead
⚠ [2455/2548] Replayed Frontier.CHD.RamBodyI
warning: Frontier/CHD/RamBodyI.lean:169:5: Variable name `hu` is not explicitly referenced.

Hint: The binding can be removed (if unused) or named `_` (if used implicitly). Alternatively, prefix the name with `_` to silence this warning:
  [apply] _hu

Note: This linter can be disabled with `set_option linter.unusedVariables false`
warning: Frontier/CHD/RamBodyI.lean:252:83: This simp argument is unused:
  not_lt.mpr

Hint: Omit it from the simp argument list.
  [apply] simp [h1, h2, not_lt.mp]

Note: This linter can be disabled with `set_option linter.unusedSimpArgs false`
warning: Frontier/CHD/RamBodyI.lean:255:44: This simp argument is unused:
  fit_of_lt (show 1 < r6.cap by omega)

Hint: Omit it from the simp argument list.
  [apply] simp only [evalW_mul', evalW_eq', evalW_var, evalW_lit', hl16, hl2', Option.bind_some,
    fit_of_lt (show 0 < r6.cap by omega)]

Note: This linter can be disabled with `set_option linter.unusedSimpArgs false`
warning: Frontier/CHD/RamBodyI.lean:415:22: `dif_pos` has been deprecated: Use `dite_eq_left` instead
warning: Frontier/CHD/RamBodyI.lean:415:35: `dif_pos` has been deprecated: Use `dite_eq_left` instead
ℹ [2457/2548] Replayed Frontier.CHD.L6.TauCap
info: Frontier/CHD/L6/TauCap.lean:109:0: 'Frontier.CHD.L6.tau_M_cap' depends on axioms: [propext, Classical.choice, Quot.sound]
info: Frontier/CHD/L6/TauCap.lean:110:0: 'Frontier.CHD.L6.chdM_two_cap' depends on axioms: [propext, Classical.choice, Quot.sound]
⚠ [2458/2548] Replayed Frontier.CHD.L6.ProFinal
warning: Frontier/CHD/L6/ProFinal.lean:163:42: Variable name `cn` is not explicitly referenced.

Hint: The binding can be removed (if unused) or named `_` (if used implicitly). Alternatively, prefix the name with `_` to silence this warning:
  [apply] _cn

Note: This linter can be disabled with `set_option linter.unusedVariables false`
warning: Frontier/CHD/L6/ProFinal.lean:163:45: Variable name `cm` is not explicitly referenced.

Hint: The binding can be removed (if unused) or named `_` (if used implicitly). Alternatively, prefix the name with `_` to silence this warning:
  [apply] _cm

Note: This linter can be disabled with `set_option linter.unusedVariables false`
warning: Frontier/CHD/L6/ProFinal.lean:164:26: Variable name `src` is not explicitly referenced.

Hint: The binding can be removed (if unused) or named `_` (if used implicitly). Alternatively, prefix the name with `_` to silence this warning:
  [apply] _src

Note: This linter can be disabled with `set_option linter.unusedVariables false`
warning: Frontier/CHD/L6/ProFinal.lean:164:42: Variable name `cn` is not explicitly referenced.

Hint: The binding can be removed (if unused) or named `_` (if used implicitly). Alternatively, prefix the name with `_` to silence this warning:
  [apply] _cn

Note: This linter can be disabled with `set_option linter.unusedVariables false`
warning: Frontier/CHD/L6/ProFinal.lean:164:45: Variable name `cm` is not explicitly referenced.

Hint: The binding can be removed (if unused) or named `_` (if used implicitly). Alternatively, prefix the name with `_` to silence this warning:
  [apply] _cm

Note: This linter can be disabled with `set_option linter.unusedVariables false`
info: Frontier/CHD/L6/ProFinal.lean:458:0: 'Frontier.CHD.L6.proSpec_spinePro' depends on axioms: [propext, Classical.choice, Quot.sound]
⚠ [2459/2548] Replayed Frontier.CHD.L6.FinalRoute
warning: Frontier/CHD/L6/FinalRoute.lean:27:42: Variable name `cn` is not explicitly referenced.

Hint: The binding can be removed (if unused) or named `_` (if used implicitly). Alternatively, prefix the name with `_` to silence this warning:
  [apply] _cn

Note: This linter can be disabled with `set_option linter.unusedVariables false`
warning: Frontier/CHD/L6/FinalRoute.lean:27:45: Variable name `cm` is not explicitly referenced.

Hint: The binding can be removed (if unused) or named `_` (if used implicitly). Alternatively, prefix the name with `_` to silence this warning:
  [apply] _cm

Note: This linter can be disabled with `set_option linter.unusedVariables false`
warning: Frontier/CHD/L6/FinalRoute.lean:28:26: Variable name `src` is not explicitly referenced.

Hint: The binding can be removed (if unused) or named `_` (if used implicitly). Alternatively, prefix the name with `_` to silence this warning:
  [apply] _src

Note: This linter can be disabled with `set_option linter.unusedVariables false`
warning: Frontier/CHD/L6/FinalRoute.lean:28:42: Variable name `cn` is not explicitly referenced.

Hint: The binding can be removed (if unused) or named `_` (if used implicitly). Alternatively, prefix the name with `_` to silence this warning:
  [apply] _cn

Note: This linter can be disabled with `set_option linter.unusedVariables false`
warning: Frontier/CHD/L6/FinalRoute.lean:28:45: Variable name `cm` is not explicitly referenced.

Hint: The binding can be removed (if unused) or named `_` (if used implicitly). Alternatively, prefix the name with `_` to silence this warning:
  [apply] _cm

Note: This linter can be disabled with `set_option linter.unusedVariables false`
info: Frontier/CHD/L6/FinalRoute.lean:60:0: 'Frontier.CHD.L6.chdTarget_of_spineParts' depends on axioms: [propext, Classical.choice, Quot.sound]
⚠ [2460/2548] Replayed Frontier.CHD.KeyLists
warning: Frontier/CHD/KeyLists.lean:71:63: This simp argument is unused:
  List.mem_singleton

Hint: Omit it from the simp argument list.
  [apply] simp only [List.cons_append, List.mem_cons, List.mem_append] at hx ⊢

Note: This linter can be disabled with `set_option linter.unusedSimpArgs false`
warning: Frontier/CHD/KeyLists.lean:483:14: This simp argument is unused:
  Function.update_apply

Hint: Omit it from the simp argument list.
  [apply] simp [hx]

Note: This linter can be disabled with `set_option linter.unusedSimpArgs false`
warning: Frontier/CHD/KeyLists.lean:487:14: This simp argument is unused:
  Function.update_apply

Hint: Omit it from the simp argument list.
  [apply] simp [hx]

Note: This linter can be disabled with `set_option linter.unusedSimpArgs false`
warning: Frontier/CHD/KeyLists.lean:903:8: `if_pos` has been deprecated: Use `ite_eq_left` instead
warning: Frontier/CHD/KeyLists.lean:903:48: `if_pos` has been deprecated: Use `ite_eq_left` instead
warning: Frontier/CHD/KeyLists.lean:904:8: `if_neg` has been deprecated: Use `ite_eq_right` instead
warning: Frontier/CHD/KeyLists.lean:904:62: `if_neg` has been deprecated: Use `ite_eq_right` instead
⚠ [2461/2548] Replayed Frontier.CHD.LabTests
warning: Frontier/CHD/LabTests.lean:147:32: `dif_pos` has been deprecated: Use `dite_eq_left` instead
warning: Frontier/CHD/LabTests.lean:168:32: `dif_pos` has been deprecated: Use `dite_eq_left` instead
⚠ [2463/2548] Replayed Frontier.CHD.LtBiI
warning: Frontier/CHD/LtBiI.lean:45:10: `if_pos` has been deprecated: Use `ite_eq_left` instead
warning: Frontier/CHD/LtBiI.lean:45:22: `if_pos` has been deprecated: Use `ite_eq_left` instead
warning: Frontier/CHD/LtBiI.lean:46:10: `if_neg` has been deprecated: Use `ite_eq_right` instead
warning: Frontier/CHD/LtBiI.lean:46:22: `if_neg` has been deprecated: Use `ite_eq_right` instead
⚠ [2464/2548] Replayed Frontier.CHD.DLayerInst
warning: Frontier/CHD/DLayerInst.lean:173:43: Variable name `a` is not explicitly referenced.

Hint: The binding can be removed (if unused) or named `_` (if used implicitly). Alternatively, prefix the name with `_` to silence this warning:
  [apply] _a

Note: This linter can be disabled with `set_option linter.unusedVariables false`
warning: Frontier/CHD/DLayerInst.lean:174:47: Variable name `a` is not explicitly referenced.

Hint: The binding can be removed (if unused) or named `_` (if used implicitly). Alternatively, prefix the name with `_` to silence this warning:
  [apply] _a

Note: This linter can be disabled with `set_option linter.unusedVariables false`
warning: Frontier/CHD/DLayerInst.lean:179:43: Variable name `a` is not explicitly referenced.

Hint: The binding can be removed (if unused) or named `_` (if used implicitly). Alternatively, prefix the name with `_` to silence this warning:
  [apply] _a

Note: This linter can be disabled with `set_option linter.unusedVariables false`
warning: Frontier/CHD/DLayerInst.lean:444:22: `if_true` has been deprecated: Use `ite_true` instead
warning: Frontier/CHD/DLayerInst.lean:448:22: `if_false` has been deprecated: Use `ite_false` instead
warning: Frontier/CHD/DLayerInst.lean:831:75: This simp argument is unused:
  hc1

Hint: Omit it from the simp argument list.
  [apply] simp [hI.jr, hlq, fit, show q.cap ≠ 0 by omega]

Note: This linter can be disabled with `set_option linter.unusedSimpArgs false`
warning: Frontier/CHD/DLayerInst.lean:1153:10: `if_pos` has been deprecated: Use `ite_eq_left` instead
warning: Frontier/CHD/DLayerInst.lean:1159:10: `if_neg` has been deprecated: Use `ite_eq_right` instead
warning: Frontier/CHD/DLayerInst.lean:1262:62: `if_neg` has been deprecated: Use `ite_eq_right` instead
warning: Frontier/CHD/DLayerInst.lean:1266:60: `if_neg` has been deprecated: Use `ite_eq_right` instead
warning: Frontier/CHD/DLayerInst.lean:1266:80: `if_neg` has been deprecated: Use `ite_eq_right` instead
warning: Frontier/CHD/DLayerInst.lean:1274:8: `if_neg` has been deprecated: Use `ite_eq_right` instead
warning: Frontier/CHD/DLayerInst.lean:1274:28: `if_neg` has been deprecated: Use `ite_eq_right` instead
warning: Frontier/CHD/DLayerInst.lean:1274:48: `if_neg` has been deprecated: Use `ite_eq_right` instead
warning: Frontier/CHD/DLayerInst.lean:1292:8: `if_neg` has been deprecated: Use `ite_eq_right` instead
warning: Frontier/CHD/DLayerInst.lean:1292:28: `if_neg` has been deprecated: Use `ite_eq_right` instead
warning: Frontier/CHD/DLayerInst.lean:1292:48: `if_neg` has been deprecated: Use `ite_eq_right` instead
warning: Frontier/CHD/DLayerInst.lean:1292:68: `if_neg` has been deprecated: Use `ite_eq_right` instead
warning: Frontier/CHD/DLayerInst.lean:1327:8: `if_neg` has been deprecated: Use `ite_eq_right` instead
warning: Frontier/CHD/DLayerInst.lean:1327:28: `if_neg` has been deprecated: Use `ite_eq_right` instead
warning: Frontier/CHD/DLayerInst.lean:1327:48: `if_neg` has been deprecated: Use `ite_eq_right` instead
warning: Frontier/CHD/DLayerInst.lean:1327:68: `if_neg` has been deprecated: Use `ite_eq_right` instead
warning: Frontier/CHD/DLayerInst.lean:1332:8: `if_neg` has been deprecated: Use `ite_eq_right` instead
warning: Frontier/CHD/DLayerInst.lean:1332:28: `if_neg` has been deprecated: Use `ite_eq_right` instead
warning: Frontier/CHD/DLayerInst.lean:1336:8: `if_neg` has been deprecated: Use `ite_eq_right` instead
warning: Frontier/CHD/DLayerInst.lean:1336:28: `if_neg` has been deprecated: Use `ite_eq_right` instead
warning: Frontier/CHD/DLayerInst.lean:1336:48: `if_neg` has been deprecated: Use `ite_eq_right` instead
warning: Frontier/CHD/DLayerInst.lean:1336:68: `if_neg` has been deprecated: Use `ite_eq_right` instead
warning: Frontier/CHD/DLayerInst.lean:1373:10: `if_pos` has been deprecated: Use `ite_eq_left` instead
warning: Frontier/CHD/DLayerInst.lean:1496:10: `if_neg` has been deprecated: Use `ite_eq_right` instead
warning: Frontier/CHD/DLayerInst.lean:1470:23: this tactic is never executed

Note: This linter can be disabled with `set_option linter.unreachableTactic false`
warning: Frontier/CHD/DLayerInst.lean:1470:8: Unused tactic linter: `first
| done
| tauto` does nothing

Note: This linter can be disabled with `set_option linter.unusedTactic false`
⚠ [2465/2548] Replayed Frontier.CHD.DMergeI
warning: Frontier/CHD/DMergeI.lean:188:65: `if_pos` has been deprecated: Use `ite_eq_left` instead
warning: Frontier/CHD/DMergeI.lean:195:57: `if_neg` has been deprecated: Use `ite_eq_right` instead
warning: Frontier/CHD/DMergeI.lean:278:16: `if_pos` has been deprecated: Use `ite_eq_left` instead
warning: Frontier/CHD/DMergeI.lean:278:28: `if_pos` has been deprecated: Use `ite_eq_left` instead
warning: Frontier/CHD/DMergeI.lean:279:16: `if_neg` has been deprecated: Use `ite_eq_right` instead
warning: Frontier/CHD/DMergeI.lean:279:28: `if_neg` has been deprecated: Use `ite_eq_right` instead
warning: Frontier/CHD/DMergeI.lean:307:24: `if_neg` has been deprecated: Use `ite_eq_right` instead
warning: Frontier/CHD/DMergeI.lean:335:24: `if_pos` has been deprecated: Use `ite_eq_left` instead
warning: Frontier/CHD/DMergeI.lean:498:8: `if_pos` has been deprecated: Use `ite_eq_left` instead
⚠ [2468/2548] Replayed Frontier.CHD.SpinePost
warning: Frontier/CHD/SpinePost.lean:165:79: This simp argument is unused:
  KC

Hint: Omit it from the simp argument list.
  [apply] simp

Note: This linter can be disabled with `set_option linter.unusedSimpArgs false`
ℹ [2469/2548] Replayed Frontier.CHD.L6.NamedWitness
info: Frontier/CHD/L6/NamedWitness.lean:56:0: 'Frontier.CHD.L6.chdProg_exact_within' depends on axioms: [propext, Classical.choice, Quot.sound]
info: Frontier/CHD/L6/NamedWitness.lean:57:0: 'Frontier.CHD.L6.chdProg_space' depends on axioms: [propext, Classical.choice, Quot.sound]
⚠ [2474/2548] Replayed Frontier.CHD.SpineFirst
warning: Frontier/CHD/SpineFirst.lean:428:15: This simp argument is unused:
  lvlDn

Hint: Omit it from the simp argument list.
  [apply] simp only [evalW_sub', evalW_var, evalW_lit', hl5, Option.bind_some,
    fit_of_lt (show 1 < r5.cap by rw [hcap5]; omega), Nat.add_sub_cancel]

Note: This linter can be disabled with `set_option linter.unusedSimpArgs false`
warning: Frontier/CHD/SpineFirst.lean:624:35: This simp argument is unused:
  KBi

Hint: Omit it from the simp argument list.
  [apply] simp

Note: This linter can be disabled with `set_option linter.unusedSimpArgs false`
⚠ [2476/2548] Replayed Frontier.CHD.L6.DCap
warning: Frontier/CHD/L6/DCap.lean:69:55: Variable name `cn` is not explicitly referenced.

Hint: The binding can be removed (if unused) or named `_` (if used implicitly). Alternatively, prefix the name with `_` to silence this warning:
  [apply] _cn

Note: This linter can be disabled with `set_option linter.unusedVariables false`
warning: Frontier/CHD/L6/DCap.lean:69:58: Variable name `cm` is not explicitly referenced.

Hint: The binding can be removed (if unused) or named `_` (if used implicitly). Alternatively, prefix the name with `_` to silence this warning:
  [apply] _cm

Note: This linter can be disabled with `set_option linter.unusedVariables false`
info: Frontier/CHD/L6/DCap.lean:265:0: 'Frontier.CHD.L6.kmN_le' depends on axioms: [propext, Classical.choice, Quot.sound]
info: Frontier/CHD/L6/DCap.lean:266:0: 'Frontier.CHD.L6.hucap_of' depends on axioms: [propext, Classical.choice, Quot.sound]
info: Frontier/CHD/L6/DCap.lean:267:0: 'Frontier.CHD.L6.cbig_of_cap' depends on axioms: [propext, Classical.choice, Quot.sound]
info: Frontier/CHD/L6/DCap.lean:268:0: 'Frontier.CHD.L6.goodP_chdP' depends on axioms: [propext, Classical.choice, Quot.sound]
info: Frontier/CHD/L6/DCap.lean:269:0: 'Frontier.CHD.L6.baseReq_le' depends on axioms: [propext, Classical.choice, Quot.sound]
⚠ [2477/2548] Replayed Frontier.CHD.RamBodyPro
warning: Frontier/CHD/RamBodyPro.lean:183:8: `dif_pos` has been deprecated: Use `dite_eq_left` instead
warning: Frontier/CHD/RamBodyPro.lean:183:21: `dif_pos` has been deprecated: Use `dite_eq_left` instead
warning: Frontier/CHD/RamBodyPro.lean:186:8: `dif_neg` has been deprecated: Use `dite_eq_right` instead
warning: Frontier/CHD/RamBodyPro.lean:186:21: `dif_neg` has been deprecated: Use `dite_eq_right` instead
warning: Frontier/CHD/RamBodyPro.lean:315:55: `dif_pos` has been deprecated: Use `dite_eq_left` instead
warning: Frontier/CHD/RamBodyPro.lean:360:22: `dif_pos` has been deprecated: Use `dite_eq_left` instead
warning: Frontier/CHD/RamBodyPro.lean:360:41: `dif_pos` has been deprecated: Use `dite_eq_left` instead
warning: Frontier/CHD/RamBodyPro.lean:658:36: `if_false` has been deprecated: Use `ite_false` instead
warning: Frontier/CHD/RamBodyPro.lean:376:73: This simp argument is unused:
  List.mem_singleton

Hint: Omit it from the simp argument list.
  [apply] simp only [cgArrs, List.cons_append, List.nil_append, List.mem_cons, List.not_mem_nil, or_false] at ha

Note: This linter can be disabled with `set_option linter.unusedSimpArgs false`
warning: Frontier/CHD/RamBodyPro.lean:385:50: This simp argument is unused:
  List.mem_singleton

Hint: Omit it from the simp argument list.
  [apply] simp only [pvRegs, gmRegs, List.mem_cons, List.not_mem_nil, or_false] at h

Note: This linter can be disabled with `set_option linter.unusedSimpArgs false`
warning: Frontier/CHD/RamBodyPro.lean:591:48: This simp argument is unused:
  List.mem_singleton

Hint: Omit it from the simp argument list.
  [apply] simp only [piRegs, List.mem_cons, List.not_mem_nil, or_false] at h

Note: This linter can be disabled with `set_option linter.unusedSimpArgs false`
warning: Frontier/CHD/RamBodyPro.lean:729:35: Used `tac1 <;> tac2` where `(tac1; tac2)` would suffice

Note: This linter can be disabled with `set_option linter.unnecessarySeqFocus false`
⚠ [2479/2548] Replayed Frontier.CHD.SpineLoopA
warning: Frontier/CHD/SpineLoopA.lean:227:42: Variable name `hKoD` is not explicitly referenced.

Hint: The binding can be removed (if unused) or named `_` (if used implicitly). Alternatively, prefix the name with `_` to silence this warning:
  [apply] _hKoD

Note: This linter can be disabled with `set_option linter.unusedVariables false`
⚠ [2480/2548] Replayed Frontier.CHD.SpinePostA
warning: Frontier/CHD/SpinePostA.lean:37:37: This simp argument is unused:
  List.length_singleton

Hint: Omit it from the simp argument list.
  [apply] simp only [Option.toList_some, Option.toList_none, List.length_nil, List.length_cons] at ih2 ⊢

Note: This linter can be disabled with `set_option linter.unusedSimpArgs false`
warning: Frontier/CHD/SpinePostA.lean:45:8: This simp argument is unused:
  List.length_singleton

Hint: Omit it from the simp argument list.
  [apply] simp only [List.length_cons, Option.toList_none, List.length_nil, Option.toList_some] at ih1 ⊢

Note: This linter can be disabled with `set_option linter.unusedSimpArgs false`
warning: Frontier/CHD/SpinePostA.lean:46:37: This simp argument is unused:
  List.length_singleton

Hint: Omit it from the simp argument list.
  [apply] simp only [Option.toList_some, List.length_cons] at ih2 ⊢

Note: This linter can be disabled with `set_option linter.unusedSimpArgs false`
⚠ [2482/2548] Replayed Frontier.CHD.DPro
warning: Frontier/CHD/DPro.lean:133:23: This simp argument is unused:
  Option.bind_some

Hint: Omit it from the simp argument list.
  [apply] simp only [h1] at h

Note: This linter can be disabled with `set_option linter.unusedSimpArgs false`
warning: Frontier/CHD/DPro.lean:171:60: This simp argument is unused:
  List.mem_append

Hint: Omit it from the simp argument list.
  [apply] simp only [sWA, sVA, sWR, sVR] at hy ⊢

Note: This linter can be disabled with `set_option linter.unusedSimpArgs false`
info: Frontier/CHD/DPro.lean:619:0: 'Frontier.CHD.DPro.dProSpec' depends on axioms: [propext, Classical.choice, Quot.sound]
info: Frontier/CHD/DPro.lean:620:0: 'Frontier.CHD.DPro.dProSpec_full' depends on axioms: [propext, Classical.choice, Quot.sound]
info: Frontier/CHD/DPro.lean:621:0: 'Frontier.CHD.DPro.dPro' does not depend on any axioms
ℹ [2483/2548] Replayed Frontier.CHD.DProInst
info: Frontier/CHD/DProInst.lean:68:0: 'Frontier.CHD.DPro.dProSpecC' depends on axioms: [propext, Classical.choice, Quot.sound]
info: Frontier/CHD/DProInst.lean:69:0: 'Frontier.CHD.DPro.dProSpecC_full' depends on axioms: [propext, Classical.choice, Quot.sound]
info: Frontier/CHD/DProInst.lean:70:0: 'Frontier.CHD.DPro.dProC' does not depend on any axioms
info: Frontier/CHD/DProInst.lean:71:0: 'Frontier.CHD.DPro.hPd_dPro' depends on axioms: [propext, Classical.choice, Quot.sound]
⚠ [2484/2548] Replayed Frontier.CHD.DPull
warning: Frontier/CHD/DPull.lean:579:10: `if_neg` has been deprecated: Use `ite_eq_right` instead
warning: Frontier/CHD/DPull.lean:632:81: Variable name `hx` is not explicitly referenced.

Hint: The binding can be removed (if unused) or named `_` (if used implicitly). Alternatively, prefix the name with `_` to silence this warning:
  [apply] _hx

Note: This linter can be disabled with `set_option linter.unusedVariables false`
warning: Frontier/CHD/DPull.lean:737:82: Used `tac1 <;> tac2` where `(tac1; tac2)` would suffice

Note: This linter can be disabled with `set_option linter.unnecessarySeqFocus false`
warning: Frontier/CHD/DPull.lean:812:85: this tactic is never executed

Note: This linter can be disabled with `set_option linter.unreachableTactic false`
warning: Frontier/CHD/DPull.lean:812:85: Unused tactic linter: `ring` does nothing

Note: This linter can be disabled with `set_option linter.unusedTactic false`
warning: Frontier/CHD/DPull.lean:911:0: automatically included section variable(s) unused in theorem `Frontier.CHD.DPull.valOf_of_mem`:
  [DecidableEq κ]
  [LinearOrder α]
consider restructuring your `variable` declarations so that the variables are not in scope or explicitly omit them:
  omit [DecidableEq κ] [LinearOrder α] in theorem ...

Note: This linter can be disabled with `set_option linter.unusedSectionVars false`
warning: Frontier/CHD/DPull.lean:959:0: automatically included section variable(s) unused in theorem `Frontier.CHD.DPull.lohi_perm`:
  [DecidableEq κ]
consider restructuring your `variable` declarations so that the variables are not in scope or explicitly omit them:
  omit [DecidableEq κ] in theorem ...

Note: This linter can be disabled with `set_option linter.unusedSectionVars false`
warning: Frontier/CHD/DPull.lean:1575:33: `if_neg` has been deprecated: Use `ite_eq_right` instead
warning: Frontier/CHD/DPull.lean:1575:44: `if_neg` has been deprecated: Use `ite_eq_right` instead
warning: Frontier/CHD/DPull.lean:1576:33: `if_neg` has been deprecated: Use `ite_eq_right` instead
warning: Frontier/CHD/DPull.lean:1576:44: `if_neg` has been deprecated: Use `ite_eq_right` instead
warning: Frontier/CHD/DPull.lean:1577:34: `if_neg` has been deprecated: Use `ite_eq_right` instead
warning: Frontier/CHD/DPull.lean:1577:45: `if_neg` has been deprecated: Use `ite_eq_right` instead
warning: Frontier/CHD/DPull.lean:1578:31: `if_neg` has been deprecated: Use `ite_eq_right` instead
warning: Frontier/CHD/DPull.lean:1583:42: `if_neg` has been deprecated: Use `ite_eq_right` instead
warning: Frontier/CHD/DPull.lean:1584:42: `if_neg` has been deprecated: Use `ite_eq_right` instead
warning: Frontier/CHD/DPull.lean:1585:42: `if_neg` has been deprecated: Use `ite_eq_right` instead
warning: Frontier/CHD/DPull.lean:1586:42: `if_neg` has been deprecated: Use `ite_eq_right` instead
warning: Frontier/CHD/DPull.lean:1587:42: `if_neg` has been deprecated: Use `ite_eq_right` instead
warning: Frontier/CHD/DPull.lean:1589:16: `if_neg` has been deprecated: Use `ite_eq_right` instead
warning: Frontier/CHD/DPull.lean:1589:30: `if_pos` has been deprecated: Use `ite_eq_left` instead
warning: Frontier/CHD/DPull.lean:1592:16: `if_pos` has been deprecated: Use `ite_eq_left` instead
warning: Frontier/CHD/DPull.lean:1594:19: `if_neg` has been deprecated: Use `ite_eq_right` instead
warning: Frontier/CHD/DPull.lean:1594:33: `if_pos` has been deprecated: Use `ite_eq_left` instead
warning: Frontier/CHD/DPull.lean:1594:70: `if_pos` has been deprecated: Use `ite_eq_left` instead
warning: Frontier/CHD/DPull.lean:1596:16: `if_neg` has been deprecated: Use `ite_eq_right` instead
warning: Frontier/CHD/DPull.lean:1596:30: `if_pos` has been deprecated: Use `ite_eq_left` instead
warning: Frontier/CHD/DPull.lean:1598:16: `if_pos` has been deprecated: Use `ite_eq_left` instead
warning: Frontier/CHD/DPull.lean:1599:19: `if_pos` has been deprecated: Use `ite_eq_left` instead
warning: Frontier/CHD/DPull.lean:1604:34: `if_pos` has been deprecated: Use `ite_eq_left` instead
warning: Frontier/CHD/DPull.lean:1605:34: `if_pos` has been deprecated: Use `ite_eq_left` instead
warning: Frontier/CHD/DPull.lean:1606:34: `if_pos` has been deprecated: Use `ite_eq_left` instead
warning: Frontier/CHD/DPull.lean:1607:34: `if_pos` has been deprecated: Use `ite_eq_left` instead
warning: Frontier/CHD/DPull.lean:1608:34: `if_pos` has been deprecated: Use `ite_eq_left` instead
warning: Frontier/CHD/DPull.lean:1609:31: `if_neg` has been deprecated: Use `ite_eq_right` instead
warning: Frontier/CHD/DPull.lean:1609:50: `if_neg` has been deprecated: Use `ite_eq_right` instead
warning: Frontier/CHD/DPull.lean:1610:19: `if_neg` has been deprecated: Use `ite_eq_right` instead
warning: Frontier/CHD/DPull.lean:1610:38: `if_pos` has been deprecated: Use `ite_eq_left` instead
warning: Frontier/CHD/DPull.lean:1611:19: `if_pos` has been deprecated: Use `ite_eq_left` instead
warning: Frontier/CHD/DPull.lean:1612:18: `if_pos` has been deprecated: Use `ite_eq_left` instead
warning: Frontier/CHD/DPull.lean:1638:15: `if_neg` has been deprecated: Use `ite_eq_right` instead
warning: Frontier/CHD/DPull.lean:1638:34: `if_neg` has been deprecated: Use `ite_eq_right` instead
warning: Frontier/CHD/DPull.lean:1639:14: `if_neg` has been deprecated: Use `ite_eq_right` instead
warning: Frontier/CHD/DPull.lean:1779:47: `if_pos` has been deprecated: Use `ite_eq_left` instead
warning: Frontier/CHD/DPull.lean:1815:39: `if_neg` has been deprecated: Use `ite_eq_right` instead
warning: Frontier/CHD/DPull.lean:1818:55: `if_neg` has been deprecated: Use `ite_eq_right` instead
warning: Frontier/CHD/DPull.lean:1820:55: `if_neg` has been deprecated: Use `ite_eq_right` instead
warning: Frontier/CHD/DPull.lean:1821:55: `if_neg` has been deprecated: Use `ite_eq_right` instead
warning: Frontier/CHD/DPull.lean:1823:55: `if_neg` has been deprecated: Use `ite_eq_right` instead
warning: Frontier/CHD/DPull.lean:1949:46: `if_pos` has been deprecated: Use `ite_eq_left` instead
warning: Frontier/CHD/DPull.lean:1977:38: `if_neg` has been deprecated: Use `ite_eq_right` instead
warning: Frontier/CHD/DPull.lean:1986:17: This simp argument is unused:
  State.charge_cost

Hint: Omit it from the simp argument list.
  [apply] simp only [State.setW_cost, List.length_map] at hcost2

Note: This linter can be disabled with `set_option linter.unusedSimpArgs false`
warning: Frontier/CHD/DPull.lean:1986:36: This simp argument is unused:
  State.setW_cost

Hint: Omit it from the simp argument list.
  [apply] simp only [State.charge_cost, List.length_map] at hcost2

Note: This linter can be disabled with `set_option linter.unusedSimpArgs false`
warning: Frontier/CHD/DPull.lean:2076:12: `dif_pos` has been deprecated: Use `dite_eq_left` instead
warning: Frontier/CHD/DPull.lean:2080:12: `dif_neg` has been deprecated: Use `dite_eq_right` instead
warning: Frontier/CHD/DPull.lean:2250:8: `if_neg` has been deprecated: Use `ite_eq_right` instead
warning: Frontier/CHD/DPull.lean:2251:59: `if_false` has been deprecated: Use `ite_false` instead
warning: Frontier/CHD/DPull.lean:2248:12: This simp argument is unused:
  show ¬rb + i = rb + k by omega

Hint: Omit it from the simp argument list.
  [apply] simp [hik, hI.Sin i hi']

Note: This linter can be disabled with `set_option linter.unusedSimpArgs false`
warning: Frontier/CHD/DPull.lean:2287:6: `if_pos` has been deprecated: Use `ite_eq_left` instead
warning: Frontier/CHD/DPull.lean:2290:6: `if_neg` has been deprecated: Use `ite_eq_right` instead
warning: Frontier/CHD/DPull.lean:2298:10: `if_neg` has been deprecated: Use `ite_eq_right` instead
warning: Frontier/CHD/DPull.lean:2338:0: automatically included section variable(s) unused in theorem `Frontier.CHD.DPull.splitCost_pos`:
  [DecidableEq κ]
consider restructuring your `variable` declarations so that the variables are not in scope or explicitly omit them:
  omit [DecidableEq κ] in theorem ...

Note: This linter can be disabled with `set_option linter.unusedSectionVars false`
warning: Frontier/CHD/DPull.lean:2347:14: `dif_pos` has been deprecated: Use `dite_eq_left` instead
warning: Frontier/CHD/DPull.lean:2352:14: `dif_neg` has been deprecated: Use `dite_eq_right` instead
warning: Frontier/CHD/DPull.lean:2359:16: `if_neg` has been deprecated: Use `ite_eq_right` instead
warning: Frontier/CHD/DPull.lean:2354:0: automatically included section variable(s) unused in theorem `Frontier.CHD.DPull.prepList_cons_le`:
  [DecidableEq κ]
consider restructuring your `variable` declarations so that the variables are not in scope or explicitly omit them:
  omit [DecidableEq κ] in theorem ...

Note: This linter can be disabled with `set_option linter.unusedSectionVars false`
warning: Frontier/CHD/DPull.lean:2371:33: `if_pos` has been deprecated: Use `ite_eq_left` instead
warning: Frontier/CHD/DPull.lean:2367:0: automatically included section variable(s) unused in theorem `Frontier.CHD.DPull.prepList_of_lt`:
  [DecidableEq κ]
consider restructuring your `variable` declarations so that the variables are not in scope or explicitly omit them:
  omit [DecidableEq κ] in theorem ...

Note: This linter can be disabled with `set_option linter.unusedSectionVars false`
warning: Frontier/CHD/DPull.lean:2373:0: automatically included section variable(s) unused in theorem `Frontier.CHD.DPull.prepList_nil'`:
  [DecidableEq κ]
consider restructuring your `variable` declarations so that the variables are not in scope or explicitly omit them:
  omit [DecidableEq κ] in theorem ...

Note: This linter can be disabled with `set_option linter.unusedSectionVars false`
warning: Frontier/CHD/DPull.lean:2376:0: automatically included section variable(s) unused in theorem `Frontier.CHD.DPull.collect_cons`:
  [DecidableEq κ]
  [Inhabited α]
consider restructuring your `variable` declarations so that the variables are not in scope or explicitly omit them:
  omit [DecidableEq κ] [Inhabited α] in theorem ...

Note: This linter can be disabled with `set_option linter.unusedSectionVars false`
warning: Frontier/CHD/DPull.lean:2385:0: automatically included section variable(s) unused in theorem `Frontier.CHD.DPull.collect_nil'`:
  [DecidableEq κ]
  [Inhabited α]
consider restructuring your `variable` declarations so that the variables are not in scope or explicitly omit them:
  omit [DecidableEq κ] [Inhabited α] in theorem ...

Note: This linter can be disabled with `set_option linter.unusedSectionVars false`
warning: Frontier/CHD/DPull.lean:2389:0: automatically included section variable(s) unused in theorem `Frontier.CHD.DPull.allEnts_cons'`:
  [LinearOrder α]
  [Inhabited α]
consider restructuring your `variable` declarations so that the variables are not in scope or explicitly omit them:
  omit [LinearOrder α] [Inhabited α] in theorem ...

Note: This linter can be disabled with `set_option linter.unusedSectionVars false`
warning: Frontier/CHD/DPull.lean:2396:0: automatically included section variable(s) unused in theorem `Frontier.CHD.DPull.liveVals_len_le`:
  [DecidableEq κ]
consider restructuring your `variable` declarations so that the variables are not in scope or explicitly omit them:
  omit [DecidableEq κ] in theorem ...

Note: This linter can be disabled with `set_option linter.unusedSectionVars false`
warning: Frontier/CHD/DPull.lean:2432:6: `if_neg` has been deprecated: Use `ite_eq_right` instead
warning: Frontier/CHD/DPull.lean:2443:6: `if_pos` has been deprecated: Use `ite_eq_left` instead
warning: Frontier/CHD/DPull.lean:2445:0: automatically included section variable(s) unused in theorem `Frontier.CHD.DPull.collect_rest_nil`:
  [Inhabited α]
consider restructuring your `variable` declarations so that the variables are not in scope or explicitly omit them:
  omit [Inhabited α] in theorem ...

Note: This linter can be disabled with `set_option linter.unusedSectionVars false`
warning: Frontier/CHD/DPull.lean:2528:46: `if_pos` has been deprecated: Use `ite_eq_left` instead
warning: Frontier/CHD/DPull.lean:2530:22: `if_pos` has been deprecated: Use `ite_eq_left` instead
warning: Frontier/CHD/DPull.lean:2531:38: `if_neg` has been deprecated: Use `ite_eq_right` instead
warning: Frontier/CHD/DPull.lean:2540:24: `if_neg` has been deprecated: Use `ite_eq_right` instead
warning: Frontier/CHD/DPull.lean:2504:58: Variable name `hk1` is not explicitly referenced.

Hint: The binding can be removed (if unused) or named `_` (if used implicitly). Alternatively, prefix the name with `_` to silence this warning:
  [apply] _hk1

Note: This linter can be disabled with `set_option linter.unusedVariables false`
warning: Frontier/CHD/DPull.lean:2556:59: this tactic is never executed

Note: This linter can be disabled with `set_option linter.unreachableTactic false`
warning: Frontier/CHD/DPull.lean:2556:59: Unused tactic linter: `ring` does nothing

Note: This linter can be disabled with `set_option linter.unusedTactic false`
warning: Frontier/CHD/DPull.lean:2623:46: `if_pos` has been deprecated: Use `ite_eq_left` instead
warning: Frontier/CHD/DPull.lean:2906:14: `if_neg` has been deprecated: Use `ite_eq_right` instead
warning: Frontier/CHD/DPull.lean:2974:50: `if_pos` has been deprecated: Use `ite_eq_left` instead
warning: Frontier/CHD/DPull.lean:2978:44: `if_pos` has been deprecated: Use `ite_eq_left` instead
warning: Frontier/CHD/DPull.lean:2981:44: `if_pos` has been deprecated: Use `ite_eq_left` instead
warning: Frontier/CHD/DPull.lean:2987:52: `if_neg` has been deprecated: Use `ite_eq_right` instead
warning: Frontier/CHD/DPull.lean:2990:57: `if_neg` has been deprecated: Use `ite_eq_right` instead
warning: Frontier/CHD/DPull.lean:2994:57: `if_neg` has been deprecated: Use `ite_eq_right` instead
warning: Frontier/CHD/DPull.lean:2999:20: `if_neg` has been deprecated: Use `ite_eq_right` instead
warning: Frontier/CHD/DPull.lean:2999:32: `if_pos` has been deprecated: Use `ite_eq_left` instead
warning: Frontier/CHD/DPull.lean:3007:40: `if_neg` has been deprecated: Use `ite_eq_right` instead
warning: Frontier/CHD/DPull.lean:2992:43: this tactic is never executed

Note: This linter can be disabled with `set_option linter.unreachableTactic false`
warning: Frontier/CHD/DPull.lean:2992:43: Unused tactic linter: `(simp; omega)` does nothing

Note: This linter can be disabled with `set_option linter.unusedTactic false`
warning: Frontier/CHD/DPull.lean:3134:31: Used `tac1 <;> tac2` where `(tac1; tac2)` would suffice

Note: This linter can be disabled with `set_option linter.unnecessarySeqFocus false`
warning: Frontier/CHD/DPull.lean:3188:32: Used `tac1 <;> tac2` where `(tac1; tac2)` would suffice

Note: This linter can be disabled with `set_option linter.unnecessarySeqFocus false`
warning: Frontier/CHD/DPull.lean:3234:10: `if_pos` has been deprecated: Use `ite_eq_left` instead
warning: Frontier/CHD/DPull.lean:3235:10: `if_neg` has been deprecated: Use `ite_eq_right` instead
warning: Frontier/CHD/DPull.lean:3363:10: `if_pos` has been deprecated: Use `ite_eq_left` instead
warning: Frontier/CHD/DPull.lean:3363:43: `if_pos` has been deprecated: Use `ite_eq_left` instead
warning: Frontier/CHD/DPull.lean:3364:10: `if_neg` has been deprecated: Use `ite_eq_right` instead
warning: Frontier/CHD/DPull.lean:3366:45: `if_neg` has been deprecated: Use `ite_eq_right` instead
warning: Frontier/CHD/DPull.lean:3477:63: this tactic is never executed

Note: This linter can be disabled with `set_option linter.unreachableTactic false`
warning: Frontier/CHD/DPull.lean:3477:63: Unused tactic linter: `ring` does nothing

Note: This linter can be disabled with `set_option linter.unusedTactic false`
warning: Frontier/CHD/DPull.lean:3646:40: `if_pos` has been deprecated: Use `ite_eq_left` instead
warning: Frontier/CHD/DPull.lean:3647:31: `if_pos` has been deprecated: Use `ite_eq_left` instead
warning: Frontier/CHD/DPull.lean:3647:72: `if_pos` has been deprecated: Use `ite_eq_left` instead
warning: Frontier/CHD/DPull.lean:3648:22: `if_pos` has been deprecated: Use `ite_eq_left` instead
warning: Frontier/CHD/DPull.lean:3653:50: `if_neg` has been deprecated: Use `ite_eq_right` instead
warning: Frontier/CHD/DPull.lean:3654:38: `if_neg` has been deprecated: Use `ite_eq_right` instead
warning: Frontier/CHD/DPull.lean:3655:40: `if_neg` has been deprecated: Use `ite_eq_right` instead
warning: Frontier/CHD/DPull.lean:3656:42: `if_neg` has been deprecated: Use `ite_eq_right` instead
warning: Frontier/CHD/DPull.lean:3666:30: `if_neg` has been deprecated: Use `ite_eq_right` instead
warning: Frontier/CHD/DPull.lean:3667:77: `if_pos` has been deprecated: Use `ite_eq_left` instead
warning: Frontier/CHD/DPull.lean:3668:33: `if_pos` has been deprecated: Use `ite_eq_left` instead
warning: Frontier/CHD/DPull.lean:3684:32: `if_pos` has been deprecated: Use `ite_eq_left` instead
warning: Frontier/CHD/DPull.lean:3733:28: `if_neg` has been deprecated: Use `ite_eq_right` instead
warning: Frontier/CHD/DPull.lean:3735:28: `if_neg` has been deprecated: Use `ite_eq_right` instead
warning: Frontier/CHD/DPull.lean:3794:63: this tactic is never executed

Note: This linter can be disabled with `set_option linter.unreachableTactic false`
warning: Frontier/CHD/DPull.lean:3794:63: Unused tactic linter: `ring` does nothing

Note: This linter can be disabled with `set_option linter.unusedTactic false`
warning: Frontier/CHD/DPull.lean:4000:84: `if_neg` has been deprecated: Use `ite_eq_right` instead
warning: Frontier/CHD/DPull.lean:4000:128: `if_neg` has been deprecated: Use `ite_eq_right` instead
warning: Frontier/CHD/DPull.lean:4142:40: `if_pos` has been deprecated: Use `ite_eq_left` instead
warning: Frontier/CHD/DPull.lean:4143:61: `if_pos` has been deprecated: Use `ite_eq_left` instead
warning: Frontier/CHD/DPull.lean:4144:24: `if_pos` has been deprecated: Use `ite_eq_left` instead
warning: Frontier/CHD/DPull.lean:4146:26: `if_pos` has been deprecated: Use `ite_eq_left` instead
warning: Frontier/CHD/DPull.lean:4158:22: `if_neg` has been deprecated: Use `ite_eq_right` instead
warning: Frontier/CHD/DPull.lean:4162:24: `if_neg` has been deprecated: Use `ite_eq_right` instead
warning: Frontier/CHD/DPull.lean:4166:26: `if_neg` has been deprecated: Use `ite_eq_right` instead
warning: Frontier/CHD/DPull.lean:4170:28: `if_neg` has been deprecated: Use `ite_eq_right` instead
warning: Frontier/CHD/DPull.lean:4182:30: `if_neg` has been deprecated: Use `ite_eq_right` instead
warning: Frontier/CHD/DPull.lean:4186:32: `if_pos` has been deprecated: Use `ite_eq_left` instead
warning: Frontier/CHD/DPull.lean:4187:33: `if_pos` has been deprecated: Use `ite_eq_left` instead
warning: Frontier/CHD/DPull.lean:4211:30: `if_neg` has been deprecated: Use `ite_eq_right` instead
warning: Frontier/CHD/DPull.lean:4216:46: `if_pos` has been deprecated: Use `ite_eq_left` instead
warning: Frontier/CHD/DPull.lean:4287:28: `if_neg` has been deprecated: Use `ite_eq_right` instead
warning: Frontier/CHD/DPull.lean:4292:28: `if_neg` has been deprecated: Use `ite_eq_right` instead
warning: Frontier/CHD/DPull.lean:4471:46: `if_pos` has been deprecated: Use `ite_eq_left` instead
warning: Frontier/CHD/DPull.lean:4501:38: `if_neg` has been deprecated: Use `ite_eq_right` instead
ℹ [2485/2548] Replayed Frontier.CHD.L6.SbA
info: Frontier/CHD/L6/SbA.lean:70:0: 'Frontier.CHD.L6.hSbA_chd' depends on axioms: [propext, Classical.choice, Quot.sound]
⚠ [2486/2548] Replayed Frontier.CHD.RamBodySpec
warning: Frontier/CHD/RamBodySpec.lean:375:55: Used `tac1 <;> tac2` where `(tac1; tac2)` would suffice

Note: This linter can be disabled with `set_option linter.unnecessarySeqFocus false`
⚠ [2487/2548] Replayed Frontier.CHD.L6.StepInst
warning: Frontier/CHD/L6/StepInst.lean:44:42: Variable name `cn` is not explicitly referenced.

Hint: The binding can be removed (if unused) or named `_` (if used implicitly). Alternatively, prefix the name with `_` to silence this warning:
  [apply] _cn

Note: This linter can be disabled with `set_option linter.unusedVariables false`
warning: Frontier/CHD/L6/StepInst.lean:44:45: Variable name `cm` is not explicitly referenced.

Hint: The binding can be removed (if unused) or named `_` (if used implicitly). Alternatively, prefix the name with `_` to silence this warning:
  [apply] _cm

Note: This linter can be disabled with `set_option linter.unusedVariables false`
warning: Frontier/CHD/L6/StepInst.lean:52:27: Variable name `src` is not explicitly referenced.

Hint: The binding can be removed (if unused) or named `_` (if used implicitly). Alternatively, prefix the name with `_` to silence this warning:
  [apply] _src

Note: This linter can be disabled with `set_option linter.unusedVariables false`
warning: Frontier/CHD/L6/StepInst.lean:52:43: Variable name `cn` is not explicitly referenced.

Hint: The binding can be removed (if unused) or named `_` (if used implicitly). Alternatively, prefix the name with `_` to silence this warning:
  [apply] _cn

Note: This linter can be disabled with `set_option linter.unusedVariables false`
warning: Frontier/CHD/L6/StepInst.lean:52:46: Variable name `cm` is not explicitly referenced.

Hint: The binding can be removed (if unused) or named `_` (if used implicitly). Alternatively, prefix the name with `_` to silence this warning:
  [apply] _cm

Note: This linter can be disabled with `set_option linter.unusedVariables false`
info: Frontier/CHD/L6/StepInst.lean:109:0: 'Frontier.CHD.L6.hs_of_parts' depends on axioms: [propext, Classical.choice, Quot.sound]
⚠ [2488/2548] Replayed Frontier.CHD.RamBodyFinDefs
warning: Frontier/CHD/RamBodyFinDefs.lean:32:22: `if_pos` has been deprecated: Use `ite_eq_left` instead
warning: Frontier/CHD/RamBodyFinDefs.lean:35:22: `if_neg` has been deprecated: Use `ite_eq_right` instead
⚠ [2490/2548] Replayed Frontier.CHD.SpinePostProof
warning: Frontier/CHD/SpinePostProof.lean:302:46: This simp argument is unused:
  List.filterMap_cons

Hint: Omit it from the simp argument list.
  [apply] simp [List.filter_cons, h, ih]

Note: This linter can be disabled with `set_option linter.unusedSimpArgs false`
warning: Frontier/CHD/SpinePostProof.lean:302:67: This simp argument is unused:
  List.filter_cons

Hint: Omit it from the simp argument list.
  [apply] simp [List.filterMap_cons, h, ih]

Note: This linter can be disabled with `set_option linter.unusedSimpArgs false`
warning: Frontier/CHD/SpinePostProof.lean:347:35: `dif_pos` has been deprecated: Use `dite_eq_left` instead
warning: Frontier/CHD/SpinePostProof.lean:349:35: `dif_neg` has been deprecated: Use `dite_eq_right` instead
warning: Frontier/CHD/SpinePostProof.lean:369:23: `dif_pos` has been deprecated: Use `dite_eq_left` instead
warning: Frontier/CHD/SpinePostProof.lean:369:46: `dif_pos` has been deprecated: Use `dite_eq_left` instead
warning: Frontier/CHD/SpinePostProof.lean:403:12: `if_pos` has been deprecated: Use `ite_eq_left` instead
warning: Frontier/CHD/SpinePostProof.lean:409:12: `if_neg` has been deprecated: Use `ite_eq_right` instead
warning: Frontier/CHD/SpinePostProof.lean:413:10: `if_pos` has been deprecated: Use `ite_eq_left` instead
warning: Frontier/CHD/SpinePostProof.lean:513:67: Variable name `x` is not explicitly referenced.

Hint: The binding can be removed (if unused) or named `_` (if used implicitly). Alternatively, prefix the name with `_` to silence this warning:
  [apply] _x

Note: This linter can be disabled with `set_option linter.unusedVariables false`
warning: Frontier/CHD/SpinePostProof.lean:514:53: Variable name `x` is not explicitly referenced.

Hint: The binding can be removed (if unused) or named `_` (if used implicitly). Alternatively, prefix the name with `_` to silence this warning:
  [apply] _x

Note: This linter can be disabled with `set_option linter.unusedVariables false`
warning: Frontier/CHD/SpinePostProof.lean:540:6: Variable name `x` is not explicitly referenced.

Hint: The binding can be removed (if unused) or named `_` (if used implicitly). Alternatively, prefix the name with `_` to silence this warning:
  [apply] _x

Note: This linter can be disabled with `set_option linter.unusedVariables false`
warning: Frontier/CHD/SpinePostProof.lean:542:6: Variable name `x` is not explicitly referenced.

Hint: The binding can be removed (if unused) or named `_` (if used implicitly). Alternatively, prefix the name with `_` to silence this warning:
  [apply] _x

Note: This linter can be disabled with `set_option linter.unusedVariables false`
warning: Frontier/CHD/SpinePostProof.lean:1074:14: `if_pos` has been deprecated: Use `ite_eq_left` instead
warning: Frontier/CHD/SpinePostProof.lean:900:51: This simp argument is unused:
  List.mem_singleton

Hint: Omit it from the simp argument list.
  [apply] simp only [List.mem_append, List.mem_cons, List.not_mem_nil, or_false] at h ⊢

Note: This linter can be disabled with `set_option linter.unusedSimpArgs false`
⚠ [2496/2548] Replayed Frontier.CHD.DLayerF
warning: Frontier/CHD/DLayerF.lean:105:62: `if_neg` has been deprecated: Use `ite_eq_right` instead
warning: Frontier/CHD/DLayerF.lean:110:8: `if_neg` has been deprecated: Use `ite_eq_right` instead
warning: Frontier/CHD/DLayerF.lean:110:28: `if_neg` has been deprecated: Use `ite_eq_right` instead
⚠ [2497/2548] Replayed Frontier.CHD.DDelW
warning: Frontier/CHD/DDelW.lean:58:63: This simp argument is unused:
  h1c

Hint: Omit it from the simp argument list.
  [apply] simp [hl, hn, fit]

Note: This linter can be disabled with `set_option linter.unusedSimpArgs false`
warning: Frontier/CHD/DDelW.lean:61:19: This simp argument is unused:
  fit

Hint: Omit it from the simp argument list.
  [apply] simp [hq1, hl, h1c, hUl, hUv]

Note: This linter can be disabled with `set_option linter.unusedSimpArgs false`
warning: Frontier/CHD/DDelW.lean:61:24: This simp argument is unused:
  h1c

Hint: Omit it from the simp argument list.
  [apply] simp [hq1, hl, fit, hUl, hUv]

Note: This linter can be disabled with `set_option linter.unusedSimpArgs false`
info: Frontier/CHD/DDelW.lean:186:0: 'Frontier.CHD.DDelW.delWBU_mkDL' depends on axioms: [propext, Classical.choice, Quot.sound]
ℹ [2499/2548] Replayed Frontier.CHD.L6.SlackF
info: Frontier/CHD/L6/SlackF.lean:177:0: 'Frontier.CHD.L6.finCst_le_SlfC' depends on axioms: [propext, Classical.choice, Quot.sound]
info: Frontier/CHD/L6/SlackF.lean:178:0: 'Frontier.CHD.L6.postS_le_SlfC' depends on axioms: [propext, Classical.choice, Quot.sound]
info: Frontier/CHD/L6/SlackF.lean:179:0: 'Frontier.CHD.L6.SlfC_le' depends on axioms: [propext, Classical.choice, Quot.sound]
⚠ [2500/2548] Replayed Frontier.CHD.RamBodyFin
warning: Frontier/CHD/RamBodyFin.lean:82:85: This simp argument is unused:
  LReg.ws

Hint: Omit it from the simp argument list.
  [apply] simp [K24] at ha ⊢

Note: This linter can be disabled with `set_option linter.unusedSimpArgs false`
warning: Frontier/CHD/RamBodyFin.lean:140:87: This simp argument is unused:
  LReg.ws

Hint: Omit it from the simp argument list.
  [apply] simp [K24] at ha ⊢

Note: This linter can be disabled with `set_option linter.unusedSimpArgs false`
warning: Frontier/CHD/RamBodyFin.lean:461:10: `if_pos` has been deprecated: Use `ite_eq_left` instead
warning: Frontier/CHD/RamBodyFin.lean:461:20: `if_pos` has been deprecated: Use `ite_eq_left` instead
warning: Frontier/CHD/RamBodyFin.lean:462:10: `if_neg` has been deprecated: Use `ite_eq_right` instead
warning: Frontier/CHD/RamBodyFin.lean:462:20: `if_neg` has been deprecated: Use `ite_eq_right` instead
warning: Frontier/CHD/RamBodyFin.lean:871:26: `if_neg` has been deprecated: Use `ite_eq_right` instead
warning: Frontier/CHD/RamBodyFin.lean:897:19: `if_neg` has been deprecated: Use `ite_eq_right` instead
warning: Frontier/CHD/RamBodyFin.lean:904:19: `if_neg` has been deprecated: Use `ite_eq_right` instead
warning: Frontier/CHD/RamBodyFin.lean:454:15: This simp argument is unused:
  Fin.val_mk

Hint: Omit it from the simp argument list.
  [apply] simp only at this

Note: This linter can be disabled with `set_option linter.unusedSimpArgs false`
⚠ [2501/2548] Replayed Frontier.CHD.BL2Search
warning: Frontier/CHD/BL2Search.lean:147:25: Variable name `hN` is not explicitly referenced.

Hint: The binding can be removed (if unused) or named `_` (if used implicitly). Alternatively, prefix the name with `_` to silence this warning:
  [apply] _hN

Note: This linter can be disabled with `set_option linter.unusedVariables false`
⚠ [2503/2548] Replayed Frontier.CHD.BL2SearchRound
warning: Frontier/CHD/BL2SearchRound.lean:203:47: `if_pos` has been deprecated: Use `ite_eq_left` instead
warning: Frontier/CHD/BL2SearchRound.lean:215:39: `if_neg` has been deprecated: Use `ite_eq_right` instead
warning: Frontier/CHD/BL2SearchRound.lean:241:39: `if_neg` has been deprecated: Use `ite_eq_right` instead
⚠ [2504/2548] Replayed Frontier.CHD.BL2SearchSpec
warning: Frontier/CHD/BL2SearchSpec.lean:23:52: Variable name `hgo` is not explicitly referenced.

Hint: The binding can be removed (if unused) or named `_` (if used implicitly). Alternatively, prefix the name with `_` to silence this warning:
  [apply] _hgo

Note: This linter can be disabled with `set_option linter.unusedVariables false`
⚠ [2509/2548] Replayed Frontier.CHD.BL2InvFail
warning: Frontier/CHD/BL2InvFail.lean:102:10: `if_pos` has been deprecated: Use `ite_eq_left` instead
warning: Frontier/CHD/BL2InvFail.lean:125:10: `if_pos` has been deprecated: Use `ite_eq_left` instead
warning: Frontier/CHD/BL2InvFail.lean:152:8: `if_neg` has been deprecated: Use `ite_eq_right` instead
warning: Frontier/CHD/BL2InvFail.lean:137:23: This simp argument is unused:
  hne

Hint: Omit it from the simp argument list.
  [apply] simp [hob, hj', List.getElem_append_left hj2, hs1a, harr j hj2]

Note: This linter can be disabled with `set_option linter.unusedSimpArgs false`
warning: Frontier/CHD/BL2InvFail.lean:148:16: This simp argument is unused:
  hx.1

Hint: Omit it from the simp argument list.
  [apply] simp [hx.2]

Note: This linter can be disabled with `set_option linter.unusedSimpArgs false`
⚠ [2510/2548] Replayed Frontier.CHD.BL2InvFail2
warning: Frontier/CHD/BL2InvFail2.lean:116:30: This simp argument is unused:
  hcaps

Hint: Omit it from the simp argument list.
  [apply] simp

Note: This linter can be disabled with `set_option linter.unusedSimpArgs false`
warning: Frontier/CHD/BL2InvFail2.lean:116:56: This simp argument is unused:
  hcaps

Hint: Omit it from the simp argument list.
  [apply] simp

Note: This linter can be disabled with `set_option linter.unusedSimpArgs false`
warning: Frontier/CHD/BL2InvFail2.lean:122:34: This simp argument is unused:
  not_or

Hint: Omit it from the simp argument list.
  [apply] simp only [List.mem_cons, List.not_mem_nil, or_false] at ha

Note: This linter can be disabled with `set_option linter.unusedSimpArgs false`
warning: Frontier/CHD/BL2InvFail2.lean:124:34: This simp argument is unused:
  not_or

Hint: Omit it from the simp argument list.
  [apply] simp only [List.mem_cons, List.not_mem_nil, or_false] at hy

Note: This linter can be disabled with `set_option linter.unusedSimpArgs false`
warning: Frontier/CHD/BL2InvFail2.lean:131:52: This simp argument is unused:
  or_comm

Hint: Omit it from the simp argument list.
  [apply] simp

Note: This linter can be disabled with `set_option linter.unusedSimpArgs false`
warning: Frontier/CHD/BL2InvFail2.lean:140:26: This simp argument is unused:
  hne

Hint: Omit it from the simp argument list.
  [apply] simp [hj', List.getElem_append_left hj2, hQA, harr j hj2]

Note: This linter can be disabled with `set_option linter.unusedSimpArgs false`
⚠ [2511/2548] Replayed Frontier.CHD.BL2InvDefs
warning: Frontier/CHD/BL2InvDefs.lean:27:11: Variable name `sA` is not explicitly referenced.

Hint: The binding can be removed (if unused) or named `_` (if used implicitly). Alternatively, prefix the name with `_` to silence this warning:
  [apply] _sA

Note: This linter can be disabled with `set_option linter.unusedVariables false`
⚠ [2515/2548] Replayed Frontier.CHD.BL2InvLoop
warning: Frontier/CHD/BL2InvLoop.lean:163:73: `if_true` has been deprecated: Use `ite_true` instead
⚠ [2516/2548] Replayed Frontier.CHD.TreeRAM7
warning: Frontier/CHD/TreeRAM7.lean:170:12: `if_pos` has been deprecated: Use `ite_eq_left` instead
warning: Frontier/CHD/TreeRAM7.lean:170:22: `if_pos` has been deprecated: Use `ite_eq_left` instead
warning: Frontier/CHD/TreeRAM7.lean:171:12: `if_neg` has been deprecated: Use `ite_eq_right` instead
warning: Frontier/CHD/TreeRAM7.lean:171:22: `if_neg` has been deprecated: Use `ite_eq_right` instead
warning: Frontier/CHD/TreeRAM7.lean:191:12: `if_pos` has been deprecated: Use `ite_eq_left` instead
warning: Frontier/CHD/TreeRAM7.lean:191:22: `if_pos` has been deprecated: Use `ite_eq_left` instead
warning: Frontier/CHD/TreeRAM7.lean:192:12: `if_neg` has been deprecated: Use `ite_eq_right` instead
warning: Frontier/CHD/TreeRAM7.lean:192:22: `if_neg` has been deprecated: Use `ite_eq_right` instead
⚠ [2517/2548] Replayed Frontier.CHD.TreeRAM8
warning: Frontier/CHD/TreeRAM8.lean:100:68: `if_false` has been deprecated: Use `ite_false` instead
warning: Frontier/CHD/TreeRAM8.lean:100:78: `if_true` has been deprecated: Use `ite_true` instead
warning: Frontier/CHD/TreeRAM8.lean:110:12: `if_neg` has been deprecated: Use `ite_eq_right` instead
warning: Frontier/CHD/TreeRAM8.lean:113:10: `if_neg` has been deprecated: Use `ite_eq_right` instead
warning: Frontier/CHD/TreeRAM8.lean:117:10: `if_neg` has been deprecated: Use `ite_eq_right` instead
warning: Frontier/CHD/TreeRAM8.lean:120:63: `if_neg` has been deprecated: Use `ite_eq_right` instead
warning: Frontier/CHD/TreeRAM8.lean:120:74: `if_neg` has been deprecated: Use `ite_eq_right` instead
warning: Frontier/CHD/TreeRAM8.lean:120:85: `if_neg` has been deprecated: Use `ite_eq_right` instead
warning: Frontier/CHD/TreeRAM8.lean:247:74: `if_false` has been deprecated: Use `ite_false` instead
warning: Frontier/CHD/TreeRAM8.lean:271:98: `if_false` has been deprecated: Use `ite_false` instead
warning: Frontier/CHD/TreeRAM8.lean:292:78: `if_false` has been deprecated: Use `ite_false` instead
warning: Frontier/CHD/TreeRAM8.lean:296:30: `if_neg` has been deprecated: Use `ite_eq_right` instead
warning: Frontier/CHD/TreeRAM8.lean:296:69: `if_neg` has been deprecated: Use `ite_eq_right` instead
warning: Frontier/CHD/TreeRAM8.lean:304:47: `if_neg` has been deprecated: Use `ite_eq_right` instead
warning: Frontier/CHD/TreeRAM8.lean:305:33: `if_neg` has been deprecated: Use `ite_eq_right` instead
warning: Frontier/CHD/TreeRAM8.lean:305:44: `if_neg` has been deprecated: Use `ite_eq_right` instead
warning: Frontier/CHD/TreeRAM8.lean:305:55: `if_neg` has been deprecated: Use `ite_eq_right` instead
warning: Frontier/CHD/TreeRAM8.lean:372:97: `if_false` has been deprecated: Use `ite_false` instead
warning: Frontier/CHD/TreeRAM8.lean:377:45: `if_neg` has been deprecated: Use `ite_eq_right` instead
⚠ [2518/2548] Replayed Frontier.CHD.BL2LX
warning: Frontier/CHD/BL2LX.lean:213:10: `if_pos` has been deprecated: Use `ite_eq_left` instead
warning: Frontier/CHD/BL2LX.lean:226:10: `if_neg` has been deprecated: Use `ite_eq_right` instead
warning: Frontier/CHD/BL2LX.lean:115:34: This simp argument is unused:
  List.append_nil

Hint: Omit it from the simp argument list.
  [apply] simp only [List.mem_append] at hz

Note: This linter can be disabled with `set_option linter.unusedSimpArgs false`
ℹ [2520/2548] Replayed Frontier.CHD.L6.MasterGlue
info: Frontier/CHD/L6/MasterGlue.lean:42:0: 'Frontier.CHD.L6.masterSpec_of_good' depends on axioms: [propext, Classical.choice, Quot.sound]
info: Frontier/CHD/L6/MasterGlue.lean:43:0: 'Frontier.CHD.L6.chdTarget_of_spine_good' depends on axioms: [propext, Classical.choice, Quot.sound]
ℹ [2521/2548] Replayed Frontier.CHD.L6.Route
info: Frontier/CHD/L6/Route.lean:32:0: 'Frontier.CHD.L6.chdTarget_of_parts' depends on axioms: [propext, Classical.choice, Quot.sound]
⚠ [2522/2548] Replayed Frontier.CHD.TreeRAM9
warning: Frontier/CHD/TreeRAM9.lean:251:10: `if_pos` has been deprecated: Use `ite_eq_left` instead
warning: Frontier/CHD/TreeRAM9.lean:251:20: `if_pos` has been deprecated: Use `ite_eq_left` instead
warning: Frontier/CHD/TreeRAM9.lean:252:10: `if_neg` has been deprecated: Use `ite_eq_right` instead
warning: Frontier/CHD/TreeRAM9.lean:252:20: `if_neg` has been deprecated: Use `ite_eq_right` instead
warning: Frontier/CHD/TreeRAM9.lean:257:10: `if_pos` has been deprecated: Use `ite_eq_left` instead
warning: Frontier/CHD/TreeRAM9.lean:257:20: `if_pos` has been deprecated: Use `ite_eq_left` instead
warning: Frontier/CHD/TreeRAM9.lean:258:10: `if_neg` has been deprecated: Use `ite_eq_right` instead
warning: Frontier/CHD/TreeRAM9.lean:258:20: `if_neg` has been deprecated: Use `ite_eq_right` instead
warning: Frontier/CHD/TreeRAM9.lean:372:10: `if_pos` has been deprecated: Use `ite_eq_left` instead
warning: Frontier/CHD/TreeRAM9.lean:373:10: `if_neg` has been deprecated: Use `ite_eq_right` instead
warning: Frontier/CHD/TreeRAM9.lean:374:64: `if_neg` has been deprecated: Use `ite_eq_right` instead
warning: Frontier/CHD/TreeRAM9.lean:378:10: `if_pos` has been deprecated: Use `ite_eq_left` instead
warning: Frontier/CHD/TreeRAM9.lean:379:10: `if_neg` has been deprecated: Use `ite_eq_right` instead
warning: Frontier/CHD/TreeRAM9.lean:379:54: `if_neg` has been deprecated: Use `ite_eq_right` instead
warning: Frontier/CHD/TreeRAM9.lean:382:10: `if_pos` has been deprecated: Use `ite_eq_left` instead
warning: Frontier/CHD/TreeRAM9.lean:383:10: `if_neg` has been deprecated: Use `ite_eq_right` instead
warning: Frontier/CHD/TreeRAM9.lean:384:8: `if_neg` has been deprecated: Use `ite_eq_right` instead
⚠ [2523/2548] Replayed Frontier.CHD.TreeRAM10
warning: Frontier/CHD/TreeRAM10.lean:86:9: Used `tac1 <;> tac2` where `(tac1; tac2)` would suffice

Note: This linter can be disabled with `set_option linter.unnecessarySeqFocus false`
⚠ [2526/2548] Replayed Frontier.CHD.BL2Export
warning: Frontier/CHD/BL2Export.lean:163:14: `if_pos` has been deprecated: Use `ite_eq_left` instead
warning: Frontier/CHD/BL2Export.lean:169:14: `if_neg` has been deprecated: Use `ite_eq_right` instead
⚠ [2532/2548] Replayed Frontier.CHD.BL2Alloc
warning: Frontier/CHD/BL2Alloc.lean:48:61: `if_true` has been deprecated: Use `ite_true` instead
warning: Frontier/CHD/BL2Alloc.lean:52:8: `if_neg` has been deprecated: Use `ite_eq_right` instead
warning: Frontier/CHD/BL2Alloc.lean:57:10: `if_pos` has been deprecated: Use `ite_eq_left` instead
warning: Frontier/CHD/BL2Alloc.lean:57:26: `if_pos` has been deprecated: Use `ite_eq_left` instead
warning: Frontier/CHD/BL2Alloc.lean:58:10: `if_neg` has been deprecated: Use `ite_eq_right` instead
warning: Frontier/CHD/BL2Alloc.lean:58:26: `if_neg` has been deprecated: Use `ite_eq_right` instead
warning: Frontier/CHD/BL2Alloc.lean:88:8: `if_pos` has been deprecated: Use `ite_eq_left` instead
warning: Frontier/CHD/BL2Alloc.lean:88:8: `if_pos` has been deprecated: Use `ite_eq_left` instead
warning: Frontier/CHD/BL2Alloc.lean:89:8: `if_neg` has been deprecated: Use `ite_eq_right` instead
warning: Frontier/CHD/BL2Alloc.lean:89:8: `if_neg` has been deprecated: Use `ite_eq_right` instead
⚠ [2534/2548] Replayed Frontier.CHD.BL2At
warning: Frontier/CHD/BL2At.lean:141:80: `if_true` has been deprecated: Use `ite_true` instead
⚠ [2537/2548] Replayed Frontier.CHD.L6.FPHook
warning: Frontier/CHD/L6/FPHook.lean:21:49: Variable name `src` is not explicitly referenced.

Hint: The binding can be removed (if unused) or named `_` (if used implicitly). Alternatively, prefix the name with `_` to silence this warning:
  [apply] _src

Note: This linter can be disabled with `set_option linter.unusedVariables false`
warning: Frontier/CHD/L6/FPHook.lean:21:65: Variable name `cn` is not explicitly referenced.

Hint: The binding can be removed (if unused) or named `_` (if used implicitly). Alternatively, prefix the name with `_` to silence this warning:
  [apply] _cn

Note: This linter can be disabled with `set_option linter.unusedVariables false`
warning: Frontier/CHD/L6/FPHook.lean:21:68: Variable name `cm` is not explicitly referenced.

Hint: The binding can be removed (if unused) or named `_` (if used implicitly). Alternatively, prefix the name with `_` to silence this warning:
  [apply] _cm

Note: This linter can be disabled with `set_option linter.unusedVariables false`
info: Frontier/CHD/L6/FPHook.lean:62:0: 'Frontier.CHD.L6.fpHook' depends on axioms: [propext, Classical.choice, Quot.sound]
⚠ [2538/2548] Replayed Frontier.CHD.L6.LevelRoute
warning: Frontier/CHD/L6/LevelRoute.lean:40:42: Variable name `cn` is not explicitly referenced.

Hint: The binding can be removed (if unused) or named `_` (if used implicitly). Alternatively, prefix the name with `_` to silence this warning:
  [apply] _cn

Note: This linter can be disabled with `set_option linter.unusedVariables false`
warning: Frontier/CHD/L6/LevelRoute.lean:40:45: Variable name `cm` is not explicitly referenced.

Hint: The binding can be removed (if unused) or named `_` (if used implicitly). Alternatively, prefix the name with `_` to silence this warning:
  [apply] _cm

Note: This linter can be disabled with `set_option linter.unusedVariables false`
warning: Frontier/CHD/L6/LevelRoute.lean:81:42: Variable name `cn` is not explicitly referenced.

Hint: The binding can be removed (if unused) or named `_` (if used implicitly). Alternatively, prefix the name with `_` to silence this warning:
  [apply] _cn

Note: This linter can be disabled with `set_option linter.unusedVariables false`
warning: Frontier/CHD/L6/LevelRoute.lean:81:45: Variable name `cm` is not explicitly referenced.

Hint: The binding can be removed (if unused) or named `_` (if used implicitly). Alternatively, prefix the name with `_` to silence this warning:
  [apply] _cm

Note: This linter can be disabled with `set_option linter.unusedVariables false`
warning: Frontier/CHD/L6/LevelRoute.lean:123:42: Variable name `cn` is not explicitly referenced.

Hint: The binding can be removed (if unused) or named `_` (if used implicitly). Alternatively, prefix the name with `_` to silence this warning:
  [apply] _cn

Note: This linter can be disabled with `set_option linter.unusedVariables false`
warning: Frontier/CHD/L6/LevelRoute.lean:123:45: Variable name `cm` is not explicitly referenced.

Hint: The binding can be removed (if unused) or named `_` (if used implicitly). Alternatively, prefix the name with `_` to silence this warning:
  [apply] _cm

Note: This linter can be disabled with `set_option linter.unusedVariables false`
info: Frontier/CHD/L6/LevelRoute.lean:177:0: 'Frontier.CHD.L6.chdTarget_of_levels' depends on axioms: [propext, Classical.choice, Quot.sound]
info: Frontier/CHD/L6/LevelRoute.lean:178:0: 'Frontier.CHD.L6.chdProg_of_levels' depends on axioms: [propext, Classical.choice, Quot.sound]
info: Frontier/CHD/L6/LevelRoute.lean:179:0: 'Frontier.CHD.L6.gateC_of_levels' depends on axioms: [propext, Classical.choice, Quot.sound]
⚠ [2540/2548] Replayed Frontier.CHD.L6.Assembly
warning: Frontier/CHD/L6/Assembly.lean:53:42: Variable name `cn` is not explicitly referenced.

Hint: The binding can be removed (if unused) or named `_` (if used implicitly). Alternatively, prefix the name with `_` to silence this warning:
  [apply] _cn

Note: This linter can be disabled with `set_option linter.unusedVariables false`
warning: Frontier/CHD/L6/Assembly.lean:53:45: Variable name `cm` is not explicitly referenced.

Hint: The binding can be removed (if unused) or named `_` (if used implicitly). Alternatively, prefix the name with `_` to silence this warning:
  [apply] _cm

Note: This linter can be disabled with `set_option linter.unusedVariables false`
warning: Frontier/CHD/L6/Assembly.lean:93:42: Variable name `cn` is not explicitly referenced.

Hint: The binding can be removed (if unused) or named `_` (if used implicitly). Alternatively, prefix the name with `_` to silence this warning:
  [apply] _cn

Note: This linter can be disabled with `set_option linter.unusedVariables false`
warning: Frontier/CHD/L6/Assembly.lean:93:45: Variable name `cm` is not explicitly referenced.

Hint: The binding can be removed (if unused) or named `_` (if used implicitly). Alternatively, prefix the name with `_` to silence this warning:
  [apply] _cm

Note: This linter can be disabled with `set_option linter.unusedVariables false`
warning: Frontier/CHD/L6/Assembly.lean:138:42: Variable name `cn` is not explicitly referenced.

Hint: The binding can be removed (if unused) or named `_` (if used implicitly). Alternatively, prefix the name with `_` to silence this warning:
  [apply] _cn

Note: This linter can be disabled with `set_option linter.unusedVariables false`
warning: Frontier/CHD/L6/Assembly.lean:138:45: Variable name `cm` is not explicitly referenced.

Hint: The binding can be removed (if unused) or named `_` (if used implicitly). Alternatively, prefix the name with `_` to silence this warning:
  [apply] _cm

Note: This linter can be disabled with `set_option linter.unusedVariables false`
info: Frontier/CHD/L6/Assembly.lean:186:0: 'Frontier.CHD.L6.callSpec_base' depends on axioms: [propext, Classical.choice, Quot.sound]
info: Frontier/CHD/L6/Assembly.lean:187:0: 'Frontier.CHD.L6.chdTarget_of_step' depends on axioms: [propext, Classical.choice, Quot.sound]
info: Frontier/CHD/L6/Assembly.lean:188:0: 'Frontier.CHD.L6.chdProg_of_step' depends on axioms: [propext, Classical.choice, Quot.sound]
⚠ [2541/2548] Replayed Frontier.CHD.BL2Step
warning: Frontier/CHD/BL2Step.lean:20:53: Variable name `cn` is not explicitly referenced.

Hint: The binding can be removed (if unused) or named `_` (if used implicitly). Alternatively, prefix the name with `_` to silence this warning:
  [apply] _cn

Note: This linter can be disabled with `set_option linter.unusedVariables false`
warning: Frontier/CHD/BL2Step.lean:20:56: Variable name `cm` is not explicitly referenced.

Hint: The binding can be removed (if unused) or named `_` (if used implicitly). Alternatively, prefix the name with `_` to silence this warning:
  [apply] _cm

Note: This linter can be disabled with `set_option linter.unusedVariables false`
info: Frontier/CHD/BL2Step.lean:37:0: 'Frontier.CHD.L6.hFP_of' depends on axioms: [propext, Classical.choice, Quot.sound]
ℹ [2542/2548] Replayed Frontier.CHD.BL2HFP
info: Frontier/CHD/BL2HFP.lean:78:0: 'Frontier.CHD.L6.hFP_chd' depends on axioms: [propext, Classical.choice, Quot.sound]
info: Frontier/CHD/BL2HFP.lean:79:0: 'Frontier.CHD.L6.hD_chd' depends on axioms: [propext, Classical.choice, Quot.sound]
info: Frontier/CHD/BL2HFP.lean:80:0: 'Frontier.CHD.L6.hucapF_chd' depends on axioms: [propext, Classical.choice, Quot.sound]
info: Frontier/CHD/BL2HFP.lean:81:0: 'Frontier.CHD.L6.hPd_chd' depends on axioms: [propext, Classical.choice, Quot.sound]
⚠ [2543/2548] Replayed Frontier.CHD.SpineLoopInst
warning: Frontier/CHD/SpineLoopInst.lean:35:42: Variable name `cn` is not explicitly referenced.

Hint: The binding can be removed (if unused) or named `_` (if used implicitly). Alternatively, prefix the name with `_` to silence this warning:
  [apply] _cn

Note: This linter can be disabled with `set_option linter.unusedVariables false`
warning: Frontier/CHD/SpineLoopInst.lean:35:45: Variable name `cm` is not explicitly referenced.

Hint: The binding can be removed (if unused) or named `_` (if used implicitly). Alternatively, prefix the name with `_` to silence this warning:
  [apply] _cm

Note: This linter can be disabled with `set_option linter.unusedVariables false`
⚠ [2544/2548] Replayed Frontier.CHD.L6.FinalGen
warning: Frontier/CHD/L6/FinalGen.lean:34:42: Variable name `cn` is not explicitly referenced.

Hint: The binding can be removed (if unused) or named `_` (if used implicitly). Alternatively, prefix the name with `_` to silence this warning:
  [apply] _cn

Note: This linter can be disabled with `set_option linter.unusedVariables false`
warning: Frontier/CHD/L6/FinalGen.lean:34:45: Variable name `cm` is not explicitly referenced.

Hint: The binding can be removed (if unused) or named `_` (if used implicitly). Alternatively, prefix the name with `_` to silence this warning:
  [apply] _cm

Note: This linter can be disabled with `set_option linter.unusedVariables false`
info: Frontier/CHD/L6/FinalGen.lean:170:0: 'Frontier.CHD.L6.chdProg_of_DLayer' depends on axioms: [propext, Classical.choice, Quot.sound]
info: Frontier/CHD/L6/FinalGen.lean:171:0: 'Frontier.CHD.L6.hbig160' depends on axioms: [propext, Classical.choice, Quot.sound]
ℹ [2545/2548] Built Frontier.CHD.L6.FinInst (4.8s)
info: Frontier/CHD/L6/FinInst.lean:52:0: 'Frontier.CHD.L6.hFin_of_parts' depends on axioms: [propext, Classical.choice, Quot.sound]
⚠ [2546/2548] Built Frontier.CHD.Final (84s)
warning: Frontier/CHD/Final.lean:40:59: Variable name `cn` is not explicitly referenced.

Hint: The binding can be removed (if unused) or named `_` (if used implicitly). Alternatively, prefix the name with `_` to silence this warning:
  [apply] _cn

Note: This linter can be disabled with `set_option linter.unusedVariables false`
warning: Frontier/CHD/Final.lean:40:62: Variable name `cm` is not explicitly referenced.

Hint: The binding can be removed (if unused) or named `_` (if used implicitly). Alternatively, prefix the name with `_` to silence this warning:
  [apply] _cm

Note: This linter can be disabled with `set_option linter.unusedVariables false`
info: Frontier/CHD/Final.lean:158:0: 'Frontier.CHD.Final.chd_exact_within' depends on axioms: [propext, Classical.choice, Quot.sound]
info: Frontier/CHD/Final.lean:159:0: 'Frontier.CHD.Final.chd_CHDTarget' depends on axioms: [propext, Classical.choice, Quot.sound]
info: Frontier/CHD/Final.lean:160:0: 'Frontier.CHD.Final.chd_gateC' depends on axioms: [propext, Classical.choice, Quot.sound]
✔ [2547/2548] Built Frontier (4.6s)
Build completed successfully (2548 jobs).
EXIT 0
2026-09-20T22:56:52Z
